step,reward,acc,fmt,len,clipped,mem,step_time,lr,ppl_abs_diff,ess,is_weight,clipped_frac,r_std,zero_std,grad,tr_ppl,ro_ppl
1,0.5226,0.3259,0.9911,847.7,0,143.6,57.36,1e-05,0.05466,0.9891,0.9964,0.00135,0.3917,0,0.005249,1.682,1.588
2,0.447,0.2545,0.9821,1026,0.01339,143.7,35.35,1e-05,0.06166,0.9884,0.9951,0.001538,0.3569,0,0.008099,1.736,1.629
3,0.4616,0.2634,0.9955,764.3,0.004464,143.7,43.25,1e-05,0.07093,0.986,0.9932,0.002557,0.3718,0,0.005495,1.712,1.585
4,0.4223,0.2277,0.9866,990.5,0.01339,143.7,49.69,1e-05,0.05809,0.9862,0.9955,0.002214,0.3874,0,0.007236,1.821,1.715
5,0.5447,0.3527,0.9821,926.6,0.01786,143.7,66.7,1e-05,0.06616,0.9807,0.994,0.004123,0.4057,0,0.006265,1.954,1.813
6,0.4335,0.2545,0.9509,1485,0.04464,143.8,39.7,1e-05,0.05121,0.9897,0.9961,0.001411,0.3782,0,0.006276,1.75,1.662
7,0.4377,0.2545,0.9576,1360,0.03571,143.8,88.09,1e-05,0.05125,0.9893,0.9961,0.001594,0.3901,0,0.007689,1.677,1.59
8,0.5245,0.3304,0.9911,1100,0.008929,143.9,65.24,1e-05,0.05323,0.9895,0.9967,0.001524,0.4042,0,0.006061,1.592,1.51
9,0.5481,0.3661,0.9576,1246,0.04018,143.9,52.06,1e-05,0.05254,0.988,0.996,0.001957,0.4053,0,0.008963,1.582,1.5
10,0.508,0.317,0.9821,932.8,0.01786,143.9,61.22,1e-05,0.06766,0.9854,0.9952,0.002091,0.4139,0,0.004823,1.84,1.719
11,0.5984,0.4062,0.9821,989.7,0.01786,143.9,60.44,1e-05,0.06741,0.9839,0.9943,0.003203,0.393,0,0.005766,1.963,1.817
12,0.5569,0.3661,0.9844,1108,0.01786,143.9,41.16,1e-05,0.04841,0.9894,0.9968,0.001687,0.4161,0,0.006534,1.607,1.531
13,0.5252,0.3348,0.9777,1015,0.02232,143.9,57.86,1e-05,0.05836,0.9861,0.9933,0.002566,0.3926,0,0.005049,1.69,1.589
14,0.6702,0.4732,0.9911,762.8,0.004464,143.9,52.57,1e-05,0.05903,0.9898,0.9961,0.001353,0.436,0,0.004083,1.604,1.511
15,0.5509,0.3795,0.9286,1343,0.07143,143.9,68.35,1e-05,0.07538,0.9871,0.9952,0.001981,0.3952,0,0.005617,1.707,1.576
16,0.5546,0.3571,0.9933,715.3,0.004464,143.9,43.31,1e-05,0.06241,0.9847,0.9927,0.002374,0.4188,0,0.004249,1.864,1.746
17,0.5246,0.3304,0.9844,676.2,0.01339,143.9,87.11,1e-05,0.08335,0.985,0.9953,0.00221,0.4414,0,0.006475,1.881,1.734
18,0.5162,0.317,1,588.9,0,143.9,75.67,1e-05,0.08138,0.9861,0.9942,0.00245,0.4229,0,0.004416,1.834,1.69
19,0.5571,0.3571,1,668.8,0,143.9,48.98,1e-05,0.08362,0.9744,0.99,0.005748,0.4379,0,0.003871,2.017,1.823
20,0.5788,0.3795,1,705,0,143.9,37.55,1e-05,0.07044,0.9833,0.9931,0.003119,0.408,0,0.004847,1.903,1.758
21,0.5196,0.3214,0.9955,646.8,0.004464,143.9,29.42,1e-05,0.07423,0.9861,0.9944,0.002206,0.4153,0,0.005294,1.947,1.798
22,0.4996,0.3036,0.9911,1164,0.004464,143.9,81.53,1e-05,0.05313,0.9883,0.9966,0.00145,0.4353,0,0.00795,1.865,1.761
23,0.4252,0.2277,0.9955,1060,0.004464,143.9,66.45,1e-05,0.05846,0.9868,0.9958,0.002375,0.3916,0,0.005856,1.629,1.529
24,0.4091,0.2188,0.9754,1380,0.01786,143.9,77.02,1e-05,0.05028,0.9899,0.9954,0.00154,0.3813,0,0.005643,1.553,1.476
25,0.4701,0.2812,0.9732,1119,0.02679,143.9,59.33,1e-05,0.07173,0.9802,0.9919,0.004332,0.413,0,0.004679,1.873,1.721
26,0.4485,0.2679,0.9554,1344,0.04464,149.9,71.12,1e-05,0.07093,0.9871,0.9953,0.001714,0.4354,0,0.006912,1.806,1.668
27,0.4732,0.2991,0.9375,1434,0.05804,149.9,94.38,1e-05,0.0622,0.9875,0.9949,0.001803,0.4002,0,0.007291,1.742,1.627
28,0.4199,0.2321,0.971,1054,0.02679,149.9,59.29,1e-05,0.0654,0.9854,0.9955,0.002375,0.3848,0,0.006209,1.892,1.766
29,0.5372,0.3393,0.9955,1115,0.004464,149.9,69,1e-05,0.05937,0.9852,0.9951,0.002379,0.4289,0,0.007402,1.771,1.66
30,0.4956,0.3036,0.9821,1136,0.01339,149.9,56.08,1e-05,0.0513,0.9883,0.997,0.001635,0.4406,0,0.008214,1.764,1.67
31,0.6056,0.4062,1,527,0,149.9,40.21,1e-05,0.115,0.9718,0.9853,0.006847,0.4504,0,0.003795,2.018,1.753
32,0.6866,0.4866,1,487.9,0,149.9,46.83,1e-05,0.09935,0.9786,0.9921,0.004843,0.4301,0,0.003224,1.803,1.613
33,0.4561,0.2589,0.9911,870,0.004464,149.9,60.75,1e-05,0.07562,0.9809,0.9928,0.003958,0.3821,0,0.005788,2.044,1.868
34,0.5575,0.3661,0.9777,1242,0.01786,149.9,51.67,1e-05,0.04793,0.9882,0.9969,0.002095,0.3977,0,0.006268,1.617,1.528
35,0.5964,0.4018,0.9911,1263,0.008929,149.9,89.83,1e-05,0.04005,0.992,0.9973,0.0008651,0.4524,0,0.007228,1.483,1.425
36,0.5045,0.308,0.9911,644.7,0.008929,149.9,25,1e-05,0.08726,0.9762,0.9912,0.00515,0.3835,0,0.005023,2.062,1.874
37,0.6455,0.4464,0.9955,757.7,0,149.9,31.82,1e-05,0.08168,0.9779,0.9908,0.00461,0.4616,0,0.005663,1.973,1.798
38,0.7046,0.5089,0.9911,1077,0.008929,149.9,44.08,1e-05,0.04957,0.9867,0.9954,0.002426,0.4326,0,0.007197,1.652,1.561
39,0.4914,0.3036,0.9732,1138,0.02679,149.9,59.62,1e-05,0.06826,0.986,0.9946,0.002308,0.4282,0,0.006455,1.772,1.644
40,0.5723,0.3795,0.9777,816.8,0.01339,149.9,55.42,1e-05,0.07471,0.9828,0.9929,0.002709,0.346,0,0.006329,1.996,1.839
41,0.5415,0.3438,0.9933,1054,0.004464,149.9,50.74,1e-05,0.05325,0.9818,0.9948,0.003452,0.3845,0,0.008064,1.867,1.757
42,0.5783,0.3839,0.9866,953.7,0.01339,149.9,88.66,1e-05,0.06045,0.9843,0.9948,0.002439,0.3996,0,0.005969,2.004,1.875
43,0.5643,0.375,0.9732,1006,0.02679,149.9,76.83,1e-05,0.0479,0.9895,0.9962,0.001468,0.4045,0,0.00578,1.651,1.568
44,0.6118,0.4196,0.9821,1102,0.01786,149.9,59.03,1e-05,0.05043,0.9894,0.9963,0.001495,0.4476,0,0.006953,1.78,1.683
45,0.6509,0.4509,1,656.8,0,149.9,14.41,1e-05,0.08821,0.9805,0.9929,0.004089,0.4314,0,0.004848,1.949,1.764
46,0.5725,0.375,0.9955,984.2,0.004464,149.9,54.11,1e-05,0.07554,0.9819,0.9928,0.003371,0.427,0,0.00458,1.918,1.758
47,0.5732,0.3795,0.9821,792.4,0.01339,149.9,57.85,1e-05,0.08025,0.9858,0.9948,0.001757,0.4554,0,0.006335,2.068,1.895
48,0.6201,0.4241,0.9911,1048,0.008929,149.9,57.88,1e-05,0.05388,0.989,0.997,0.001428,0.4629,0,0.007254,1.885,1.782
49,0.5164,0.3214,0.9911,1064,0.004464,149.9,36.87,1e-05,0.05997,0.9864,0.9955,0.002123,0.4533,0,0.005546,2.048,1.92
50,0.608,0.4196,0.9688,978.5,0.02679,150,93.24,1e-05,0.08051,0.9779,0.9903,0.004752,0.3907,0,0.006897,2.097,1.918
51,0.5926,0.4062,0.971,907.5,0.02679,150,63.46,1e-05,0.08232,0.9815,0.9937,0.003295,0.4582,0,0.006099,2.242,2.062
52,0.538,0.3393,0.9978,743,0,150,32.84,1e-05,0.072,0.9812,0.9929,0.003572,0.4252,0,0.005499,1.976,1.825
53,0.5685,0.3795,0.9732,1003,0.02679,150,62.56,1e-05,0.06195,0.9836,0.9947,0.003162,0.4161,0,0.006262,1.966,1.832
54,0.664,0.4643,1,995.1,0,150,75.99,1e-05,0.07446,0.9755,0.9888,0.005954,0.3916,0,0.006,2.055,1.879
55,0.5944,0.3973,0.9955,1049,0,150,75.86,1e-05,0.06341,0.9855,0.9946,0.002547,0.424,0,0.006709,1.772,1.662
56,0.5701,0.375,0.9888,1177,0.004464,150,80.89,1e-05,0.0678,0.9814,0.9931,0.003983,0.427,0,0.007428,1.836,1.697
57,0.5771,0.3795,0.9955,858.6,0.004464,150,46.12,1e-05,0.06414,0.9838,0.9934,0.002849,0.4389,0,0.006024,1.924,1.783
58,0.6357,0.4375,0.9955,679.8,0.004464,150,31.16,1e-05,0.09237,0.9728,0.9877,0.006385,0.4435,0,0.005242,2.201,1.975
59,0.6411,0.442,0.9955,827.6,0,102.1,55.12,1e-05,0.08857,0.9753,0.9903,0.005927,0.4223,0,0.005256,2.085,1.879
60,0.4806,0.2857,0.9866,1179,0.008929,142.8,89.56,1e-05,0.06641,0.986,0.9929,0.002487,0.4165,0,0.007856,1.774,1.636
61,0.5101,0.317,0.9821,1022,0.01339,142.8,68.1,1e-05,0.05579,0.9893,0.9954,0.001541,0.3582,0,0.00887,1.61,1.526
62,0.5821,0.3884,0.9866,1327,0.01339,142.8,86.77,1e-05,0.0506,0.9882,0.9964,0.001888,0.4637,0,0.007219,1.665,1.58
63,0.5661,0.3705,0.9866,843.5,0.008929,142.8,20.07,1e-05,0.0713,0.9862,0.9965,0.002353,0.4045,0,0.005842,1.696,1.572
64,0.615,0.4152,1,718.8,0,142.8,48.9,1e-05,0.07492,0.9874,0.9957,0.001756,0.397,0,0.005233,1.748,1.617
65,0.5924,0.4018,0.971,997.4,0.01786,142.8,54.75,1e-05,0.05546,0.9899,0.9964,0.001341,0.4272,0,0.005676,1.588,1.501
66,0.5583,0.3705,0.9643,1300,0.02232,142.8,54,1e-05,0.05286,0.9893,0.9964,0.001193,0.4701,0,0.00657,1.936,1.834
67,0.5766,0.3839,0.9844,833.4,0.01339,142.8,45.16,1e-05,0.07704,0.9839,0.993,0.002892,0.4257,0,0.005927,1.841,1.698
68,0.6116,0.4196,0.9777,902.1,0.01786,142.8,62.32,1e-05,0.0612,0.9892,0.9962,0.001535,0.4257,0,0.006396,1.72,1.614
69,0.5938,0.3973,0.9911,918,0.008929,142.8,82.6,1e-05,0.07122,0.9838,0.9923,0.003573,0.461,0,0.006331,1.825,1.681
70,0.6695,0.4732,0.9911,663.6,0.008929,142.8,82.63,1e-05,0.07468,0.9873,0.9957,0.002047,0.4228,0,0.005633,1.738,1.611
71,0.5753,0.3795,0.9911,782.5,0.004464,142.8,36.95,1e-05,0.08002,0.9864,0.9947,0.002263,0.4063,0,0.004564,1.726,1.591
72,0.6063,0.4062,1,734,0,142.8,16.44,1e-05,0.06316,0.9856,0.9952,0.002344,0.4417,0,0.005332,1.687,1.581
73,0.578,0.3839,0.9799,795.2,0.008929,142.8,61.5,1e-05,0.06125,0.985,0.9947,0.00287,0.3903,0,0.006216,1.671,1.568
74,0.4377,0.2455,0.9821,851.1,0.01339,142.8,68.16,1e-05,0.08687,0.9849,0.9932,0.002539,0.3555,0,0.006848,1.797,1.643
75,0.5534,0.3571,0.9911,924.4,0.008929,142.8,57.29,1e-05,0.06168,0.9844,0.9941,0.0031,0.4082,0,0.004867,1.844,1.718
76,0.5827,0.3839,1,936.6,0,142.8,66.04,1e-05,0.06306,0.9831,0.9943,0.003381,0.4315,0,0.006998,1.823,1.698
77,0.5915,0.3973,0.9799,923.8,0.008929,142.8,59.12,1e-05,0.06168,0.9846,0.9945,0.003129,0.3721,0,0.007619,1.781,1.655
78,0.5348,0.3348,1,920.7,0,142.8,65.17,1e-05,0.06012,0.988,0.9943,0.002177,0.4136,0,0.005191,1.62,1.526
79,0.5033,0.308,0.9933,1001,0.004464,142.8,84.67,1e-05,0.06011,0.9875,0.9961,0.002201,0.4217,0,0.005688,1.579,1.483
80,0.4141,0.2321,0.9554,1436,0.04018,142.8,47.53,1e-05,0.05564,0.9872,0.995,0.001956,0.4043,0,0.007591,1.691,1.592
81,0.4583,0.2723,0.9688,1305,0.02679,142.8,58.07,1e-05,0.06414,0.985,0.9937,0.002954,0.4037,0,0.007273,1.671,1.558
82,0.4945,0.2991,0.9911,1202,0.008929,142.8,63.15,9.99e-06,0.06587,0.9876,0.9956,0.00194,0.4226,0,0.006322,1.733,1.604
83,0.5177,0.3214,0.9955,1242,0.004464,142.8,56.06,9.99e-06,0.04994,0.989,0.9969,0.001311,0.4056,0,0.006516,1.768,1.677
84,0.4491,0.2589,0.9777,1213,0.02232,142.8,38.74,9.99e-06,0.05855,0.9892,0.9968,0.001371,0.4255,0,0.00744,1.665,1.565
85,0.5681,0.3705,0.9955,987.6,0.004464,142.8,55,9.99e-06,0.0634,0.9839,0.994,0.003125,0.4376,0,0.005511,1.888,1.742
86,0.4453,0.25,0.9911,1046,0.008929,142.8,66.81,9.99e-06,0.05252,0.9885,0.9969,0.001512,0.4161,0,0.006324,1.77,1.675
87,0.4663,0.2768,0.9777,1301,0.01786,142.8,81.86,9.99e-06,0.05677,0.988,0.9971,0.00181,0.3929,0,0.005895,1.824,1.712
88,0.4392,0.2455,0.9866,959.6,0.008929,142.8,47.35,9.99e-06,0.07027,0.9862,0.995,0.002288,0.3844,0,0.00599,1.945,1.798
89,0.5917,0.4018,0.9799,1083,0.01786,142.8,80.64,9.99e-06,0.09492,0.9774,0.9896,0.005688,0.4095,0,0.004889,1.85,1.663
90,0.7268,0.5268,1,498,0,142.8,42.19,9.99e-06,0.1136,0.9769,0.9852,0.005013,0.4597,0,0.004429,1.839,1.616
91,0.6014,0.4107,0.9821,1398,0.01786,149.9,93.8,9.99e-06,0.04727,0.9897,0.9958,0.001434,0.4503,0,0.008506,1.557,1.484
92,0.5905,0.3929,0.9933,1326,0.004464,149.9,76.85,9.99e-06,0.0424,0.9904,0.9981,0.001395,0.4197,0,0.007203,1.589,1.521
93,0.5621,0.3661,0.9911,865.7,0.008929,149.9,52.07,9.99e-06,0.07862,0.9811,0.9915,0.003541,0.3661,0,0.004916,1.882,1.733
94,0.5277,0.3304,0.9955,778.7,0.004464,149.9,52.84,9.99e-06,0.09234,0.9817,0.9939,0.003889,0.4081,0,0.004805,1.893,1.716
95,0.5598,0.3616,0.9955,644.7,0.004464,149.9,48.04,9.99e-06,0.1019,0.979,0.9928,0.004502,0.3728,0,0.003946,1.96,1.762
96,0.6022,0.4062,0.9911,732.9,0.008929,149.9,68.04,9.99e-06,0.105,0.9844,0.9936,0.002811,0.4536,0,0.006016,1.883,1.685
97,0.5349,0.3438,0.9821,1312,0.01786,149.9,71.42,9.99e-06,0.03778,0.9915,0.9977,0.001068,0.379,0,0.007699,1.469,1.413
98,0.514,0.3259,0.9777,1270,0.02232,149.9,84.4,9.99e-06,0.04682,0.9883,0.9964,0.001732,0.4092,0,0.007004,1.627,1.547
99,0.5592,0.3616,0.9955,772.1,0.004464,149.9,42.32,9.99e-06,0.07732,0.9856,0.9952,0.002514,0.4437,0,0.004982,2.007,1.849
100,0.6334,0.4375,0.9911,1151,0.008929,149.9,56.91,9.99e-06,0.05829,0.9836,0.9937,0.003494,0.4711,0,0.009624,1.94,1.812
101,0.5813,0.3839,0.9866,766.9,0,149.9,39.99,9.99e-06,0.07156,0.9802,0.9937,0.004316,0.4462,0,0.006256,2.225,2.051
102,0.6821,0.4821,1,707.3,0,149.9,18.33,9.99e-06,0.07555,0.9854,0.9953,0.001905,0.4871,0,0.005822,2.088,1.931
103,0.5482,0.3482,1,673.2,0,149.9,41.26,9.99e-06,0.08807,0.9803,0.9916,0.003787,0.4479,0,0.005904,2.08,1.896
104,0.6351,0.442,0.9844,855.6,0.01339,150,96,9.99e-06,0.0658,0.9866,0.9971,0.001759,0.4542,0,0.005596,1.948,1.822
105,0.6098,0.4241,0.9688,1146,0.03125,150,92.31,9.99e-06,0.07196,0.9829,0.9952,0.003404,0.4422,0,0.008265,1.976,1.827
106,0.6448,0.4464,0.9933,1038,0,150,52.43,9.99e-06,0.05949,0.9865,0.9954,0.00236,0.4237,0,0.005942,1.74,1.634
107,0.548,0.3527,0.9888,855.1,0.008929,150,85.21,9.99e-06,0.06868,0.9839,0.9939,0.002812,0.4257,0,0.005173,1.706,1.587
108,0.5819,0.3884,0.9821,1118,0.008929,150,72.14,9.99e-06,0.06673,0.9831,0.9946,0.003422,0.3959,0,0.006234,1.855,1.72
109,0.6865,0.4866,1,909.9,0,150,61.03,9.99e-06,0.07351,0.9786,0.9927,0.00465,0.4539,0,0.005121,1.981,1.804
110,0.5903,0.3929,0.9955,923,0.004464,150,33.33,9.99e-06,0.0631,0.9841,0.9951,0.003098,0.424,0,0.005793,1.812,1.676
111,0.5971,0.3973,1,738.1,0,150,33.02,9.99e-06,0.0674,0.9874,0.996,0.00199,0.3969,0,0.004463,1.587,1.479
112,0.7134,0.5134,1,684.4,0,150,73.7,9.99e-06,0.07154,0.9865,0.9959,0.002688,0.4283,0,0.004165,1.7,1.58
113,0.5263,0.3304,0.9866,1019,0.004464,70.99,55.69,9.99e-06,0.05497,0.9888,0.9956,0.001886,0.3832,0,0.006471,1.596,1.512
114,0.5613,0.3661,0.9911,1155,0.008929,70.99,56.45,9.99e-06,0.06252,0.984,0.993,0.003478,0.3903,0,0.006665,1.801,1.668
115,0.431,0.2366,0.9866,1097,0.01339,70.99,68.38,9.99e-06,0.07623,0.981,0.9908,0.003547,0.3753,0,0.008754,2.017,1.846
116,0.4736,0.2768,0.9911,984.4,0.004464,70.99,78.88,9.99e-06,0.08074,0.9796,0.993,0.004459,0.4062,0,0.005111,2.017,1.839
117,0.5557,0.3571,0.9955,907.8,0,70.99,28.74,9.99e-06,0.06563,0.9848,0.9948,0.002201,0.408,0,0.006641,2.079,1.941
118,0.6429,0.4464,0.9911,633.4,0.008929,84.88,42.77,9.99e-06,0.09558,0.985,0.9944,0.002388,0.4362,0,0.006863,2.096,1.891
119,0.5366,0.3393,0.9911,931.9,0.004464,84.88,41.74,9.99e-06,0.0617,0.9878,0.9939,0.002202,0.4168,0,0.00556,1.611,1.516
120,0.5951,0.3973,0.9911,786,0,84.88,34.36,9.99e-06,0.07936,0.9824,0.9925,0.003774,0.4355,0,0.007308,1.79,1.646
121,0.5138,0.3214,0.9821,981.7,0.01339,84.88,42.12,9.99e-06,0.07271,0.9846,0.9938,0.002617,0.3747,0,0.005051,1.904,1.755
122,0.5732,0.3795,0.9777,901.2,0.008929,84.88,33.61,9.99e-06,0.07322,0.9829,0.994,0.003264,0.4235,0,0.006245,1.888,1.747
123,0.5701,0.3705,1,755,0,84.88,51.92,9.99e-06,0.09412,0.9731,0.9881,0.006225,0.4446,0,0.006149,2.02,1.82
124,0.4934,0.2991,0.9866,1045,0.008929,84.88,65.65,9.99e-06,0.06494,0.9848,0.993,0.002604,0.3887,0,0.007555,1.792,1.68
125,0.5352,0.3393,0.9911,975.5,0.008929,84.88,74.58,9.99e-06,0.0613,0.9877,0.996,0.002251,0.3936,0,0.00616,1.669,1.57
126,0.5911,0.4018,0.9821,1381,0.01786,84.88,91.02,9.99e-06,0.04855,0.9896,0.9968,0.001189,0.3922,0,0.006845,1.661,1.581
127,0.5725,0.3839,0.9732,1147,0.02679,84.88,58.44,9.99e-06,0.05926,0.9857,0.9951,0.00256,0.4122,0,0.0068,1.657,1.557
128,0.5675,0.3705,0.9955,1141,0.004464,84.88,61.05,9.99e-06,0.0628,0.9852,0.9949,0.002515,0.4081,0,0.006651,1.833,1.719
129,0.5761,0.3795,0.9955,1170,0.004464,84.88,54.08,9.99e-06,0.05463,0.9881,0.9969,0.002059,0.406,0,0.005423,1.693,1.601
130,0.5626,0.3661,0.9955,1180,0.004464,84.88,67.51,9.99e-06,0.05071,0.989,0.9959,0.001735,0.3775,0,0.005182,1.558,1.481
131,0.5696,0.3705,0.9955,696.8,0,84.88,37.38,9.99e-06,0.05566,0.9873,0.9962,0.001861,0.4068,0,0.004464,1.895,1.792
132,0.6811,0.4866,0.9866,807.6,0.008929,84.88,40.48,9.99e-06,0.07428,0.9869,0.9945,0.002381,0.4649,0,0.005016,1.813,1.678
133,0.6552,0.4554,1,806.2,0,84.88,53.94,9.99e-06,0.08931,0.9776,0.9914,0.004826,0.4803,0,0.00659,2.01,1.819
134,0.6826,0.4866,0.9911,640.2,0.004464,84.88,43.13,9.99e-06,0.07571,0.9876,0.995,0.002158,0.4315,0,0.005228,1.689,1.564
135,0.5936,0.3973,0.9911,835.9,0.004464,84.88,64.58,9.99e-06,0.05902,0.9889,0.9955,0.001265,0.434,0,0.007315,1.819,1.711
136,0.7125,0.5134,0.9955,704.4,0,84.88,25.22,9.99e-06,0.06138,0.9876,0.995,0.001902,0.4551,0,0.005126,1.724,1.62
137,0.642,0.4464,0.9888,869.5,0.008929,84.88,42.51,9.99e-06,0.07219,0.9864,0.9954,0.002046,0.4301,0,0.007004,1.694,1.575
138,0.6777,0.4866,0.9777,894,0.02232,84.88,56.83,9.99e-06,0.07165,0.9867,0.9946,0.002405,0.438,0,0.00528,1.748,1.63
139,0.6128,0.4152,0.9955,727.3,0.004464,84.88,37.64,9.99e-06,0.06344,0.988,0.996,0.001987,0.4038,0,0.004802,1.813,1.696
140,0.673,0.4732,1,768.1,0,84.88,48.87,9.99e-06,0.07034,0.9861,0.9936,0.002504,0.4654,0,0.005682,1.706,1.58
141,0.658,0.4643,0.9821,933.6,0.01339,84.88,41.36,9.98e-06,0.05553,0.99,0.9965,0.001166,0.4003,0,0.005696,1.721,1.627
142,0.6444,0.4598,0.9643,1287,0.03571,84.88,55.49,9.98e-06,0.05235,0.9878,0.9967,0.00182,0.4385,0,0.006556,1.701,1.61
143,0.5281,0.3348,0.9844,975,0.01339,84.88,52.7,9.98e-06,0.0869,0.976,0.9886,0.006446,0.3665,0,0.004505,1.93,1.734
144,0.5797,0.3839,0.9911,650.4,0.008929,84.88,61.93,9.98e-06,0.08503,0.9853,0.9938,0.002418,0.4199,0,0.004466,1.725,1.581
145,0.7022,0.5089,0.9911,963,0.008929,84.88,90.27,9.98e-06,0.08533,0.9854,0.9942,0.002728,0.4474,0,0.004808,1.765,1.608
146,0.5732,0.375,0.9955,693.5,0.004464,84.88,68.94,9.98e-06,0.08221,0.9832,0.9946,0.00327,0.4192,0,0.006812,1.906,1.754
147,0.6525,0.4598,0.9799,945.5,0.01339,84.88,75.84,9.98e-06,0.07698,0.9853,0.9945,0.002996,0.4297,0,0.007766,1.85,1.71
148,0.5915,0.3973,0.9844,993.9,0.01339,84.88,49.57,9.98e-06,0.0608,0.9843,0.9941,0.003109,0.4055,0,0.005432,1.743,1.625
149,0.5191,0.3214,0.9955,1076,0.004464,84.88,45.54,9.98e-06,0.06703,0.9823,0.9946,0.003778,0.3993,0,0.006528,2.02,1.862
150,0.5525,0.3661,0.9643,1234,0.02679,84.88,37.83,9.98e-06,0.07478,0.9877,0.9955,0.001844,0.4355,0,0.006791,1.847,1.704
151,0.6884,0.4911,0.9955,934.2,0.004464,84.88,37.13,9.98e-06,0.07955,0.9865,0.995,0.001966,0.4589,0,0.006347,1.761,1.617
152,0.5438,0.3438,1,739.4,0,84.88,38.96,9.98e-06,0.06858,0.9869,0.9949,0.002362,0.4329,0,0.004427,1.784,1.66
153,0.5982,0.4018,0.9911,1162,0.008929,84.88,49.48,9.98e-06,0.06269,0.9821,0.9945,0.003852,0.43,0,0.008316,1.845,1.713
154,0.4547,0.2634,0.9821,1280,0.01786,84.88,38.61,9.98e-06,0.05973,0.9862,0.9942,0.002249,0.4061,0,0.01342,1.783,1.673
155,0.5169,0.317,1,871.6,0,84.88,27.22,9.98e-06,0.06748,0.9805,0.9916,0.004027,0.4015,0,0.005698,1.925,1.782
156,0.6852,0.4911,0.9866,1090,0.01339,84.88,58.1,9.98e-06,0.06649,0.9794,0.9919,0.004462,0.4078,0,0.005597,1.919,1.769
157,0.7121,0.5134,0.9978,772.4,0,84.88,32.57,9.98e-06,0.06618,0.9869,0.9977,0.00208,0.4435,0,0.005994,1.696,1.578
158,0.5426,0.3482,0.9866,1053,0.008929,84.88,74.66,9.98e-06,0.06589,0.9825,0.9941,0.003454,0.3748,0,0.005054,1.786,1.655
159,0.6768,0.4777,0.9955,705.2,0,84.88,51.57,9.98e-06,0.07645,0.9776,0.992,0.004999,0.4188,0,0.004914,1.996,1.824
160,0.646,0.4509,0.9911,918.7,0.008929,84.88,58.95,9.98e-06,0.05295,0.9899,0.9962,0.001289,0.4165,0,0.005288,1.556,1.474
161,0.4083,0.2098,1,983.1,0,84.88,67.92,9.98e-06,0.05133,0.9887,0.9955,0.002068,0.3439,0,0.005859,1.53,1.452
162,0.4272,0.2277,0.9978,841.8,0,84.88,70.33,9.98e-06,0.0662,0.9841,0.9915,0.003373,0.3946,0,0.00576,1.584,1.477
163,0.4974,0.2991,0.9933,885.2,0,84.88,53.47,9.98e-06,0.05147,0.9888,0.9969,0.001861,0.3835,0,0.006003,1.504,1.427
164,0.473,0.2812,0.9844,1289,0.01339,84.88,79.43,9.98e-06,0.05075,0.99,0.9966,0.001383,0.4215,0,0.007427,1.644,1.558
165,0.4117,0.2277,0.9688,1268,0.03125,84.88,45.48,9.98e-06,0.06473,0.9846,0.9949,0.003149,0.3923,0,0.005814,1.9,1.76
166,0.4759,0.2812,0.9911,1144,0.008929,84.88,62.77,9.98e-06,0.06108,0.9846,0.9943,0.002928,0.4543,0,0.005964,1.847,1.715
167,0.5851,0.3884,0.9933,1187,0.004464,84.88,55.45,9.98e-06,0.05163,0.9907,0.9973,0.00129,0.4523,0,0.006979,1.64,1.552
168,0.4652,0.2768,0.9688,1294,0.02679,84.88,44.91,9.98e-06,0.05999,0.9881,0.9959,0.002125,0.397,0,0.005301,1.688,1.582
169,0.6664,0.4688,0.9933,748,0,84.88,30.89,9.98e-06,0.08251,0.9847,0.9942,0.00257,0.4466,0,0.004851,1.951,1.786
170,0.575,0.3795,0.9866,759.7,0.008929,84.88,36.75,9.98e-06,0.081,0.9818,0.9937,0.003844,0.47,0,0.004464,1.936,1.778
171,0.6533,0.4643,0.9732,957.8,0.02679,84.88,43.94,9.98e-06,0.08234,0.982,0.9944,0.003197,0.4542,0,0.006096,2.012,1.84
172,0.4625,0.2812,0.9576,1402,0.03125,84.88,67.75,9.98e-06,0.06355,0.984,0.9947,0.003302,0.4352,0,0.00648,1.798,1.672
173,0.5506,0.3571,0.9866,1213,0.008929,84.88,37.78,9.98e-06,0.06278,0.9842,0.9936,0.002831,0.4131,0,0.005986,1.869,1.748
174,0.6269,0.4375,0.9821,1374,0.01786,84.88,68.94,9.98e-06,0.05833,0.9895,0.9963,0.0014,0.3894,0,0.007503,1.726,1.618
175,0.4908,0.308,0.9554,1329,0.03571,85.06,61.82,9.98e-06,0.05267,0.9899,0.997,0.001182,0.4044,0,0.005135,1.736,1.636
176,0.4857,0.2902,0.9866,738.3,0.008929,85.06,29.2,9.98e-06,0.0951,0.9813,0.9896,0.003793,0.4297,0,0.006123,1.81,1.646
177,0.5079,0.3214,0.971,1259,0.02679,85.07,82.95,9.98e-06,0.06081,0.9877,0.9965,0.002112,0.4239,0,0.00891,1.78,1.662
178,0.5411,0.3438,0.9911,1197,0.004464,44.31,35.11,9.98e-06,0.05149,0.9878,0.9955,0.002134,0.4205,0,0.00914,1.671,1.59
179,0.6175,0.4241,0.9866,1315,0.008929,44.31,60.95,9.98e-06,0.07916,0.9829,0.9941,0.003342,0.4499,0,0.007508,1.8,1.648
180,0.4941,0.308,0.9688,1430,0.02679,49.94,60.92,9.98e-06,0.06107,0.9871,0.9951,0.002147,0.3957,0,0.006584,1.721,1.618
181,0.4555,0.2723,0.9598,1454,0.03571,49.94,67.41,9.98e-06,0.05378,0.9882,0.9957,0.001755,0.3803,0,0.006126,1.718,1.63
182,0.5414,0.3571,0.9598,1458,0.02679,84.92,59.97,9.97e-06,0.06785,0.9858,0.9944,0.00246,0.441,0,0.00782,1.849,1.721
183,0.6714,0.4777,0.9821,1045,0.01339,84.92,63.33,9.97e-06,0.088,0.9791,0.9911,0.004116,0.4801,0,0.006616,2.08,1.873
184,0.6218,0.4241,0.9933,1057,0,84.92,60.18,9.97e-06,0.06034,0.9866,0.9951,0.002447,0.4569,0,0.006059,1.711,1.615
185,0.535,0.3393,0.9888,1206,0.004464,84.92,56.95,9.97e-06,0.07607,0.9814,0.9903,0.003885,0.4125,0,0.007492,1.878,1.725
186,0.5516,0.3571,0.9866,1198,0.008929,84.92,67.95,9.97e-06,0.04788,0.989,0.996,0.001734,0.3852,0,0.009715,1.563,1.491
187,0.5205,0.3214,0.9955,840.6,0,84.92,44.43,9.97e-06,0.07128,0.9819,0.9912,0.003623,0.4255,0,0.005558,1.946,1.799
188,0.589,0.3929,0.9911,1037,0,84.92,43.34,9.97e-06,0.05364,0.9876,0.9962,0.00181,0.4176,0,0.00537,1.705,1.609
189,0.6519,0.4554,0.9888,1047,0.004464,84.92,40.06,9.97e-06,0.05831,0.9868,0.9952,0.001769,0.4402,0,0.005389,1.811,1.668
190,0.6695,0.4821,0.9732,1317,0.02679,84.92,65.73,9.97e-06,0.04306,0.9889,0.9961,0.001879,0.4414,0,0.006533,1.624,1.55
191,0.6487,0.4554,0.9799,942.9,0.01339,84.92,51.61,9.97e-06,0.06589,0.9832,0.9937,0.002875,0.4254,0,0.007471,1.922,1.783
192,0.5173,0.3214,0.9933,996.6,0.004464,84.92,60.45,9.97e-06,0.06525,0.988,0.9953,0.00185,0.3718,0,0.007782,1.642,1.528
193,0.6678,0.4688,1,901.1,0,84.92,30.5,9.97e-06,0.07649,0.9774,0.9897,0.005073,0.3769,0,0.006163,1.882,1.715
194,0.7429,0.5446,0.9955,912.8,0,84.92,57.41,9.97e-06,0.07357,0.9779,0.9914,0.004909,0.4629,0,0.005483,1.942,1.777
195,0.6348,0.442,0.9821,964.6,0.01786,84.92,67.4,9.97e-06,0.06046,0.9875,0.9958,0.001953,0.4232,0,0.00693,1.605,1.509
196,0.6152,0.4152,1,787.4,0,84.92,44.62,9.97e-06,0.07163,0.9843,0.994,0.002812,0.3914,0,0.005082,1.771,1.643
197,0.7027,0.5045,0.9955,767.9,0.004464,84.92,44.48,9.97e-06,0.05689,0.989,0.9956,0.001319,0.4217,0,0.00672,1.719,1.623
198,0.4589,0.2679,0.9732,911.9,0.01339,84.92,47.91,9.97e-06,0.08624,0.9784,0.991,0.004731,0.4068,0,0.007323,2.106,1.909
199,0.5661,0.375,0.9777,983,0.02232,84.92,58.14,9.97e-06,0.08211,0.979,0.9909,0.004513,0.4525,0,0.006098,2.059,1.868
200,0.6525,0.4554,0.9911,721,0.004464,84.92,50.03,9.97e-06,0.06586,0.9892,0.9952,0.00149,0.4445,0,0.005363,1.678,1.567
201,0.6351,0.442,0.9821,921.1,0.01339,84.92,48.94,9.97e-06,0.06695,0.9834,0.9928,0.003101,0.4309,0,0.005124,1.801,1.67
202,0.6,0.4018,0.9955,707.5,0.004464,84.92,44.98,9.97e-06,0.1001,0.9724,0.9871,0.006921,0.4427,0,0.004659,2.013,1.792
203,0.7291,0.5312,0.9955,765.1,0,84.92,37.84,9.97e-06,0.05855,0.9887,0.9953,0.00172,0.3455,0,0.004766,1.625,1.532
204,0.6778,0.4821,0.9821,919.5,0,84.92,34.05,9.97e-06,0.05937,0.9883,0.9955,0.001583,0.422,0,0.006232,1.663,1.568
205,0.683,0.4866,0.9911,778.1,0.008929,84.92,51.05,9.97e-06,0.06637,0.9881,0.9959,0.001793,0.4539,0,0.00533,1.693,1.582
206,0.6195,0.4241,0.9866,835.4,0.008929,84.92,62.23,9.97e-06,0.07315,0.9812,0.9923,0.00364,0.4886,0,0.005588,1.95,1.805
207,0.5357,0.3393,0.9911,652.2,0.008929,84.92,81.84,9.97e-06,0.07571,0.9875,0.9945,0.001968,0.4125,0,0.006129,1.676,1.553
208,0.4737,0.2768,0.9955,746.3,0.004464,84.92,81.5,9.97e-06,0.09239,0.9832,0.993,0.003047,0.4165,0,0.005922,1.85,1.682
209,0.6424,0.4464,0.9911,686.6,0.008929,84.92,56.41,9.97e-06,0.09378,0.986,0.9928,0.002218,0.446,0,0.004387,1.875,1.705
210,0.5465,0.3482,0.9955,959.1,0,84.92,73.68,9.97e-06,0.07622,0.9865,0.9939,0.002265,0.3916,0,0.006727,1.715,1.59
211,0.6681,0.4688,1,757.5,0,84.92,39.11,9.97e-06,0.07147,0.9824,0.992,0.003073,0.4365,0,0.00524,1.917,1.765
212,0.6239,0.4286,0.9888,1004,0.008929,84.92,74.02,9.97e-06,0.05272,0.9897,0.996,0.001307,0.4244,0,0.004588,1.567,1.483
213,0.6241,0.4241,1,750.5,0,84.92,47.79,9.97e-06,0.06918,0.9802,0.9931,0.00416,0.4352,0,0.00564,1.759,1.627
214,0.5956,0.3973,0.9955,827,0,84.92,83.66,9.97e-06,0.06634,0.9837,0.9934,0.003321,0.4041,0,0.004287,1.712,1.586
215,0.7196,0.5223,0.9933,814.5,0.004464,84.92,54.35,9.97e-06,0.08721,0.9825,0.9932,0.003348,0.3991,0,0.004962,2.299,1.753
216,0.5909,0.3929,0.9955,809.4,0,84.92,89.65,9.96e-06,0.1113,0.972,0.9847,0.007647,0.385,0,0.004975,1.917,1.678
217,0.5324,0.3348,0.9888,1079,0,84.92,54.37,9.96e-06,0.05803,0.9852,0.9949,0.003082,0.3876,0,0.006611,1.635,1.542
218,0.4205,0.2232,0.9911,1092,0.004464,84.92,72.85,9.96e-06,0.04751,0.9882,0.9957,0.002102,0.4035,0,0.006148,1.583,1.507
219,0.4421,0.2455,0.9911,1013,0.004464,84.92,81.21,9.96e-06,0.08072,0.9826,0.993,0.004012,0.4,0,0.00535,1.681,1.538
220,0.5276,0.3393,0.9732,1317,0.02679,84.92,58.2,9.96e-06,0.06381,0.9879,0.9966,0.001874,0.4155,0,0.006307,1.853,1.724
221,0.6563,0.4598,0.9955,901.6,0.004464,84.92,46.19,9.96e-06,0.1094,0.9791,0.9917,0.004443,0.446,0,0.005277,2.019,1.799
222,0.45,0.2589,0.9754,1447,0.01339,84.92,77.68,9.96e-06,0.05202,0.9901,0.9979,0.00162,0.4203,0,0.007937,1.635,1.535
223,0.5764,0.3839,0.9821,1234,0.01786,84.92,73.13,9.96e-06,0.04999,0.9904,0.9966,0.0009717,0.4353,0,0.005522,1.664,1.573
224,0.4274,0.2321,0.9911,1251,0.008929,84.92,32.99,9.96e-06,0.06261,0.9828,0.9926,0.003233,0.4041,0,0.007442,1.834,1.703
225,0.6432,0.4464,0.9933,827.3,0.004464,84.92,46.11,9.96e-06,0.09283,0.9754,0.99,0.005874,0.4371,0,0.006868,1.888,1.704
226,0.4139,0.2366,0.9464,1446,0.04464,84.92,61.18,9.96e-06,0.05995,0.9848,0.9943,0.002908,0.401,0,0.007356,1.923,1.795
227,0.491,0.2991,0.9799,1178,0.01786,84.92,59.88,9.96e-06,0.06274,0.9839,0.9939,0.002772,0.4534,0,0.006236,1.948,1.815
228,0.4712,0.2768,0.9866,1004,0.01339,84.92,63.37,9.96e-06,0.0915,0.9776,0.9895,0.004922,0.4313,0,0.005357,2.029,1.822
229,0.6251,0.433,0.9821,992.9,0.01786,84.92,55.24,9.96e-06,0.06284,0.9806,0.9922,0.003733,0.4067,0,0.005793,1.69,1.582
230,0.4156,0.2188,0.9933,951.4,0.004464,84.92,69.13,9.96e-06,0.06793,0.9847,0.9944,0.002577,0.3719,0,0.006266,1.954,1.812
231,0.4832,0.2902,0.9821,1169,0.01339,84.92,65.33,9.96e-06,0.06331,0.9867,0.9962,0.002228,0.362,0,0.006622,1.885,1.757
232,0.6125,0.4152,0.9911,645.3,0.004464,84.92,21.56,9.96e-06,0.08499,0.976,0.9914,0.005768,0.4316,0,0.005448,2.025,1.836
233,0.5,0.308,0.9821,929.3,0.01786,84.92,63.36,9.96e-06,0.09235,0.9766,0.9903,0.004661,0.4139,0,0.005115,2.045,1.844
234,0.4673,0.2723,0.9866,993.1,0.008929,84.92,60.9,9.96e-06,0.05445,0.9875,0.9949,0.001887,0.3742,0,0.007444,1.724,1.631
235,0.5384,0.3393,1,1115,0,84.92,49.39,9.96e-06,0.06231,0.9853,0.9957,0.002539,0.3975,0,0.005325,1.834,1.714
236,0.5055,0.317,0.9732,1428,0.02679,70.64,66.15,9.96e-06,0.05383,0.9835,0.993,0.003013,0.4149,0,0.007776,1.735,1.632
237,0.5872,0.3884,1,904.8,0,70.64,53.43,9.96e-06,0.0584,0.9885,0.9956,0.001556,0.4051,0,0.005909,1.84,1.735
238,0.5192,0.3259,0.9844,1295,0.01339,70.64,69.47,9.96e-06,0.04291,0.9894,0.9971,0.001516,0.4032,0,0.01168,1.659,1.592
239,0.5113,0.3125,0.9955,968.3,0,70.64,32.3,9.96e-06,0.08334,0.986,0.9946,0.002739,0.3754,0,0.007418,1.851,1.622
240,0.6025,0.4107,0.9777,1088,0.01339,70.64,75.65,9.96e-06,0.07162,0.9859,0.9942,0.002356,0.4376,0,0.005284,1.674,1.554
241,0.641,0.442,1,943.4,0,70.64,46.11,9.96e-06,0.05927,0.9871,0.995,0.001913,0.4113,0,0.005503,1.622,1.528
242,0.5387,0.3393,1,747.8,0,70.64,33.67,9.96e-06,0.0722,0.9851,0.9941,0.002371,0.4549,0,0.005754,1.769,1.641
243,0.526,0.3304,0.9911,995.8,0.008929,70.64,44.29,9.96e-06,0.06477,0.9805,0.9922,0.00392,0.4541,0,0.006624,1.885,1.747
244,0.5572,0.3616,0.9844,875.4,0.004464,70.64,51.85,9.96e-06,0.07683,0.9806,0.9927,0.004038,0.4496,0,0.006565,1.897,1.737
245,0.5732,0.375,0.9955,863.9,0.004464,70.64,27.87,9.95e-06,0.07314,0.9788,0.9916,0.004365,0.4125,0,0.006331,1.878,1.725
246,0.6215,0.4286,0.9821,1042,0.008929,70.64,92.82,9.95e-06,0.06824,0.9837,0.9941,0.002847,0.4615,0,0.006888,1.784,1.653
247,0.7153,0.5179,0.9955,923,0.004464,70.64,52.5,9.95e-06,0.05628,0.9885,0.9959,0.001257,0.4284,0,0.007529,1.602,1.514
248,0.6446,0.4464,0.9955,848.7,0.004464,70.64,49.97,9.95e-06,0.06287,0.987,0.9938,0.002013,0.4115,0,0.006508,1.694,1.591
249,0.5203,0.3214,1,920.4,0,70.64,59.84,9.95e-06,0.08147,0.9769,0.9914,0.004711,0.3828,0,0.005728,2.092,1.905
250,0.679,0.4821,0.9911,795.7,0.004464,70.64,38.03,9.95e-06,0.05395,0.9907,0.9957,0.001142,0.3769,0,0.004122,1.575,1.487
251,0.8009,0.6027,0.9911,655.6,0,70.64,15.26,9.95e-06,0.07088,0.9877,0.9948,0.00176,0.4382,0,0.003852,1.742,1.612
252,0.7623,0.5625,1,608.4,0,70.64,44.16,9.95e-06,0.09352,0.9822,0.993,0.003195,0.3945,0,0.004565,1.903,1.719
253,0.6911,0.4911,1,689,0,70.64,33.9,9.95e-06,0.05746,0.9902,0.9962,0.001179,0.4454,0,0.004488,1.692,1.594
254,0.658,0.4598,0.9955,767.3,0.004464,70.64,48.69,9.95e-06,0.05409,0.9898,0.9965,0.00134,0.4299,0,0.00558,1.65,1.561
255,0.5199,0.3214,0.9955,851.7,0,70.64,36.73,9.95e-06,0.08358,0.9745,0.9896,0.006178,0.4187,0,0.005222,2.256,2.043
256,0.6533,0.4554,0.9911,956.5,0,70.64,29.56,9.95e-06,0.06769,0.9819,0.9924,0.003508,0.4337,0,0.007261,1.999,1.842
257,0.6872,0.4911,0.9888,932.6,0.004464,70.64,43.54,9.95e-06,0.06233,0.9872,0.9948,0.001895,0.3706,0,0.00533,1.717,1.611
258,0.749,0.5536,0.9866,821.3,0.008929,70.64,55.54,9.95e-06,0.0551,0.9895,0.9969,0.001481,0.4169,0,0.004785,1.663,1.571
259,0.6595,0.4643,0.9888,820.2,0.008929,70.64,49.87,9.95e-06,0.07253,0.98,0.9934,0.004335,0.3771,0,0.006285,2.066,1.906
260,0.6239,0.4286,0.9888,1125,0.008929,70.64,61.43,9.95e-06,0.06757,0.9825,0.9935,0.003404,0.4449,0,0.007425,2.032,1.881
261,0.6331,0.4375,0.9866,968.7,0.004464,70.64,71.93,9.95e-06,0.04892,0.9897,0.9965,0.001201,0.435,0,0.006181,1.718,1.634
262,0.5873,0.3929,0.9866,942.3,0.008929,70.64,76.18,9.95e-06,0.08315,0.9815,0.993,0.003758,0.4369,0,0.01313,1.905,1.744
263,0.5733,0.375,0.9955,598.9,0,70.64,62.01,9.95e-06,0.08463,0.9854,0.9944,0.002407,0.4345,0,0.005356,1.715,1.576
264,0.6013,0.4018,1,600.1,0,70.64,51.84,9.95e-06,0.09082,0.9823,0.9941,0.003647,0.4448,0,0.004718,1.8,1.643
265,0.5284,0.3348,0.9821,777.9,0.01339,70.64,77.06,9.95e-06,0.07659,0.9874,0.9948,0.002028,0.4454,0,0.005877,1.738,1.609
266,0.6955,0.5,0.9911,934.1,0.008929,70.64,75.24,9.95e-06,0.06131,0.9838,0.9933,0.002966,0.4333,0,0.00436,1.724,1.602
267,0.6108,0.4152,0.9888,1030,0.004464,70.64,39.77,9.95e-06,0.08589,0.9697,0.9853,0.008104,0.355,0,0.008992,2.164,1.932
268,0.6709,0.4777,0.9821,1042,0.01339,84.82,75.97,9.95e-06,0.07567,0.9782,0.9912,0.004928,0.3854,0,0.005295,1.975,1.802
269,0.7882,0.5893,0.9955,775.7,0,84.82,71.27,9.95e-06,0.0684,0.9814,0.993,0.00407,0.452,0,0.005853,1.787,1.651
270,0.6741,0.4777,0.9888,950.1,0.004464,84.82,66.43,9.95e-06,0.05978,0.9841,0.9941,0.002614,0.4294,0,0.005319,1.789,1.669
271,0.5479,0.3482,1,806.4,0,84.82,71.02,9.94e-06,0.05923,0.9887,0.9955,0.002065,0.396,0,0.005323,1.528,1.437
272,0.4563,0.2589,0.9911,781.4,0.004464,84.82,48.9,9.94e-06,0.07307,0.9848,0.9933,0.003039,0.3957,0,0.005195,1.661,1.541
273,0.4629,0.2634,0.9978,770.7,0,84.82,67.11,9.94e-06,0.07058,0.981,0.9926,0.004543,0.4074,0,0.005528,1.637,1.509
274,0.4795,0.2812,0.9911,812.1,0,84.82,42.87,9.94e-06,0.07835,0.9791,0.9886,0.005226,0.4293,0,0.004919,1.587,1.453
275,0.6109,0.4152,0.9911,1093,0.008929,84.82,55.18,9.94e-06,0.06502,0.9881,0.9957,0.001713,0.4632,0,0.005448,1.821,1.699
276,0.5293,0.3348,0.9866,1092,0.008929,84.82,56,9.94e-06,0.06306,0.9876,0.9953,0.001842,0.4233,0,0.006827,1.715,1.605
277,0.4873,0.2946,0.9888,1386,0.01339,84.89,73.37,9.94e-06,0.06111,0.9874,0.9955,0.002014,0.434,0,0.007584,1.766,1.644
278,0.5918,0.4018,0.9777,1094,0.02232,84.89,90.93,9.94e-06,0.0825,0.9803,0.9929,0.00373,0.458,0,0.006163,1.992,1.819
279,0.4676,0.2812,0.9643,1472,0.03125,84.89,52.62,9.94e-06,0.05761,0.9895,0.9961,0.001331,0.4343,0,0.00646,1.653,1.547
280,0.4755,0.2812,0.9866,1049,0.01339,84.89,62.74,9.94e-06,0.06242,0.9878,0.9953,0.001694,0.4253,0,0.006511,1.754,1.636
281,0.5715,0.375,0.9911,1005,0.004464,84.89,62.48,9.94e-06,0.06837,0.982,0.9944,0.003133,0.4164,0,0.007051,2.181,2.017
282,0.5274,0.3348,0.9844,1244,0.008929,84.89,80.88,9.94e-06,0.05487,0.9873,0.9956,0.002187,0.4017,0,0.005324,1.73,1.629
283,0.6054,0.4107,0.9866,863.4,0.008929,84.89,43.27,9.94e-06,0.06572,0.9874,0.9956,0.00213,0.3818,0,0.005113,1.705,1.588
284,0.5433,0.3527,0.9777,1351,0.01339,84.89,76.45,9.94e-06,0.07492,0.9851,0.995,0.002831,0.3892,0,0.007635,1.94,1.788
285,0.4543,0.2634,0.9777,1223,0.01786,84.89,58.45,9.94e-06,0.06385,0.9862,0.9946,0.00184,0.384,0,0.008236,1.983,1.847
286,0.6313,0.4375,0.9866,1213,0.008929,84.89,60.02,9.94e-06,0.05007,0.9893,0.9962,0.001401,0.4162,0,0.006758,1.68,1.599
287,0.6098,0.4107,0.9955,902.2,0,84.89,42,9.94e-06,0.0885,0.9796,0.9905,0.004994,0.3629,0,0.005967,1.895,1.714
288,0.7336,0.5402,0.9821,1069,0.01339,84.89,71.84,9.94e-06,0.06392,0.9864,0.9952,0.002402,0.4538,0,0.007344,1.789,1.675
289,0.6902,0.4911,0.9955,679.9,0,84.89,61.54,9.94e-06,0.1098,0.9763,0.9868,0.005332,0.4542,0,0.005188,1.828,1.603
290,0.7661,0.567,0.9955,577.5,0,84.89,24.73,9.94e-06,0.09244,0.9798,0.9904,0.00462,0.3893,0,0.003325,1.865,1.666
291,0.8902,0.692,0.9911,536.7,0,84.89,66.97,9.94e-06,0.108,0.9764,0.987,0.0058,0.3909,0,0.003999,1.871,1.655
292,0.7134,0.5134,1,562.7,0,84.89,30.42,9.94e-06,0.1086,0.9779,0.9873,0.004589,0.4127,0,0.004862,2.048,1.814
293,0.6123,0.4152,0.9933,1380,0.004464,84.89,87.3,9.94e-06,0.04192,0.9906,0.9979,0.001172,0.4039,0,0.007167,1.59,1.522
294,0.5555,0.3571,0.9955,1119,0,44.23,34.1,9.93e-06,0.04588,0.9891,0.9965,0.001212,0.4379,0,0.005554,2.185,2.094
295,0.6045,0.4062,0.9933,915.9,0,75.78,33.53,9.93e-06,0.05517,0.9868,0.9968,0.001708,0.4393,0,0.00511,2.359,2.234
296,0.7228,0.5268,0.9844,792.8,0.004464,84.9,32.97,9.93e-06,0.06908,0.9827,0.9945,0.002737,0.3974,0,0.005239,2.701,2.512
297,0.603,0.4063,0.9911,913.9,0.004464,84.9,52.97,9.93e-06,0.05651,0.9845,0.9947,0.002505,0.4219,0,0.005651,2.474,2.334
298,0.5451,0.3482,0.9933,1219,0.004464,84.9,66.96,9.93e-06,0.04256,0.989,0.9968,0.001398,0.436,0,0.006886,2.342,2.242
299,0.4628,0.2679,0.9844,1173,0.008929,84.9,32.48,9.93e-06,0.0479,0.9866,0.9952,0.001904,0.394,0,0.008204,2.378,2.272
300,0.5545,0.3571,0.9933,979,0.004464,84.9,67.08,9.93e-06,0.04902,0.9855,0.9954,0.00222,0.4661,0,0.006751,2.555,2.435
301,0.463,0.2723,0.9732,1379,0.008929,84.9,53.02,9.93e-06,0.05089,0.988,0.9954,0.002054,0.4024,0,0.007421,2.13,2.026
302,0.4959,0.3036,0.9754,1013,0.01339,84.9,45.83,9.93e-06,0.07198,0.9874,0.9943,0.00178,0.387,0,0.006158,2.338,2.162
303,0.4991,0.2991,1,1058,0,84.9,52.53,9.93e-06,0.04677,0.9873,0.9959,0.001758,0.4181,0,0.008048,2.315,2.218
304,0.456,0.2589,0.9911,885.5,0.004464,84.9,32.09,9.93e-06,0.05351,0.9835,0.9957,0.002876,0.3997,0,0.00543,2.584,2.441
305,0.6,0.4062,0.9821,1026,0.01339,84.9,33.63,9.93e-06,0.05563,0.9841,0.9961,0.003213,0.4332,0,0.007537,2.515,2.364
306,0.5801,0.3839,0.9821,1054,0,84.9,49.3,9.93e-06,0.0402,0.9884,0.9969,0.001393,0.4418,0,0.006455,2.147,2.059
307,0.6357,0.4375,0.9911,752.2,0,84.9,42.89,9.93e-06,0.06696,0.9868,0.9953,0.001775,0.3901,0,0.006562,2.107,1.966
308,0.5901,0.3973,0.9754,1119,0.008929,84.9,49.64,9.93e-06,0.05547,0.9839,0.9948,0.002721,0.3937,0,0.006942,2.334,2.202
309,0.6902,0.4911,0.9955,720.2,0,84.9,40.18,9.93e-06,0.0711,0.9836,0.9936,0.002651,0.4424,0,0.005022,2.573,2.401
310,0.654,0.4554,0.9933,819.3,0,84.9,22.38,9.93e-06,0.05307,0.9881,0.9952,0.001757,0.3881,0,0.004762,1.922,1.826
311,0.6192,0.4196,0.9978,718.7,0,84.9,32.62,9.93e-06,0.05295,0.9888,0.9962,0.00175,0.4065,0,0.005462,1.972,1.867
312,0.5643,0.3661,0.9911,927.8,0,84.9,52.97,9.93e-06,0.04974,0.9872,0.9955,0.001571,0.3727,0,0.006755,2.35,2.236
313,0.6285,0.433,0.9844,909.7,0.004464,84.9,32.29,9.93e-06,0.05476,0.9862,0.9938,0.002287,0.4497,0,0.006541,1.909,1.806
314,0.5581,0.3616,0.9888,874,0.004464,84.9,64.28,9.93e-06,0.05693,0.9823,0.9929,0.003351,0.423,0,0.00507,2.058,1.942
315,0.5697,0.3705,1,935.3,0,84.9,35.44,9.93e-06,0.05543,0.9866,0.9956,0.002009,0.4018,0,0.005758,2.154,2.051
316,0.6183,0.4196,0.9933,778.5,0,84.9,43.63,9.92e-06,0.06485,0.9867,0.9947,0.002083,0.4574,0,0.005257,2.264,2.12
317,0.6321,0.433,0.9955,714.2,0,84.9,36.94,9.92e-06,0.0619,0.9857,0.9944,0.002407,0.3952,0,0.01035,2.124,1.993
318,0.7772,0.5804,0.9888,774.1,0.004464,84.9,59.78,9.92e-06,0.07105,0.9776,0.9905,0.004942,0.4516,0,0.005294,2.409,2.21
319,0.5393,0.3438,0.9888,1064,0.008929,84.9,53.54,9.92e-06,0.03965,0.9902,0.9969,0.0008341,0.3919,0,0.005826,2.207,2.122
320,0.6826,0.4866,0.9888,941.3,0.008929,84.9,56.13,9.92e-06,0.04964,0.9901,0.9965,0.0009252,0.4375,0,0.006979,2.212,2.105
321,0.5409,0.3438,0.9911,967.1,0.004464,84.91,61.54,9.92e-06,0.07281,0.9769,0.9908,0.004966,0.4075,0,0.01106,2.818,2.594
322,0.6901,0.4911,0.9955,940.3,0,84.91,47.29,9.92e-06,0.04583,0.9902,0.9963,0.0009251,0.429,0,0.006215,2.118,2.022
323,0.4816,0.2857,0.9888,1100,0.004464,84.91,36.73,9.92e-06,0.0557,0.9874,0.9959,0.001684,0.3513,0,0.007231,2.379,2.241
324,0.5504,0.3527,0.9888,815.6,0,84.91,23.08,9.92e-06,0.078,0.9758,0.9921,0.005304,0.405,0,0.006799,2.994,2.761
325,0.6063,0.4062,1,593.3,0,84.91,47.38,9.92e-06,0.08913,0.9771,0.9918,0.004846,0.427,0,0.006983,2.451,2.225
326,0.6491,0.4509,0.9955,623.6,0.004464,84.91,50.8,9.92e-06,0.07563,0.9841,0.9941,0.00272,0.4411,0,0.006308,2.258,2.103
327,0.5843,0.3884,0.9844,658.7,0.004464,84.91,47.67,9.92e-06,0.0749,0.9835,0.9937,0.00281,0.4114,0,0.00567,2.291,2.122
328,0.6259,0.4286,0.9866,662.8,0,84.91,13.94,9.92e-06,0.07762,0.9836,0.9934,0.002842,0.4639,0,0.004357,2.461,2.285
329,0.6429,0.4464,0.9866,1051,0,84.91,58,9.92e-06,0.0396,0.9902,0.9976,0.001016,0.4247,0,0.007142,2.153,2.064
330,0.5437,0.3482,0.9821,645.9,0,84.91,37.32,9.92e-06,0.07153,0.985,0.9948,0.002105,0.3706,0,0.005776,2.673,2.492
331,0.6994,0.5045,0.9821,639.4,0.004464,84.91,62.62,9.92e-06,0.09,0.9816,0.9913,0.003293,0.3994,0,0.00542,2.355,2.164
332,0.6789,0.4821,0.9844,948.8,0,84.91,67.44,9.92e-06,0.06266,0.9782,0.9914,0.004773,0.4263,0,0.005409,2.353,2.173
333,0.6835,0.4866,0.9888,923.1,0.004464,84.91,51.99,9.92e-06,0.06361,0.9785,0.9927,0.004713,0.4137,0,0.005773,2.264,2.085
334,0.7464,0.5491,0.9911,960.9,0.004464,84.91,72.62,9.92e-06,0.06964,0.9783,0.9908,0.004727,0.4222,0,0.006486,2.472,2.268
335,0.6471,0.4554,0.9777,1363,0.01339,84.91,78.92,9.92e-06,0.05104,0.9846,0.9945,0.002666,0.3919,0,0.007459,2.275,2.139
336,0.583,0.3839,0.9955,890.1,0,84.91,35.54,9.91e-06,0.05826,0.9829,0.9927,0.003173,0.3598,0,0.005992,2.236,2.092
337,0.4715,0.2768,0.9866,1132,0.008929,84.91,67.23,9.91e-06,0.05307,0.9889,0.9966,0.001303,0.3757,0,0.005823,2.168,2.055
338,0.4839,0.2857,0.9955,963.4,0.004464,84.91,57.45,9.91e-06,0.0606,0.979,0.9928,0.004398,0.4017,0,0.006827,2.016,1.876
339,0.447,0.25,0.9955,1045,0,84.91,78.8,9.91e-06,0.05025,0.9862,0.9956,0.0027,0.3759,0,0.006979,1.782,1.692
340,0.5088,0.3125,0.9911,1068,0.008929,84.91,64.34,9.91e-06,0.04976,0.9868,0.9967,0.002096,0.4406,0,0.006793,2.306,2.192
341,0.4519,0.2545,0.9933,1179,0,84.91,42.58,9.91e-06,0.05294,0.9831,0.995,0.003112,0.3698,0,0.006123,2.363,2.212
342,0.5677,0.3705,0.9955,894.3,0.004464,84.91,58.54,9.91e-06,0.06313,0.9823,0.9923,0.003152,0.4241,0,0.005987,2.526,2.347
343,0.5517,0.3571,0.9844,1374,0.004464,84.91,65.46,9.91e-06,0.0542,0.9894,0.9962,0.001501,0.4307,0,0.005864,1.881,1.77
344,0.603,0.4063,0.9911,1106,0,84.91,48.24,9.91e-06,0.05127,0.9903,0.9965,0.001064,0.4384,0,0.005927,1.971,1.865
345,0.4585,0.2679,0.971,1480,0.01786,84.93,89.87,9.91e-06,0.04522,0.9896,0.9974,0.001129,0.4357,0,0.007907,2.419,2.298
346,0.5217,0.3259,0.9866,1513,0,84.93,50.01,9.91e-06,0.04132,0.9898,0.9972,0.001203,0.4016,0,0.007677,2.208,2.11
347,0.505,0.3125,0.9844,1370,0.01339,84.93,69.35,9.91e-06,0.06582,0.983,0.992,0.00295,0.4513,0,0.007054,2.251,2.078
348,0.7664,0.567,1,771,0,84.93,23.3,9.91e-06,0.08459,0.9717,0.9867,0.006162,0.4338,0,0.005076,2.611,2.359
349,0.51,0.3125,0.9933,958.2,0.004464,84.93,57.51,9.91e-06,0.06694,0.9827,0.995,0.002784,0.414,0,0.005937,2.377,2.218
350,0.5347,0.3393,0.9821,1063,0.004464,84.93,66.01,9.91e-06,0.05249,0.9874,0.9973,0.002002,0.3622,0,0.00672,2.217,2.097
351,0.6063,0.4107,0.9866,1083,0.008929,84.93,51.4,9.91e-06,0.07658,0.9753,0.99,0.005348,0.4158,0,0.007141,2.498,2.286
352,0.4757,0.2812,0.9866,1263,0.004464,84.93,66.93,9.91e-06,0.05982,0.9855,0.9954,0.001972,0.3672,0,0.008157,2.364,2.223
353,0.4799,0.2812,0.9933,1035,0,84.93,57.51,9.91e-06,0.06173,0.9852,0.9948,0.002222,0.3916,0,0.006755,2.465,2.314
354,0.5091,0.3125,0.9933,1185,0.004464,84.93,52.05,9.91e-06,0.05749,0.983,0.9941,0.002912,0.3628,0,0.007155,2.416,2.262
355,0.5316,0.3348,0.9866,1203,0,84.93,31.69,9.91e-06,0.0419,0.9892,0.9964,0.001129,0.4028,0,0.007409,2.321,2.22
356,0.6009,0.4018,0.9955,830.8,0,84.93,39.2,9.9e-06,0.08195,0.9776,0.991,0.005104,0.4247,0,0.005437,2.868,2.557
357,0.6152,0.4152,1,753.1,0,84.93,36.78,9.9e-06,0.09147,0.9725,0.9879,0.007233,0.4297,0,0.005181,2.263,2.018
358,0.4929,0.2946,0.9955,1003,0.004464,84.93,48.52,9.9e-06,0.05418,0.982,0.9936,0.003193,0.4234,0,0.007019,2.348,2.205
359,0.7332,0.5357,0.9933,904.7,0,84.93,32.26,9.9e-06,0.09076,0.9694,0.9854,0.007539,0.3678,0,0.007415,2.606,2.329
360,0.5898,0.3929,0.9955,1237,0.004464,84.93,45.56,9.9e-06,0.05864,0.9781,0.9918,0.005172,0.4298,0,0.00734,2.305,2.136
361,0.5933,0.3973,0.9844,985.8,0.004464,84.93,47.02,9.9e-06,0.0576,0.9848,0.9948,0.003028,0.4117,0,0.006643,2.123,2.005
362,0.7696,0.5714,0.9911,650.4,0,84.93,67.17,9.9e-06,0.096,0.9745,0.9885,0.006225,0.4558,0,0.005779,2.306,2.066
363,0.6111,0.4152,0.9888,1165,0.004464,46.51,41.53,9.9e-06,0.05751,0.9844,0.9949,0.00293,0.4414,0,0.007295,2.112,1.992
364,0.4921,0.2946,0.9911,1078,0,49.68,63.24,9.9e-06,0.06821,0.9881,0.9959,0.001859,0.4321,0,0.009495,2.704,2.075
365,0.5247,0.3259,0.9955,1234,0,58.47,67.8,9.9e-06,0.04628,0.9878,0.996,0.00169,0.434,0,0.007766,2.094,2.005
366,0.4976,0.2991,0.9933,860,0,58.47,34.53,9.9e-06,0.06277,0.9861,0.9952,0.001837,0.3974,0,0.00645,2.056,1.934
367,0.5013,0.3036,0.9955,1201,0.004464,58.47,70.92,9.9e-06,0.05842,0.9845,0.9946,0.002392,0.4137,0,0.00806,2.234,2.101
368,0.6643,0.4688,0.9821,938,0.004464,84.81,41.52,9.9e-06,0.06707,0.9846,0.994,0.002515,0.4267,0,0.006606,1.863,1.727
369,0.6307,0.433,0.9911,904.4,0,84.81,30.96,9.9e-06,0.07575,0.9818,0.9931,0.003687,0.4391,0,0.006183,2.168,1.977
370,0.5049,0.308,0.9888,1097,0.004464,84.81,32.37,9.9e-06,0.04515,0.9855,0.9971,0.00218,0.422,0,0.006665,2.302,2.194
371,0.6187,0.4241,0.9866,1043,0.008929,84.81,63.19,9.9e-06,0.05572,0.9872,0.9955,0.001789,0.4407,0,0.007075,2.235,2.113
372,0.6721,0.4777,0.9799,1092,0.004464,84.81,52.85,9.9e-06,0.05532,0.9866,0.9959,0.002193,0.3971,0,0.007632,1.781,1.685
373,0.7058,0.5089,0.9844,721.3,0,84.81,21.49,9.9e-06,0.08368,0.9788,0.9901,0.004129,0.3809,0,0.007078,1.974,1.803
374,0.7073,0.5134,0.9732,1072,0,84.81,51.95,9.89e-06,0.05692,0.9873,0.9955,0.00173,0.4455,0,0.006338,2.199,1.978
375,0.5558,0.3571,0.9933,935.8,0,84.81,18.99,9.89e-06,0.05573,0.9832,0.9947,0.003441,0.4057,0,0.006964,2.062,1.932
376,0.5808,0.3839,0.9866,1044,0,84.81,52.52,9.89e-06,0.06373,0.9811,0.9936,0.00372,0.4289,0,0.00603,2.301,2.135
377,0.6632,0.4732,0.9688,1285,0.01339,84.81,52.5,9.89e-06,0.04583,0.9879,0.9961,0.001394,0.4131,0,0.009953,1.954,1.863
378,0.6282,0.4286,1,1129,0,84.81,49.18,9.89e-06,0.04685,0.9874,0.9964,0.001691,0.4259,0,0.007698,2.278,2.172
379,0.5321,0.3348,0.9911,1619,0.004464,84.81,68.05,9.89e-06,0.03647,0.9871,0.9967,0.00184,0.4166,0,0.0102,2.039,1.957
380,0.6585,0.4643,0.9777,1033,0.004464,84.81,31.46,9.89e-06,0.05696,0.9852,0.996,0.002226,0.3989,0,0.02432,2.235,2.107
381,0.6491,0.4554,0.9777,1299,0.008929,84.91,60,9.89e-06,0.05879,0.9838,0.9961,0.002297,0.4426,0,0.01727,2.608,2.442
382,0.7054,0.5089,0.9821,984.9,0,84.91,33.82,9.89e-06,0.04743,0.9875,0.9965,0.001416,0.4389,0,0.006442,2.136,2.034
383,0.7527,0.5536,0.9955,743.4,0,84.91,38.59,9.89e-06,0.09178,0.9818,0.9908,0.00318,0.4614,0,0.006779,2.189,1.988
384,0.7681,0.5714,0.9866,830.7,0,84.91,56.72,9.89e-06,0.05228,0.9885,0.996,0.001273,0.4459,0,0.007222,2.018,1.913
385,0.7207,0.5268,0.9911,1224,0.008929,84.91,81.55,9.89e-06,0.05389,0.9861,0.9954,0.001925,0.474,0,0.00921,2.166,2.043
386,0.7366,0.5402,0.9821,952.4,0,84.91,54.17,9.89e-06,0.04885,0.9886,0.9969,0.001185,0.462,0,0.006967,1.985,1.89
387,0.5221,0.3259,0.9933,1031,0,84.91,76.38,9.89e-06,0.06397,0.9849,0.994,0.002098,0.3954,0,0.007929,2.168,2.041
388,0.6187,0.4241,0.9866,866.8,0.008929,84.91,76.94,9.89e-06,0.0866,0.9795,0.992,0.003679,0.4407,0,0.007554,2.167,1.982
389,0.6124,0.4196,0.9754,1295,0.004464,84.91,69.71,9.89e-06,0.07875,0.9808,0.993,0.003598,0.4147,0,0.008134,2.084,1.924
390,0.6298,0.4375,0.9732,910.9,0.004464,84.91,58.43,9.89e-06,0.07314,0.9848,0.9933,0.00251,0.4151,0,0.007783,2.061,1.92
391,0.5118,0.317,0.9821,783.7,0.004464,84.91,67.98,9.88e-06,0.07459,0.9844,0.9941,0.002956,0.3644,0,0.00955,1.97,1.824
392,0.7652,0.567,0.9911,876.6,0,84.91,50.52,9.88e-06,0.06732,0.9801,0.992,0.003886,0.4346,0,0.00603,2.04,1.888
393,0.7964,0.5982,0.9911,798.8,0,84.91,48.17,9.88e-06,0.06177,0.9825,0.9941,0.003319,0.4239,0,0.005678,2.114,1.963
394,0.7749,0.5759,0.9955,882.2,0,84.91,79.2,9.88e-06,0.06441,0.9828,0.9943,0.002296,0.4733,0,0.007298,2.248,2.091
395,0.605,0.4062,0.9955,1010,0,84.91,64.88,9.88e-06,0.05762,0.9842,0.9956,0.002193,0.4118,0,0.006081,2.098,1.969
396,0.5032,0.3036,1,994.8,0,84.91,63.54,9.88e-06,0.06244,0.9855,0.9943,0.002335,0.4128,0,0.006444,1.811,1.693
397,0.533,0.3348,0.9955,1153,0.004464,84.91,62.12,9.88e-06,0.04397,0.9886,0.9965,0.001888,0.4407,0,0.007677,1.809,1.729
398,0.4391,0.2411,0.9911,1105,0,84.91,63.24,9.88e-06,0.05456,0.9858,0.9958,0.002392,0.3702,0,0.006251,1.803,1.704
399,0.4978,0.3036,0.9844,1173,0.01339,84.91,84.66,9.88e-06,0.05553,0.987,0.9957,0.001969,0.4139,0,0.01103,1.829,1.733
400,0.5521,0.3571,0.9866,1442,0.008929,84.91,57.1,9.88e-06,0.05589,0.9869,0.995,0.00169,0.4294,0,0.00742,2.063,1.938
401,0.5939,0.3973,0.9955,1634,0.004464,84.91,57.31,9.88e-06,0.04197,0.9888,0.9974,0.00154,0.4549,0,0.007902,1.953,1.867
402,0.5936,0.3973,0.9866,1080,0.004464,84.91,52.96,9.88e-06,0.06521,0.9866,0.9958,0.0017,0.4441,0,0.008326,1.852,1.727
403,0.4751,0.2768,0.9955,1264,0,84.91,56.04,9.88e-06,0.0581,0.9841,0.9947,0.002579,0.4208,0,0.007775,2.264,2.118
404,0.5736,0.3795,0.9844,1365,0.004464,84.91,40.04,9.88e-06,0.0561,0.9852,0.996,0.002459,0.4552,0,0.007953,2.001,1.883
405,0.5769,0.3795,0.9911,1398,0,84.91,64.34,9.88e-06,0.05856,0.9853,0.9961,0.002392,0.4274,0,0.008281,1.939,1.831
406,0.5746,0.3839,0.9777,1619,0.01786,84.91,61.11,9.88e-06,0.05865,0.9867,0.9961,0.001824,0.454,0,0.008851,2.053,1.929
407,0.5432,0.3482,0.9866,1377,0.004464,84.91,38.66,9.88e-06,0.05429,0.9855,0.9953,0.002042,0.4458,0,0.007004,1.952,1.84
408,0.6223,0.4286,0.9821,1249,0.01339,84.91,42,9.87e-06,0.05648,0.9818,0.9931,0.003135,0.4269,0,0.008793,2.034,1.901
409,0.5542,0.3571,0.9911,1289,0.004464,84.91,30.95,9.87e-06,0.06169,0.9819,0.9937,0.003186,0.4491,0,0.007997,2.251,2.102
410,0.5613,0.3616,1,959.8,0,84.91,25.54,9.87e-06,0.072,0.9795,0.9921,0.004259,0.4644,0,0.007773,2.586,2.396
411,0.6246,0.4286,0.9911,1006,0.004464,84.91,46.16,9.87e-06,0.09227,0.9719,0.9885,0.006846,0.4281,0,0.008163,2.396,2.138
412,0.6787,0.4821,0.9888,1162,0.004464,84.91,80.59,9.87e-06,0.1131,0.9765,0.9886,0.005096,0.4458,0,0.008556,2.063,1.807
413,0.4805,0.2857,0.9821,1535,0.004464,84.91,81.52,9.87e-06,0.06112,0.9848,0.9949,0.002149,0.3665,0,0.009877,2.057,1.922
414,0.4304,0.2321,0.9955,1450,0,84.91,58.78,9.87e-06,0.06598,0.9836,0.9935,0.001842,0.3701,0,0.006676,2.398,2.224
415,0.5562,0.3571,0.9955,1410,0,84.91,48.28,9.87e-06,0.05411,0.9838,0.9941,0.002568,0.4436,0,0.01431,2.2,2.071
416,0.5905,0.3929,0.9911,1447,0,84.91,52.17,9.87e-06,0.05091,0.9865,0.9954,0.001461,0.4293,0,0.007576,2.028,1.912
417,0.4955,0.2991,0.9911,1189,0.004464,84.91,69.89,9.87e-06,0.05749,0.9846,0.9961,0.002097,0.395,0,0.01016,2.237,2.107
418,0.6855,0.4911,0.9821,1118,0.008929,84.91,45.31,9.87e-06,0.06606,0.9838,0.9943,0.002562,0.4438,0,0.00742,1.959,1.836
419,0.7786,0.5804,0.9911,634.1,0,84.91,30.71,9.87e-06,0.1142,0.9726,0.9853,0.00596,0.3455,0,0.006939,2.213,1.941
420,0.5826,0.3839,0.9933,951.8,0,84.91,42.23,9.87e-06,0.07336,0.9786,0.991,0.00401,0.4368,0,0.008336,2.317,2.141
421,0.6108,0.4196,0.9688,1102,0.008929,84.91,63.43,9.87e-06,0.08725,0.9774,0.9905,0.004387,0.3869,0,0.006971,2.227,2.013
422,0.6661,0.4732,0.9643,705.4,0,84.91,34.79,9.87e-06,0.125,0.9625,0.9797,0.009648,0.3575,0,0.00846,2.584,2.219
423,0.6764,0.4777,0.9955,866,0,84.91,45,9.87e-06,0.089,0.974,0.9898,0.005766,0.4327,0,0.007102,2.326,2.096
424,0.7625,0.5625,1,566.1,0,84.91,40.82,9.86e-06,0.1171,0.9729,0.9863,0.005886,0.3723,0,0.006187,2.044,1.787
425,0.6982,0.5,0.9911,706.4,0,84.91,19.13,9.86e-06,0.09772,0.9727,0.9869,0.005679,0.4169,0,0.005954,2.45,2.194
426,0.596,0.3973,0.9933,898,0,84.91,36.6,9.86e-06,0.0727,0.9809,0.9926,0.003033,0.4412,0,0.007436,2.233,2.064
427,0.5679,0.3705,0.9866,1268,0,61.3,71.68,9.86e-06,0.05268,0.9869,0.9958,0.001918,0.4072,0,0.009006,1.95,1.855
428,0.6652,0.4687,0.9821,1144,0,61.3,22.17,9.86e-06,0.05523,0.9839,0.9955,0.002437,0.3887,0,0.008088,1.95,1.844
429,0.6749,0.4777,0.9933,1119,0,61.3,41.32,9.86e-06,0.05543,0.9834,0.9957,0.002956,0.4122,0,0.007901,1.894,1.793
430,0.6304,0.433,0.9911,1212,0.004464,61.3,62.79,9.86e-06,0.0616,0.9832,0.9933,0.002948,0.4504,0,0.007172,2.211,2.065
431,0.5281,0.3304,0.9911,1314,0,76.61,65.49,9.86e-06,0.05942,0.9844,0.9942,0.00188,0.4303,0,0.007761,2.213,2.092
432,0.5625,0.3661,0.9911,1360,0.004464,76.61,45.14,9.86e-06,0.05565,0.9848,0.9952,0.002603,0.403,0,0.009063,1.882,1.777
433,0.6848,0.4866,0.9911,1235,0,76.61,36.13,9.86e-06,0.06016,0.9846,0.9952,0.002663,0.4181,0,0.007814,1.707,1.602
434,0.7152,0.5179,0.9866,1008,0,76.61,38.69,9.86e-06,0.05245,0.9854,0.9968,0.002033,0.4245,0,0.008594,1.845,1.753
435,0.6304,0.433,0.9911,1442,0.004464,76.61,68.53,9.86e-06,0.04365,0.9878,0.9965,0.001236,0.4308,0,0.01015,1.842,1.765
436,0.6392,0.442,0.9933,1524,0.004464,76.61,74.86,9.86e-06,0.0411,0.9862,0.9969,0.001801,0.3843,0,0.01312,1.788,1.718
437,0.7973,0.5982,0.9955,1099,0,76.61,37.36,9.86e-06,0.04998,0.9856,0.9967,0.001862,0.4213,0,0.008349,1.78,1.694
438,0.6797,0.4821,0.9911,1115,0,76.61,37.05,9.86e-06,0.05298,0.9853,0.9964,0.002271,0.4019,0,0.007981,1.839,1.735
439,0.6074,0.4107,0.9933,1392,0.004464,76.61,60.84,9.86e-06,0.0505,0.9857,0.9966,0.001902,0.4457,0,0.009095,2.04,1.923
440,0.7165,0.5179,0.9955,1112,0,76.61,61.06,9.85e-06,0.05408,0.9858,0.9964,0.002023,0.4202,0,0.007375,1.765,1.672
441,0.9031,0.7054,0.9888,1010,0,76.61,55.26,9.85e-06,0.06227,0.9841,0.9932,0.001966,0.404,0,0.007955,1.967,1.84
442,0.8192,0.6205,0.9955,1292,0,76.61,61.38,9.85e-06,0.05154,0.9879,0.9972,0.001212,0.4131,0,0.01024,1.844,1.757
443,0.7438,0.5446,0.9955,1120,0,76.61,38.38,9.85e-06,0.05236,0.9879,0.9973,0.001203,0.359,0,0.007463,1.765,1.675
444,0.8497,0.6518,0.9955,985.7,0.004464,76.61,56.14,9.85e-06,0.05112,0.9877,0.9963,0.001649,0.426,0,0.009402,1.744,1.654
445,0.7148,0.5179,0.9933,1199,0.004464,76.61,47,9.85e-06,0.05389,0.985,0.9957,0.002513,0.4169,0,0.01273,1.742,1.646
446,0.6506,0.4509,1,1009,0,76.61,43.35,9.85e-06,0.05931,0.9828,0.9957,0.002662,0.4224,0,0.009183,2.009,1.89
447,0.6085,0.4107,0.9911,1302,0,76.61,60.68,9.85e-06,0.05087,0.986,0.9958,0.001772,0.3796,0,0.009042,1.917,1.822
448,0.7532,0.558,0.9821,1093,0.004464,76.61,74.82,9.85e-06,0.07919,0.9841,0.9963,0.002232,0.4343,0,0.008475,1.937,1.775
449,0.6993,0.5,1,1285,0,76.61,62.31,9.85e-06,0.07907,0.9749,0.9906,0.005209,0.4612,0,0.008858,2.166,1.96
450,0.6942,0.5,0.9754,876.8,0.004464,76.61,65.75,9.85e-06,0.06941,0.9828,0.995,0.002756,0.4089,0,0.007698,1.951,1.816
451,0.7266,0.5312,0.9777,1133,0,76.61,66.67,9.85e-06,0.05636,0.9855,0.9959,0.001828,0.4008,0,0.008696,1.948,1.838
452,0.7929,0.5982,0.9866,1352,0.004464,76.61,84.86,9.85e-06,0.0586,0.9815,0.9936,0.003033,0.3704,0,0.01024,1.986,1.852
453,0.6635,0.4688,0.9799,1317,0.004464,76.61,77.88,9.85e-06,0.04259,0.9881,0.9972,0.001111,0.36,0,0.008223,1.754,1.679
454,0.8624,0.6652,0.9866,1078,0,76.61,66.01,9.85e-06,0.0749,0.975,0.99,0.004886,0.4162,0,0.009878,2.152,1.963
455,0.5703,0.3705,1,1199,0,76.61,66.14,9.84e-06,0.05209,0.9866,0.9962,0.001612,0.3916,0,0.006446,1.691,1.6
456,0.5426,0.3438,0.9955,1561,0,76.61,68.57,9.84e-06,0.06129,0.9778,0.9907,0.004614,0.4229,0,0.009653,1.906,1.754
457,0.5205,0.3214,0.9955,1171,0,76.61,70.42,9.84e-06,0.04809,0.9856,0.9962,0.002018,0.3726,0,0.008259,1.81,1.725
458,0.4679,0.2679,1,1274,0,76.61,41.95,9.84e-06,0.04964,0.9869,0.9958,0.001952,0.3805,0,0.007592,1.562,1.49
459,0.7205,0.5223,0.9911,1053,0,76.61,67.59,9.84e-06,0.08336,0.9773,0.9889,0.004436,0.4269,0,0.008202,1.987,1.806
460,0.6442,0.4509,0.9911,1554,0.008929,76.61,67.79,9.84e-06,0.06486,0.983,0.993,0.002963,0.4401,0,0.01174,1.802,1.686
461,0.6469,0.4509,0.9888,1554,0.004464,76.61,51.15,9.84e-06,0.05951,0.9825,0.9955,0.002857,0.4513,0,0.01127,1.845,1.737
462,0.5634,0.3705,0.9911,1573,0.004464,76.61,67.19,9.84e-06,0.06506,0.9827,0.9953,0.002774,0.4518,0,0.009733,1.898,1.764
463,0.68,0.4866,0.9911,2122,0.004464,76.61,57.87,9.84e-06,0.04441,0.9872,0.9972,0.001432,0.451,0,0.01095,1.909,1.785
464,0.7422,0.5491,0.9866,1960,0.01339,76.61,34.06,9.84e-06,0.04986,0.9829,0.9948,0.002476,0.472,0,0.0105,1.927,1.833
465,0.6553,0.4554,1,1220,0,76.61,38.14,9.84e-06,0.079,0.9732,0.9908,0.006158,0.4421,0,0.01009,2.14,1.972
466,0.7757,0.5804,0.9866,1779,0,76.61,70.75,9.84e-06,0.04491,0.9867,0.997,0.001688,0.4358,0,0.01041,1.639,1.56
467,0.7254,0.5312,0.9911,1733,0.008929,76.61,75.47,9.84e-06,0.04864,0.9872,0.9968,0.002051,0.4182,0,0.009066,1.613,1.531
468,0.5091,0.3125,0.9888,1737,0.004464,76.61,76.1,9.84e-06,0.05142,0.9837,0.9967,0.002388,0.3976,0,0.01082,1.955,1.845
469,0.5661,0.3661,1,1388,0,76.61,45.62,9.83e-06,0.061,0.9803,0.9954,0.002714,0.3822,0,0.01095,2.128,1.981
470,0.5986,0.4018,0.9888,1901,0.004464,76.61,67.07,9.83e-06,0.0445,0.9836,0.9978,0.002155,0.4398,0,0.01261,2,1.902
471,0.4989,0.2991,1,1573,0,76.61,52.85,9.83e-06,0.0613,0.9812,0.9947,0.002784,0.3546,0,0.009272,2.096,1.957
472,0.4543,0.2545,1,1943,0,76.61,85.7,9.83e-06,0.05108,0.9852,0.9969,0.002137,0.394,0,0.009211,1.789,1.681
473,0.5693,0.375,0.9821,1883,0,76.61,58.95,9.83e-06,0.057,0.983,0.9967,0.002302,0.4029,0,0.01323,1.944,1.826
474,0.6712,0.4732,0.9911,1217,0,76.61,60.22,9.83e-06,0.08636,0.9744,0.993,0.005224,0.4098,0,0.01087,2.068,1.873
475,0.6703,0.4777,0.9777,1305,0.008929,76.61,81.44,9.83e-06,0.1208,0.9657,0.9831,0.007983,0.3033,0,0.01155,2.439,2.109
476,0.6759,0.4777,0.9911,1068,0,76.61,52.69,9.83e-06,0.1117,0.9692,0.9854,0.006789,0.3473,0,0.008575,2.166,1.902
477,0.7035,0.5045,0.9955,965.8,0,76.61,50.16,9.83e-06,0.1356,0.9656,0.9808,0.008231,0.3922,0,0.008251,2.056,1.763
478,0.7543,0.558,0.9866,1368,0.004464,84.89,78.36,9.83e-06,0.08541,0.9749,0.9883,0.005514,0.379,0,0.01292,2.036,1.827
479,0.674,0.4777,0.9821,1674,0,84.89,59.4,9.83e-06,0.0494,0.9874,0.9962,0.001396,0.4685,0,0.01073,1.676,1.587
480,0.5908,0.3929,0.9911,1463,0,84.89,57.89,9.83e-06,0.05983,0.9839,0.996,0.002342,0.4045,0,0.01101,1.856,1.738
481,0.6628,0.4643,0.9955,1722,0,84.89,80.84,9.83e-06,0.04677,0.9879,0.9969,0.001572,0.4397,0,0.0124,1.61,1.508
482,0.6023,0.4062,0.9866,1374,0,84.89,69.2,9.83e-06,0.07765,0.9723,0.9916,0.005644,0.3729,0,0.01214,2.264,2.071
483,0.5186,0.3214,0.9911,1717,0.004464,56.42,59.13,9.82e-06,0.06313,0.9803,0.9944,0.00333,0.427,0,0.01636,1.925,1.807
484,0.5959,0.3973,0.9955,1465,0,56.42,45.32,9.82e-06,0.06034,0.9803,0.995,0.003389,0.3997,0,0.01261,1.85,1.732
485,0.6543,0.4554,0.9955,1572,0,56.42,72.85,9.82e-06,0.07716,0.9761,0.9916,0.004414,0.4575,0,0.01343,1.871,1.721
486,0.7482,0.5491,0.9955,1502,0,56.42,68.47,9.82e-06,0.05062,0.9829,0.9965,0.002465,0.3953,0,0.009697,1.673,1.594
487,0.7317,0.5357,0.9799,1164,0,56.42,44.33,9.82e-06,0.06789,0.98,0.9933,0.003534,0.3931,0,0.00923,1.579,1.476
488,0.6888,0.4911,0.9911,1229,0,56.42,76.2,9.82e-06,0.08425,0.9696,0.9874,0.007062,0.4621,0,0.00958,1.931,1.733
489,0.7487,0.5491,1,1174,0,56.42,43.49,9.82e-06,0.06272,0.9824,0.995,0.003036,0.4415,0,0.0102,1.531,1.435
490,0.7884,0.5893,0.9955,1257,0,56.42,54.02,9.82e-06,0.05628,0.9841,0.9953,0.00223,0.4191,0,0.01106,1.504,1.42
491,0.9256,0.7277,0.9911,1110,0,56.42,61.59,9.82e-06,0.07148,0.9741,0.9907,0.005175,0.4359,0,0.008665,2.005,1.835
492,0.8384,0.6384,1,1297,0,56.42,70.96,9.82e-06,0.04951,0.9842,0.9962,0.001899,0.3682,0,0.01253,1.689,1.61
493,0.8592,0.6607,0.9955,1242,0,56.42,67.3,9.82e-06,0.05065,0.9839,0.9967,0.001951,0.3825,0,0.008663,1.709,1.622
494,0.887,0.6875,1,1084,0,56.42,58.59,9.82e-06,0.06365,0.9792,0.9935,0.003773,0.4001,0,0.008428,1.842,1.703
495,0.7313,0.5312,1,1073,0,56.42,52.54,9.82e-06,0.08152,0.9747,0.9911,0.005085,0.4158,0,0.01046,2.029,1.863
496,0.7218,0.5223,1,1113,0,76.75,75.7,9.82e-06,0.06426,0.981,0.9956,0.002885,0.4383,0,0.01068,1.748,1.634
497,0.7461,0.5491,0.9866,907.9,0,76.75,47.06,9.81e-06,0.07917,0.9823,0.9936,0.002715,0.3732,0,0.008456,1.741,1.595
498,0.7571,0.558,0.9955,804.8,0,76.75,55.69,9.81e-06,0.08417,0.9793,0.9942,0.003607,0.4009,0,0.007667,1.808,1.664
499,0.7479,0.5491,0.9955,1396,0,76.75,66.67,9.81e-06,0.06726,0.9762,0.9922,0.004715,0.3612,0,0.01073,1.889,1.749
500,0.7562,0.558,0.9911,1057,0,76.75,67.25,9.81e-06,0.06943,0.9782,0.9926,0.004134,0.3885,0,0.009595,1.773,1.636
501,0.6542,0.4554,0.9955,925,0,76.75,75.8,9.81e-06,0.07539,0.9826,0.9955,0.00242,0.3961,0,0.007476,1.596,1.484
502,0.8384,0.6384,1,1379,0,76.75,65.46,9.81e-06,0.0596,0.9826,0.9962,0.001999,0.3951,0,0.01034,1.85,1.742
503,0.4625,0.2634,0.9955,1201,0,76.75,52.68,9.81e-06,0.05716,0.9827,0.9949,0.002848,0.3674,0,0.008773,1.761,1.649
504,0.5461,0.3482,0.9911,1325,0,76.75,66.99,9.81e-06,0.06158,0.9829,0.9957,0.003418,0.399,0,0.008908,1.586,1.487
505,0.5343,0.3348,1,1194,0,76.75,61.27,9.81e-06,0.05719,0.9849,0.9959,0.002578,0.4203,0,0.01046,1.474,1.392
506,0.5875,0.3884,0.9978,1226,0,76.75,68.11,9.81e-06,0.06073,0.9856,0.9951,0.002231,0.4592,0,0.008191,1.545,1.454
507,0.669,0.4732,0.9866,1732,0.004464,76.75,72.44,9.81e-06,0.05202,0.9847,0.9959,0.002615,0.4494,0,0.00974,1.623,1.534
508,0.6909,0.4955,0.9888,1582,0,76.75,38.37,9.81e-06,0.0576,0.9846,0.9953,0.001747,0.4765,0,0.01017,1.675,1.575
509,0.7402,0.5402,1,1563,0,76.75,53.45,9.81e-06,0.04325,0.9858,0.9972,0.001726,0.43,0,0.01316,1.645,1.579
510,0.7323,0.5357,0.9955,1584,0,76.75,60.75,9.8e-06,0.05763,0.9859,0.9965,0.002181,0.4405,0,0.00909,1.573,1.479
511,0.6499,0.4509,1,1757,0,76.75,54.03,9.8e-06,0.05968,0.9848,0.9945,0.002031,0.4238,0,0.01175,1.714,1.606
512,0.6087,0.4152,0.9866,1940,0.004464,76.75,63.78,9.8e-06,0.053,0.9844,0.996,0.002312,0.4612,0,0.01012,1.746,1.643
513,0.7152,0.5179,0.9866,857.7,0,76.75,29.15,9.8e-06,0.09416,0.9751,0.9901,0.00548,0.3047,0,0.008969,1.93,1.736
514,0.5812,0.3839,0.9911,1737,0,76.75,59.95,9.8e-06,0.06392,0.9832,0.995,0.002233,0.3873,0,0.009339,1.892,1.753
515,0.667,0.4688,0.9911,1404,0,76.75,55.52,9.8e-06,0.09287,0.9708,0.987,0.006689,0.4366,0,0.009012,2.151,1.915
516,0.5499,0.3527,0.9911,1730,0.004464,76.75,59.23,9.8e-06,0.06286,0.9806,0.9934,0.002923,0.4091,0,0.01301,1.95,1.806
517,0.6621,0.4643,0.9911,1811,0,76.75,50.98,9.8e-06,0.0615,0.9803,0.9944,0.003385,0.4193,0,0.01191,1.931,1.797
518,0.6518,0.4554,0.9866,1940,0,76.75,71.68,9.8e-06,0.04676,0.9831,0.996,0.002372,0.4427,0,0.01412,1.857,1.768
519,0.5008,0.3036,0.9911,1810,0,76.75,78.23,9.8e-06,0.06217,0.9809,0.9933,0.002995,0.4228,0,0.01185,1.872,1.74
520,0.65,0.4598,0.9509,699,0,76.75,54.91,9.8e-06,0.1714,0.9638,0.9739,0.008058,0.3445,0,0.007627,2.176,1.801
521,0.6518,0.4554,0.9821,804.6,0,76.75,60.15,9.8e-06,0.1571,0.9611,0.9766,0.009295,0.3107,0,0.008811,2.337,1.964
522,0.6938,0.4955,0.9911,935.5,0,76.75,54.01,9.8e-06,0.1542,0.962,0.9771,0.009791,0.3532,0,0.01229,2.287,1.901
523,0.6839,0.4911,0.9643,971.3,0,76.75,52.01,9.79e-06,0.147,0.9629,0.9782,0.00923,0.4163,0,0.009124,2.285,1.959
524,0.7204,0.5268,0.971,1641,0,76.75,68.4,9.79e-06,0.04643,0.9877,0.9972,0.001322,0.4389,0,0.0118,1.866,1.755
525,0.7446,0.5491,0.9821,1459,0.004464,76.75,57.02,9.79e-06,0.05909,0.9843,0.9943,0.002501,0.4361,0,0.009262,1.824,1.698
526,0.731,0.5357,0.9777,2177,0,76.75,71.75,9.79e-06,0.04014,0.9882,0.9975,0.00143,0.4661,0,0.01296,1.756,1.664
527,0.7134,0.5134,1,1392,0,76.75,54.11,9.79e-06,0.0672,0.9825,0.9936,0.003318,0.4055,0,0.01077,1.739,1.612
528,0.5982,0.4018,0.9821,1230,0,76.75,49.75,9.79e-06,0.0995,0.9682,0.9844,0.007672,0.3483,0,0.01104,1.977,1.768
529,0.5959,0.4018,0.9732,1242,0,76.75,71.4,9.79e-06,0.08412,0.9749,0.9893,0.005076,0.3401,0,0.01147,1.942,1.771
530,0.5036,0.308,0.9821,1579,0.004464,76.75,68.1,9.79e-06,0.07025,0.9762,0.9903,0.004321,0.3337,0,0.01264,2,1.844
531,0.5835,0.3839,1,1668,0,76.75,66.6,9.79e-06,0.06662,0.975,0.9897,0.005036,0.3241,0,0.01242,1.988,1.843
532,0.6334,0.4375,0.9821,1516,0,76.75,68.32,9.79e-06,0.05657,0.9834,0.9934,0.002863,0.349,0,0.01359,1.61,1.512
533,0.6457,0.4509,0.9821,1490,0.004464,76.75,70.28,9.79e-06,0.04822,0.9848,0.9958,0.002148,0.3905,0,0.011,1.554,1.482
534,0.6453,0.4509,0.9777,1594,0.004464,76.75,70.02,9.79e-06,0.04299,0.9873,0.9977,0.001671,0.4144,0,0.01211,1.642,1.568
535,0.5631,0.3661,0.9866,1348,0,76.75,61.6,9.79e-06,0.05408,0.9826,0.9956,0.003072,0.3566,0,0.01016,1.745,1.641
536,0.7295,0.5312,0.9911,1470,0,76.75,77.1,9.78e-06,0.05453,0.9848,0.9958,0.002034,0.4176,0,0.01015,1.885,1.774
537,0.6241,0.4241,1,1423,0,44.37,69.22,9.78e-06,0.05953,0.9846,0.9957,0.001919,0.4415,0,0.01171,1.762,1.662
538,0.6802,0.4821,0.9911,1786,0,59.04,53.08,9.78e-06,0.04805,0.9859,0.9957,0.002152,0.4053,0,0.01351,1.626,1.554
539,0.5704,0.3705,1,1516,0,59.04,42.61,9.78e-06,0.07091,0.9785,0.9931,0.004212,0.4148,0,0.01325,1.844,1.697
540,0.6107,0.4107,1,1476,0,63.92,51.44,9.78e-06,0.05999,0.9855,0.9952,0.002136,0.4218,0,0.01122,1.748,1.649
541,0.7084,0.5089,1,1412,0,77.28,39.94,9.78e-06,0.06287,0.9805,0.9945,0.00345,0.4287,0,0.01129,1.915,1.781
542,0.7172,0.5179,1,1507,0,77.28,65.82,9.78e-06,0.05052,0.9868,0.996,0.001893,0.3951,0,0.0153,1.573,1.5
543,0.6184,0.4196,0.9955,1457,0,77.28,32.39,9.78e-06,0.06142,0.9829,0.9953,0.002865,0.38,0,0.009673,1.818,1.708
544,0.654,0.4554,0.9955,1233,0,77.28,58.91,9.78e-06,0.06624,0.9796,0.9947,0.003411,0.433,0,0.01017,1.998,1.864
545,0.767,0.567,1,1184,0,77.28,64.93,9.78e-06,0.06719,0.9803,0.994,0.003457,0.3998,0,0.009891,1.776,1.658
546,0.8196,0.6205,0.9955,1349,0,77.28,64.95,9.78e-06,0.05919,0.9842,0.9956,0.002607,0.4452,0,0.01042,1.607,1.516
547,0.7257,0.5268,0.9955,1620,0,77.28,66.1,9.78e-06,0.05502,0.9835,0.996,0.002626,0.4541,0,0.01352,1.588,1.502
548,0.7705,0.5714,0.9955,1188,0,77.28,64.33,9.77e-06,0.06422,0.9843,0.9949,0.002522,0.4292,0,0.01093,1.521,1.426
549,0.9321,0.7321,1,1360,0,77.28,77.99,9.77e-06,0.05226,0.9844,0.9964,0.002361,0.4163,0,0.01326,1.664,1.58
550,0.9446,0.7455,0.9955,1227,0,77.28,48.28,9.77e-06,0.05532,0.985,0.9964,0.001793,0.3735,0,0.01042,1.736,1.642
551,0.8116,0.6116,1,907.7,0,77.28,64.05,9.77e-06,0.1269,0.9756,0.9838,0.005492,0.3869,0,0.01036,1.719,1.491
552,0.883,0.683,1,1038,0,77.28,55.63,9.77e-06,0.0679,0.9842,0.9952,0.002931,0.3727,0,0.008183,1.517,1.42
553,0.787,0.5893,0.9911,795.2,0,77.28,55.26,9.77e-06,0.0908,0.9798,0.9936,0.004145,0.4091,0,0.008766,1.651,1.51
554,0.6955,0.4955,1,1015,0,77.28,60.05,9.77e-06,0.07347,0.9813,0.9956,0.002873,0.4404,0,0.00956,1.751,1.628
555,0.6616,0.4643,0.9866,934.5,0,77.28,51,9.77e-06,0.08384,0.9791,0.9929,0.003842,0.3953,0,0.01234,1.742,1.607
556,0.7429,0.5446,0.9911,1032,0,77.28,58.6,9.77e-06,0.07965,0.9784,0.9926,0.004462,0.4342,0,0.0106,1.695,1.563
557,0.5661,0.3661,1,1284,0,77.28,59.38,9.77e-06,0.0637,0.9831,0.9955,0.003118,0.3931,0,0.009005,1.552,1.452
558,0.8107,0.6116,0.9955,1053,0,77.28,51.26,9.77e-06,0.08344,0.976,0.9916,0.005163,0.4225,0,0.01173,1.749,1.598
559,0.7625,0.5625,1,870.6,0,77.28,57.74,9.77e-06,0.0924,0.9736,0.9916,0.004819,0.3884,0,0.009768,2.005,1.804
560,0.8366,0.6384,0.9955,1553,0.004464,77.28,76.61,9.76e-06,0.0464,0.9841,0.9977,0.002012,0.4117,0,0.01406,1.666,1.593
561,0.6107,0.4107,1,1070,0,77.28,67.32,9.76e-06,0.07174,0.9807,0.9923,0.003827,0.4375,0,0.01121,1.536,1.419
562,0.6107,0.4107,1,1094,0,77.28,62.18,9.76e-06,0.05889,0.9853,0.9954,0.002302,0.4071,0,0.008785,1.408,1.329
563,0.6063,0.4062,1,1104,0,77.28,44.73,9.76e-06,0.0578,0.9848,0.9953,0.002749,0.3911,0,0.009749,1.411,1.334
564,0.6241,0.4241,1,884.1,0,77.28,29.25,9.76e-06,0.1034,0.9667,0.987,0.007808,0.3857,0,0.01075,1.899,1.689
565,0.6375,0.4375,1,1568,0,77.28,73.99,9.76e-06,0.05008,0.9866,0.9958,0.002,0.4356,0,0.01205,1.414,1.348
566,0.6671,0.4732,0.9955,1956,0.004464,77.28,65.01,9.76e-06,0.06006,0.981,0.9944,0.002681,0.4575,0,0.01305,1.723,1.594
567,0.6898,0.4911,1,1535,0,77.28,67.25,9.76e-06,0.06495,0.9792,0.9926,0.003653,0.417,0,0.01201,1.608,1.492
568,0.7214,0.5223,0.9955,1355,0,77.28,38.74,9.76e-06,0.07219,0.9814,0.994,0.00255,0.458,0,0.01247,1.618,1.493
569,0.6971,0.5,0.9955,1425,0.004464,77.28,57.06,9.76e-06,0.06679,0.9798,0.9942,0.003035,0.4322,0,0.01409,1.71,1.583
570,0.6903,0.4911,1,1888,0,77.28,76.87,9.76e-06,0.05451,0.9826,0.9964,0.002668,0.4318,0,0.01453,1.62,1.512
571,0.5385,0.3393,1,2020,0,77.28,68.26,9.76e-06,0.0593,0.9789,0.9945,0.00334,0.4086,0,0.01303,1.726,1.6
572,0.5571,0.3571,1,1491,0,77.28,70.93,9.75e-06,0.09007,0.9726,0.9889,0.005606,0.4671,0,0.0124,1.759,1.579
573,0.5816,0.3839,0.9911,1755,0,77.28,56.92,9.75e-06,0.06465,0.9811,0.9935,0.002937,0.3828,0,0.01359,1.623,1.512
574,0.5742,0.375,1,1854,0,77.28,72.14,9.75e-06,0.07409,0.9756,0.9906,0.0044,0.4037,0,0.01306,1.747,1.598
575,0.7308,0.5313,1,1408,0,77.28,57.67,9.75e-06,0.1063,0.9725,0.9855,0.006069,0.3789,0,0.01105,1.762,1.55
576,0.7036,0.5045,0.9955,919,0,77.28,51.73,9.75e-06,0.1541,0.9634,0.978,0.008552,0.3935,0,0.01261,1.994,1.675
577,0.6188,0.4196,0.9955,1124,0,77.28,48.18,9.75e-06,0.1338,0.9647,0.9795,0.008653,0.398,0,0.01329,2.011,1.693
578,0.7576,0.558,1,1328,0,77.28,66.63,9.75e-06,0.1447,0.965,0.9798,0.008883,0.386,0,0.01395,1.848,1.56
579,0.8071,0.6071,1,1122,0,77.28,44.97,9.75e-06,0.1259,0.9708,0.9828,0.005745,0.421,0,0.01287,1.861,1.59
580,0.7688,0.5714,0.9866,1482,0,77.28,58.03,9.75e-06,0.1006,0.9676,0.9857,0.007757,0.4574,0,0.01455,1.894,1.649
581,0.7489,0.5491,1,1731,0,77.28,66.09,9.75e-06,0.05618,0.9791,0.9958,0.003177,0.4226,0,0.01615,1.67,1.57
582,0.667,0.4688,0.9911,1646,0,77.28,66.94,9.75e-06,0.05315,0.9821,0.9953,0.002913,0.4217,0,0.01441,1.532,1.439
583,0.5946,0.3973,0.9911,1641,0.004464,77.28,65.67,9.75e-06,0.07284,0.974,0.9901,0.004741,0.4224,0,0.01476,1.742,1.602
584,0.4705,0.2723,0.9911,1441,0,77.28,59.12,9.74e-06,0.08744,0.9708,0.9861,0.006628,0.3771,0,0.01431,1.739,1.568
585,0.4591,0.2634,0.9866,1649,0.004464,77.28,75.12,9.74e-06,0.09052,0.9738,0.9854,0.005678,0.365,0,0.017,1.627,1.451
586,0.5014,0.3036,0.9955,1246,0,77.28,71.49,9.74e-06,0.1021,0.968,0.9856,0.008008,0.3306,0,0.01309,1.764,1.566
587,0.6309,0.433,0.9955,1318,0,77.28,70.61,9.74e-06,0.08209,0.9729,0.9888,0.005854,0.4061,0,0.01206,1.698,1.54
588,0.6161,0.4196,0.9866,1147,0.004464,77.28,61.17,9.74e-06,0.06884,0.9771,0.9941,0.004164,0.4158,0,0.01381,1.594,1.477
589,0.5902,0.3929,0.9866,1418,0,77.28,68.89,9.74e-06,0.04718,0.983,0.9957,0.002645,0.3903,0,0.01264,1.434,1.367
590,0.6269,0.4286,1,1537,0,77.28,76.75,9.74e-06,0.05354,0.9822,0.9954,0.003077,0.3347,0,0.01425,1.432,1.355
591,0.8205,0.6205,1,1399,0,77.28,57.36,9.74e-06,0.05678,0.98,0.9956,0.003571,0.3886,0,0.0151,1.579,1.482
592,0.8517,0.6518,1,1621,0,77.28,70.77,9.74e-06,0.0622,0.979,0.9951,0.003635,0.4711,0,0.01573,1.632,1.525
593,0.8375,0.6384,0.9955,1648,0,77.28,58.6,9.74e-06,0.06153,0.9776,0.9951,0.003613,0.4561,0,0.01834,1.683,1.575
594,0.6482,0.4509,0.9866,1578,0,58.04,47.88,9.74e-06,0.07754,0.9769,0.9922,0.004393,0.4553,0,0.01437,1.584,1.469
595,0.733,0.5357,0.9866,1552,0,59,53.84,9.73e-06,0.06173,0.979,0.9936,0.003833,0.4715,0,0.01582,1.494,1.406
596,0.6143,0.4152,0.9955,1694,0,59,62.5,9.73e-06,0.06086,0.9778,0.993,0.004516,0.4503,0,0.01595,1.517,1.431
597,0.6777,0.4777,1,1645,0,59,48.52,9.73e-06,0.07026,0.9789,0.993,0.004076,0.4404,0,0.01703,1.491,1.394
598,0.7179,0.5179,1,1732,0,59,50.44,9.73e-06,0.0492,0.9811,0.9941,0.003276,0.416,0,0.01286,1.434,1.365
599,0.7036,0.5045,0.9955,1284,0,59,52.38,9.73e-06,0.07541,0.9762,0.9911,0.004824,0.4407,0,0.01325,1.564,1.444
600,0.8071,0.6071,1,1033,0,59,46.84,9.73e-06,0.08185,0.9773,0.9918,0.004841,0.4546,0,0.01123,1.424,1.311
601,0.8518,0.6518,1,1235,0,59,58.6,9.73e-06,0.07105,0.979,0.9935,0.003785,0.4224,0,0.01503,1.432,1.333
602,0.8241,0.625,0.9955,1145,0,59,52.11,9.73e-06,0.06674,0.9802,0.9939,0.003758,0.4337,0,0.01333,1.391,1.3
603,0.8205,0.6205,1,1129,0,59,54.22,9.73e-06,0.09583,0.9711,0.985,0.006496,0.4147,0,0.01328,1.559,1.397
604,0.9795,0.7812,0.9911,1000,0,59,48.22,9.73e-06,0.1013,0.9745,0.9896,0.005148,0.3787,0,0.0123,1.701,1.527
605,0.9348,0.7366,0.9911,1360,0,59,56.2,9.73e-06,0.05728,0.9803,0.9957,0.002952,0.3872,0,0.1329,1.512,1.428
606,0.7571,0.558,0.9955,1647,0,59,56.88,9.73e-06,0.05821,0.9788,0.9937,0.003886,0.3542,0,0.01492,1.492,1.404
607,0.9268,0.7277,0.9955,1148,0,59,62.83,9.72e-06,0.08268,0.9757,0.992,0.004569,0.4022,0,0.01395,1.632,1.487
608,0.7025,0.5045,0.9955,1220,0,59,67.51,9.72e-06,0.0969,0.9749,0.9905,0.005052,0.3673,0,0.01136,1.805,1.609
609,0.7491,0.5491,1,1370,0,59,52.11,9.72e-06,0.0708,0.9778,0.9917,0.004155,0.4275,0,0.01295,1.503,1.399
610,0.5259,0.3259,1,1831,0,67.64,65.97,9.72e-06,0.06316,0.9775,0.9931,0.00365,0.438,0,0.0141,1.641,1.538
611,0.8183,0.6205,0.9911,1142,0,76.59,53.95,9.72e-06,0.1029,0.9625,0.9854,0.008843,0.3889,0,0.01309,2.012,1.765
612,0.8813,0.683,0.9911,1268,0,76.59,66.87,9.72e-06,0.06386,0.9804,0.9946,0.003549,0.391,0,0.01107,1.443,1.352
613,0.7804,0.5804,1,1225,0,76.59,53.14,9.72e-06,0.07702,0.9724,0.9904,0.005667,0.3827,0,0.01272,1.858,1.692
614,0.8786,0.6786,1,1024,0,76.59,48.91,9.72e-06,0.08192,0.9739,0.9902,0.00531,0.373,0,0.0132,1.63,1.483
615,0.7518,0.5536,0.9911,1075,0,76.59,34.2,9.72e-06,0.08329,0.9807,0.9913,0.003806,0.3873,0,0.0139,1.419,1.303
616,0.7366,0.5402,0.9821,1109,0,76.59,54.35,9.72e-06,0.09764,0.9712,0.9865,0.006358,0.3999,0,0.01289,1.746,1.543
617,0.5563,0.3571,0.9955,1170,0,76.59,52.21,9.72e-06,0.06881,0.9822,0.9935,0.003088,0.432,0,0.01202,1.362,1.273
618,0.5176,0.3214,0.9866,1837,0.004464,76.59,63.46,9.71e-06,0.0586,0.9786,0.9938,0.004333,0.375,0,0.01545,1.576,1.476
619,0.65,0.4509,0.9955,1473,0,76.59,57.1,9.71e-06,0.05503,0.9827,0.9939,0.00285,0.445,0,0.01443,1.386,1.312
620,0.6728,0.4732,0.9978,1217,0,76.59,52.65,9.71e-06,0.1158,0.9636,0.9806,0.0104,0.412,0,0.01439,1.843,1.583
621,0.7655,0.567,0.9955,1667,0,76.59,61.51,9.71e-06,0.06895,0.9787,0.9929,0.00379,0.3955,0,0.014,1.599,1.467
622,0.7714,0.5714,1,1877,0,76.59,64.3,9.71e-06,0.06201,0.9793,0.9942,0.003966,0.3969,0,0.0165,1.573,1.455
623,0.7231,0.5268,0.9955,1944,0.004464,76.59,85.85,9.71e-06,0.06484,0.9783,0.9946,0.004001,0.4487,0,0.01596,1.666,1.532
624,0.6388,0.442,0.9955,1756,0,76.59,71.14,9.71e-06,0.06613,0.979,0.9938,0.003722,0.4378,0,0.01554,1.663,1.527
625,0.5236,0.3259,0.9955,1640,0.004464,76.59,67.64,9.71e-06,0.06778,0.9779,0.9928,0.0042,0.3844,0,0.01452,1.662,1.53
626,0.508,0.308,1,1647,0,76.59,62.64,9.71e-06,0.0874,0.9727,0.9878,0.006093,0.4611,0,0.01586,1.7,1.53
627,0.5079,0.308,1,2063,0,76.59,69.75,9.71e-06,0.04932,0.9798,0.9939,0.004287,0.4348,0,0.01612,1.546,1.464
628,0.4446,0.2455,0.9955,1699,0,76.59,81.7,9.71e-06,0.06078,0.9768,0.9928,0.004427,0.3947,0,0.01983,1.698,1.585
629,0.7429,0.5446,0.9911,1244,0,76.59,48.17,9.7e-06,0.1037,0.9731,0.9875,0.006543,0.3962,0,0.01282,1.623,1.454
630,0.7313,0.5313,1,823.4,0,76.59,38.58,9.7e-06,0.1734,0.9546,0.9695,0.0115,0.387,0,0.01147,2.228,1.832
631,0.8179,0.6205,0.9866,866.4,0,76.59,52.6,9.7e-06,0.1691,0.9482,0.9704,0.01422,0.3901,0,0.01512,2.467,2.029
632,0.7357,0.5357,1,1070,0,76.59,50,9.7e-06,0.1374,0.9605,0.9787,0.01047,0.3807,0,0.01263,2.063,1.751
633,0.758,0.558,1,1329,0,76.59,62.72,9.7e-06,0.1005,0.9715,0.9867,0.006478,0.4202,0,0.01222,1.873,1.651
634,0.8009,0.6027,0.9911,1968,0,76.59,62.03,9.7e-06,0.04305,0.9843,0.9964,0.002606,0.4209,0,0.01558,1.562,1.489
635,0.7177,0.5179,1,1884,0,76.59,60.51,9.7e-06,0.0404,0.9833,0.9957,0.002903,0.4431,0,0.01388,1.478,1.416
636,0.6598,0.4598,1,1678,0,76.59,62.53,9.7e-06,0.0607,0.9813,0.9943,0.003382,0.3942,0,0.0135,1.598,1.49
637,0.6803,0.4821,0.9911,1972,0,76.59,67.91,9.7e-06,0.04542,0.9808,0.9929,0.003572,0.4213,0,0.01543,1.503,1.429
638,0.5427,0.3438,1,1722,0,76.59,70.78,9.7e-06,0.07988,0.9708,0.9861,0.006124,0.3213,0,0.01417,1.807,1.644
639,0.4604,0.2634,0.9955,1672,0.004464,76.59,70.76,9.69e-06,0.06913,0.9735,0.9895,0.005589,0.3797,0,0.02014,1.714,1.59
640,0.5159,0.317,0.9955,1173,0,76.59,70.76,9.69e-06,0.1104,0.963,0.9808,0.008374,0.343,0,0.01353,2.175,1.923
641,0.7705,0.5714,0.9955,1560,0,76.59,61.97,9.69e-06,0.06805,0.976,0.9911,0.004823,0.3543,0,0.01332,1.726,1.594
642,0.7212,0.5223,0.9955,1926,0,76.59,66.58,9.69e-06,0.03946,0.9821,0.9956,0.003252,0.3857,0,0.01726,1.552,1.491
643,0.6622,0.4643,0.9911,1500,0,76.59,68.55,9.69e-06,0.06041,0.9773,0.9915,0.004972,0.3099,0,0.0135,1.722,1.573
644,0.6642,0.4643,1,2058,0,76.59,69.1,9.69e-06,0.03387,0.985,0.9966,0.002321,0.4103,0,0.01472,1.465,1.416
645,0.689,0.4911,0.9911,1375,0,76.59,67.84,9.69e-06,0.05606,0.9782,0.9942,0.003745,0.4208,0,0.01356,1.822,1.706
646,0.8116,0.6116,1,1757,0,76.59,59.06,9.69e-06,0.05128,0.9836,0.9954,0.002296,0.4356,0,0.01677,1.613,1.526
647,0.749,0.5491,1,1650,0,76.59,64.15,9.69e-06,0.04952,0.982,0.9955,0.002657,0.4491,0,0.01439,1.75,1.659
648,0.8938,0.6964,0.9866,1621,0,76.59,72.13,9.69e-06,0.05853,0.9798,0.9947,0.00353,0.4404,0,0.01503,1.759,1.641
649,0.7844,0.5848,1,1416,0,76.59,68.23,9.69e-06,0.1037,0.961,0.9829,0.009129,0.4251,0,0.01679,2.276,1.998
650,0.838,0.6384,1,1461,0,76.59,67.93,9.68e-06,0.08079,0.9744,0.9897,0.005442,0.4068,0,0.01451,1.774,1.613
651,0.6866,0.4866,1,1679,0,63.45,72.15,9.68e-06,0.06608,0.9798,0.9921,0.003929,0.4464,0,0.01573,1.584,1.483
652,0.779,0.5804,0.9955,1676,0,64.29,56.66,9.68e-06,0.08452,0.9694,0.9871,0.007234,0.4203,0,0.01279,1.891,1.703
653,0.7212,0.5223,0.9955,1901,0,64.29,78.12,9.68e-06,0.05556,0.9826,0.9939,0.003238,0.4666,0,0.01784,1.575,1.496
654,0.8595,0.6607,0.9955,1485,0,64.29,45.08,9.68e-06,0.05124,0.9832,0.9958,0.003053,0.3841,0,0.01232,1.438,1.367
655,0.8009,0.6027,0.9911,1664,0,64.29,73.32,9.68e-06,0.04906,0.9817,0.994,0.003187,0.421,0,0.01448,1.552,1.479
656,0.9589,0.7589,1,1292,0,64.29,57.23,9.68e-06,0.06615,0.9783,0.9915,0.004569,0.3849,0,0.01127,1.616,1.493
657,0.8773,0.6786,0.9955,1355,0,64.29,75.17,9.68e-06,0.05734,0.9841,0.9954,0.002791,0.44,0,0.01373,1.464,1.373
658,0.8821,0.683,0.9955,1328,0,64.29,63.35,9.68e-06,0.04811,0.9843,0.9955,0.002382,0.37,0,0.01518,1.521,1.453
659,0.9168,0.7188,0.9911,1947,0,64.29,64.91,9.68e-06,0.03712,0.9859,0.9964,0.001924,0.4226,0,0.01688,1.535,1.48
660,0.9357,0.7366,0.9955,1330,0,64.29,59.31,9.67e-06,0.06168,0.9781,0.9922,0.003971,0.3682,0,0.01455,1.849,1.717
661,0.8911,0.692,0.9955,1475,0,64.29,66.64,9.67e-06,0.06381,0.9801,0.9921,0.003676,0.3599,0,0.01334,1.649,1.524
662,0.8547,0.6562,0.9955,1935,0,64.29,81.76,9.67e-06,0.05229,0.9811,0.9934,0.003183,0.3466,0,0.01862,1.662,1.571
663,0.7536,0.558,0.9777,1631,0,64.29,53.91,9.67e-06,0.07128,0.9737,0.9907,0.005941,0.4482,0,0.01496,1.864,1.713
664,0.8054,0.6071,0.9911,1816,0,64.29,67.15,9.67e-06,0.04503,0.9825,0.9956,0.002238,0.4318,0,0.01385,1.689,1.615
665,0.6854,0.4866,0.9955,1765,0,64.29,71.69,9.67e-06,0.04692,0.9838,0.9954,0.002573,0.4443,0,0.01465,1.532,1.463
666,0.733,0.5357,0.9866,1314,0,64.29,53.28,9.67e-06,0.0877,0.9726,0.9874,0.006391,0.4059,0,0.01311,1.78,1.599
667,0.842,0.6473,0.9732,1438,0,64.29,60.71,9.67e-06,0.06724,0.9747,0.9897,0.005539,0.4174,0,0.01398,1.821,1.646
668,0.8785,0.6786,1,1710,0,64.29,73.62,9.67e-06,0.0642,0.9747,0.9915,0.005485,0.3775,0,0.01269,1.754,1.615
669,0.775,0.5759,0.9955,1360,0,64.29,58.12,9.67e-06,0.1237,0.9517,0.9772,0.01364,0.3908,0,0.01246,2.422,2.051
670,0.7357,0.5402,0.9777,1358,0,64.29,43.32,9.66e-06,0.06833,0.9765,0.99,0.004767,0.4555,0,0.0131,1.663,1.533
671,0.717,0.5179,0.9955,1915,0,64.29,65.23,9.66e-06,0.06962,0.9746,0.9876,0.005634,0.4321,0,0.01477,1.664,1.519
672,0.7804,0.5848,0.9777,1155,0,64.29,33.89,9.66e-06,0.07831,0.9732,0.9883,0.006256,0.4354,0,0.01413,1.665,1.502
673,0.6643,0.4643,1,1246,0,64.29,28.57,9.66e-06,0.0538,0.9829,0.995,0.002716,0.4371,0,0.01239,1.49,1.415
674,0.6277,0.4286,0.9955,1073,0,64.29,36.6,9.66e-06,0.1032,0.9662,0.9837,0.008293,0.4019,0,0.0126,1.933,1.687
675,0.6402,0.442,0.9911,1452,0,64.29,42.34,9.66e-06,0.06327,0.977,0.992,0.005123,0.457,0,0.01225,1.541,1.442
676,0.6754,0.4777,0.9888,1255,0,64.29,26.81,9.66e-06,0.0713,0.9762,0.9904,0.005556,0.3587,0,0.01318,1.594,1.461
677,0.7268,0.5268,1,1425,0,64.29,42.39,9.66e-06,0.06581,0.9759,0.9909,0.005401,0.4494,0,0.01569,1.64,1.507
678,0.7848,0.5848,1,1182,0,64.29,41.92,9.66e-06,0.07338,0.9745,0.9906,0.006164,0.4116,0,0.01583,1.639,1.487
679,0.6857,0.4866,0.9955,1714,0,64.29,54.38,9.66e-06,0.07178,0.9737,0.9879,0.006115,0.4226,0,0.01525,1.774,1.598
680,0.7283,0.5312,0.9866,1762,0,64.29,67.37,9.65e-06,0.08008,0.9673,0.9867,0.008436,0.4183,0,0.01675,1.93,1.712
681,0.7233,0.5268,0.9911,2067,0,64.29,62.5,9.65e-06,0.06461,0.9751,0.9911,0.005288,0.4468,0,0.01577,1.723,1.574
682,0.7504,0.5536,0.9844,1433,0,66.66,40.07,9.65e-06,0.09755,0.963,0.9827,0.009726,0.4191,0,0.01677,1.972,1.719
683,0.7571,0.558,0.9955,1879,0,66.66,75.91,9.65e-06,0.07497,0.9753,0.9888,0.005225,0.4627,0,0.01556,1.684,1.507
684,0.7132,0.5134,1,1756,0,66.66,68.44,9.65e-06,0.05886,0.9767,0.9927,0.004263,0.4608,0,0.0175,1.662,1.547
685,0.6955,0.5,0.9777,1611,0,66.66,52.41,9.65e-06,0.06,0.9783,0.9931,0.004677,0.4596,0,0.01736,1.583,1.491
686,0.6125,0.4152,0.9866,1717,0,66.66,54.8,9.65e-06,0.0634,0.9725,0.9894,0.006242,0.4324,0,0.01918,1.672,1.563
687,0.5955,0.3973,0.9911,1568,0,66.66,55.6,9.65e-06,0.07299,0.9712,0.991,0.006881,0.4242,0,0.01503,1.779,1.628
688,0.5679,0.3705,0.9866,1765,0,66.66,60.81,9.65e-06,0.07829,0.9693,0.9897,0.006949,0.4321,0,0.0203,1.9,1.715
689,0.6804,0.4866,0.9688,939.4,0,66.66,35.77,9.65e-06,0.1439,0.9541,0.9755,0.01324,0.3335,0,0.01746,2.124,1.759
690,0.658,0.4598,0.9911,1502,0,66.66,54.43,9.64e-06,0.1393,0.9491,0.9714,0.01467,0.4016,0,0.01536,2.333,1.928
691,0.7911,0.5938,0.9866,1145,0,66.66,47.83,9.64e-06,0.1424,0.9517,0.9728,0.01359,0.4179,0,0.01513,2.201,1.836
692,0.6893,0.4911,0.9911,1019,0,66.66,52.56,9.64e-06,0.1329,0.9537,0.9763,0.01381,0.4154,0,0.0144,2.095,1.765
693,0.8063,0.6071,0.9955,1650,0,66.66,47.8,9.64e-06,0.04884,0.9713,0.9917,0.006963,0.4533,0,0.02586,1.685,1.605
694,0.8152,0.6161,0.9955,1247,0,66.66,59.86,9.64e-06,0.09794,0.9618,0.9826,0.01091,0.4495,0,0.01605,1.88,1.645
695,0.7429,0.5446,0.9911,1467,0,66.66,43.06,9.64e-06,0.05316,0.9745,0.9909,0.005681,0.4117,0,0.01605,1.517,1.439
696,0.7299,0.5357,0.971,1407,0,66.66,51.21,9.64e-06,0.07004,0.9704,0.9877,0.007043,0.3499,0,0.01378,1.737,1.616
697,0.4195,0.2232,0.9821,1474,0,66.66,52.2,9.64e-06,0.09303,0.9637,0.981,0.00963,0.3268,0,0.016,1.894,1.682
698,0.5799,0.3884,0.9576,1433,0,66.66,56.85,9.64e-06,0.07715,0.9695,0.9847,0.008011,0.3196,0,0.01783,1.661,1.521
699,0.5366,0.3437,0.9643,1333,0,66.66,52.76,9.64e-06,0.07546,0.9655,0.9852,0.009326,0.3208,0,0.01401,1.794,1.642
700,0.5991,0.4062,0.9643,1275,0,67.35,44.3,9.63e-06,0.06814,0.9698,0.9871,0.007891,0.3441,0,0.01496,1.641,1.524
701,0.7098,0.5134,0.9821,1205,0,67.35,41.38,9.63e-06,0.04903,0.9744,0.9928,0.006077,0.3795,0,0.01696,1.614,1.537
702,0.5571,0.3571,1,1267,0,67.35,40.72,9.63e-06,0.05313,0.9753,0.9921,0.005901,0.3666,0,0.01466,1.562,1.48
703,0.6759,0.4777,0.9911,1069,0,67.35,39.5,9.63e-06,0.07433,0.9659,0.986,0.009333,0.3871,0,0.01611,1.794,1.632
704,0.708,0.5089,0.9955,995,0,67.35,41.57,9.63e-06,0.07523,0.9691,0.988,0.007651,0.41,0,0.01587,1.696,1.568
705,0.8576,0.6607,0.9844,994.3,0,67.35,37.8,9.63e-06,0.07851,0.9686,0.988,0.006862,0.4008,0,0.01431,1.787,1.641
706,0.9549,0.7589,0.9799,1037,0,67.35,40.42,9.63e-06,0.103,0.9601,0.9818,0.009854,0.4009,0,0.01522,2.005,1.78
707,0.7946,0.5982,0.9821,1202,0,67.35,37.66,9.63e-06,0.07233,0.9647,0.9872,0.008253,0.4399,0,0.02323,1.913,1.768
708,0.9179,0.7188,0.9955,1055,0,67.35,43.3,9.63e-06,0.09011,0.9656,0.9837,0.008555,0.3806,0,0.01576,1.783,1.601
709,0.7714,0.5714,1,1141,0,67.35,42.72,9.63e-06,0.09189,0.9624,0.9845,0.00976,0.3595,0,0.01177,1.829,1.645
710,0.7571,0.558,0.9955,1041,0,67.35,40.41,9.62e-06,0.09456,0.9589,0.9833,0.01068,0.3601,0,0.01661,1.886,1.687
711,0.9214,0.7232,0.9911,1056,0,67.35,34.38,9.62e-06,0.08916,0.9623,0.9852,0.009792,0.3463,0,0.013,1.816,1.634
712,0.6366,0.4509,0.9286,832.4,0,67.35,39.04,9.62e-06,0.1516,0.9436,0.9699,0.01719,0.3818,0,0.01525,2.273,1.873
713,0.7513,0.5714,0.8996,991.6,0,67.35,21.73,9.62e-06,0.08637,0.9697,0.9846,0.007588,0.3948,0,0.01652,1.509,1.383
714,0.6679,0.4821,0.9286,906.4,0,67.35,25.96,9.62e-06,0.08631,0.9671,0.9846,0.008016,0.3498,0,0.01737,1.619,1.483
715,0.5991,0.4196,0.8973,852.8,0,67.35,24.08,9.62e-06,0.1003,0.9659,0.9817,0.009039,0.4036,0,0.01404,1.604,1.454
716,0.7259,0.5402,0.9286,978.3,0,40.34,23.04,9.62e-06,0.08209,0.9686,0.9854,0.008148,0.4235,0,0.01327,1.57,1.447
717,0.575,0.4062,0.8438,986.5,0,40.34,33.15,9.62e-06,0.08908,0.964,0.9835,0.009382,0.4619,0,0.01552,1.738,1.596
718,0.65,0.4688,0.9062,888.8,0,40.34,26.9,9.62e-06,0.0866,0.9663,0.9835,0.00839,0.4663,0,0.01587,1.709,1.572
719,0.6848,0.4955,0.9464,878,0,40.34,32.06,9.61e-06,0.1206,0.9513,0.9737,0.01457,0.372,0,0.01377,1.983,1.688
720,0.7375,0.5491,0.942,782.3,0,40.34,25.53,9.61e-06,0.1189,0.9544,0.9745,0.01336,0.4194,0,0.01334,1.912,1.645
721,0.7946,0.6205,0.8705,795.6,0,40.34,31.99,9.61e-06,0.08943,0.9644,0.9821,0.009238,0.4428,0,0.0149,1.637,1.495
722,0.7188,0.5402,0.8929,839,0,40.34,26.83,9.61e-06,0.1075,0.9619,0.9822,0.0103,0.3592,0,0.01492,2.176,1.606
723,0.7179,0.5357,0.9107,717,0,40.34,24.23,9.61e-06,0.09883,0.962,0.9807,0.01029,0.3763,0,0.01362,1.749,1.582
724,0.5705,0.3973,0.8661,663.9,0,40.34,21.63,9.61e-06,0.1004,0.9626,0.983,0.00991,0.3472,0,0.01613,1.688,1.527
725,0.8205,0.6429,0.8884,715.5,0,40.34,24.23,9.61e-06,0.08773,0.969,0.9849,0.008498,0.4342,0,0.01401,1.54,1.412
726,0.8384,0.6562,0.9107,695.6,0,40.34,26.73,9.61e-06,0.08925,0.9691,0.9848,0.007925,0.3791,0,0.0114,1.536,1.404
727,0.7543,0.567,0.9375,772.1,0,71.96,41.57,9.61e-06,0.1112,0.9559,0.9768,0.0133,0.4136,0,0.01657,1.782,1.582
728,0.5455,0.3661,0.8973,820.4,0,71.96,25.23,9.6e-06,0.09652,0.9606,0.9786,0.01132,0.3207,0,0.01388,1.683,1.525
729,0.717,0.5268,0.9509,665.7,0,71.96,21.58,9.6e-06,0.1072,0.9605,0.98,0.01067,0.4154,0,0.01407,1.714,1.54
730,0.7295,0.5536,0.8795,691.6,0,71.96,23.49,9.6e-06,0.1281,0.9491,0.971,0.01518,0.3791,0,0.01832,1.969,1.706
731,0.6906,0.5089,0.9085,776.7,0,71.96,22.26,9.6e-06,0.08902,0.9616,0.982,0.01023,0.3315,0,0.01718,1.711,1.566
732,0.858,0.6741,0.9196,716.1,0,71.96,17.22,9.6e-06,0.1012,0.9596,0.9797,0.0116,0.4071,0,0.0144,1.739,1.542
733,0.8482,0.6696,0.8929,796,0,71.96,22.9,9.6e-06,0.09002,0.9592,0.9804,0.01098,0.4248,0,0.01449,1.747,1.596
734,0.8375,0.6562,0.9062,735.3,0,71.96,21.97,9.6e-06,0.09952,0.9575,0.9789,0.01202,0.3752,0,0.01455,1.751,1.583
735,0.6964,0.5179,0.8929,663.4,0,71.96,17.22,9.6e-06,0.1009,0.9635,0.9795,0.01004,0.3418,0,0.01366,1.611,1.457
736,0.7027,0.5223,0.9018,653,0,71.96,17.52,9.6e-06,0.1181,0.959,0.9747,0.01156,0.4042,0,0.0151,1.746,1.514
737,0.692,0.5223,0.8482,796.2,0,71.96,19.12,9.6e-06,0.1149,0.9581,0.974,0.01155,0.4442,0,0.01111,1.821,1.58
738,0.6732,0.4866,0.933,583.5,0,71.96,14.34,9.59e-06,0.1137,0.9572,0.9784,0.01252,0.3969,0,0.01487,1.774,1.573
739,0.6286,0.442,0.933,646.8,0,71.96,17.58,9.59e-06,0.09529,0.966,0.9826,0.01025,0.4018,0,0.01795,1.534,1.394
740,0.767,0.5804,0.933,649.1,0,71.96,21.52,9.59e-06,0.09673,0.964,0.9821,0.01045,0.39,0,0.01677,1.575,1.429
741,0.6964,0.5134,0.9152,561.7,0,71.96,14.25,9.59e-06,0.1472,0.9477,0.9672,0.01514,0.4604,0,0.01422,2.097,1.757
742,0.5473,0.3616,0.9286,634.5,0,71.96,16.93,9.59e-06,0.1177,0.9602,0.978,0.01135,0.3904,0,0.01606,1.816,1.586
743,0.6107,0.4286,0.9107,515.1,0,71.96,9.436,9.59e-06,0.1351,0.9512,0.9747,0.01326,0.4305,0,0.01509,2.042,1.772
744,0.6643,0.4866,0.8884,513.4,0,71.96,8.657,9.59e-06,0.1245,0.9519,0.9745,0.01349,0.3838,0,0.01458,2.103,1.847
745,0.5804,0.4196,0.8036,623,0,71.96,19.76,9.59e-06,0.1213,0.9503,0.9727,0.01446,0.4365,0,0.0144,2.102,1.841
746,0.4955,0.317,0.8929,606,0,71.96,20.93,9.59e-06,0.1331,0.9514,0.9702,0.01362,0.4347,0,0.01504,1.953,1.693
747,0.5813,0.4062,0.875,614,0,71.96,17.62,9.58e-06,0.1357,0.9527,0.9715,0.01346,0.42,0,0.0133,1.951,1.667
748,0.558,0.3884,0.8482,540.3,0,71.96,16.99,9.58e-06,0.1519,0.9452,0.9687,0.01628,0.4628,0,0.01669,2.125,1.8
749,0.542,0.3705,0.8571,437.1,0,71.96,16.61,9.58e-06,0.1852,0.9399,0.9648,0.01701,0.3554,0,0.01264,2.457,2.024
750,0.5411,0.3661,0.875,431.7,0,71.96,14.47,9.58e-06,0.1594,0.9452,0.9694,0.01634,0.3596,0,0.01203,2.188,1.855
751,0.6723,0.4911,0.9062,458,0,71.96,15.03,9.58e-06,0.1686,0.9444,0.9646,0.01554,0.3567,0,0.01522,2.208,1.848
752,0.5339,0.3482,0.9286,487.5,0,71.96,14.96,9.58e-06,0.1469,0.9446,0.9707,0.01579,0.3992,0,0.01738,2.157,1.856
753,0.7929,0.5938,0.9955,382.3,0,71.96,15.77,9.58e-06,0.2035,0.9304,0.9576,0.02181,0.396,0,0.01405,2.467,1.965
754,0.7384,0.5402,0.9911,459.1,0,71.96,15.71,9.58e-06,0.1866,0.9397,0.9622,0.01851,0.3773,0,0.01102,2.224,1.816
755,0.6902,0.4911,0.9955,416.8,0,71.96,16.17,9.58e-06,0.2024,0.9312,0.9556,0.0215,0.4038,0,0.01204,2.48,1.982
756,0.7045,0.5045,1,402.9,0,71.96,16.09,9.57e-06,0.214,0.9338,0.953,0.01941,0.357,0,0.01208,2.43,1.896
757,0.758,0.558,1,413.3,0,71.96,13.59,9.57e-06,0.1705,0.9425,0.9657,0.01718,0.4415,0,0.01161,2.071,1.728
758,0.6545,0.4554,0.9955,381.3,0,71.96,13.81,9.57e-06,0.1748,0.9411,0.9669,0.01639,0.4566,0,0.01485,2.322,1.92
759,0.7222,0.5223,1,447.7,0,71.96,26.47,9.57e-06,0.1892,0.9372,0.9598,0.01963,0.4726,0,0.0131,2.377,1.924
760,0.7804,0.5804,1,422.3,0,71.96,15.09,9.57e-06,0.1593,0.9473,0.9718,0.01562,0.4006,0,0.01266,2.009,1.681
761,0.5705,0.3705,1,389.1,0,71.96,22.26,9.57e-06,0.1872,0.9504,0.9665,0.01467,0.3447,0,0.01375,1.906,1.555
762,0.7214,0.5223,0.9955,387.8,0,71.96,15.13,9.57e-06,0.1836,0.9402,0.9649,0.01755,0.3633,0,0.01494,2.271,1.868
763,0.6241,0.4241,1,390.3,0,71.96,16.74,9.57e-06,0.1948,0.9458,0.9649,0.01551,0.3945,0,0.01603,2.009,1.619
764,0.7045,0.5045,1,449.5,0,71.96,15.34,9.57e-06,0.1715,0.9522,0.9735,0.01373,0.3881,0,0.01286,1.908,1.586
765,0.575,0.375,1,452.3,0,71.96,14.58,9.56e-06,0.1407,0.9515,0.9763,0.01316,0.3672,0,0.01246,1.984,1.692
766,0.6366,0.4375,0.9955,503.9,0,71.96,18.86,9.56e-06,0.1603,0.9565,0.9776,0.01187,0.3907,0,0.01474,2.956,1.692
767,0.5705,0.3705,1,546.6,0,71.96,17.62,9.56e-06,0.129,0.9558,0.9785,0.0114,0.3936,0,0.01471,2.009,1.757
768,0.8339,0.6339,1,488.9,0,71.96,15.81,9.56e-06,0.1273,0.9556,0.9801,0.01261,0.3598,0,0.01411,1.944,1.701
769,1.017,0.817,1,493.3,0,71.96,16.71,9.56e-06,0.1316,0.9537,0.98,0.01288,0.386,0,0.01398,2.053,1.786
770,0.9054,0.7054,1,536,0,71.96,17.09,9.56e-06,0.1268,0.9547,0.9804,0.01292,0.4195,0,0.01388,2.031,1.763
771,0.7893,0.5893,1,540.9,0,71.96,17.12,9.56e-06,0.121,0.956,0.9821,0.01171,0.4175,0,0.01596,1.954,1.721
772,0.9455,0.7455,1,608.5,0,71.96,17.25,9.56e-06,0.1065,0.9576,0.9829,0.01172,0.4072,0,0.01744,1.899,1.698
773,0.825,0.625,1,537.2,0,71.96,17.71,9.56e-06,0.154,0.9462,0.9726,0.01463,0.3916,0,0.01354,2.268,1.88
774,0.767,0.567,1,590.8,0,71.96,17.21,9.55e-06,0.1336,0.9479,0.9774,0.01493,0.3662,0,0.01443,2.195,1.891
775,0.8339,0.6339,1,640.4,0,71.96,16.82,9.55e-06,0.1069,0.9593,0.9814,0.01123,0.4163,0,0.01423,1.811,1.619
776,0.7357,0.5357,1,518.4,0,71.96,16.05,9.55e-06,0.1311,0.9577,0.9792,0.0115,0.4238,0,0.01472,1.81,1.588
777,0.6911,0.4911,1,491.8,0,71.96,17.63,9.55e-06,0.1461,0.9516,0.9758,0.01357,0.4278,0,0.01483,1.902,1.637
778,0.6554,0.4554,1,567.8,0,71.96,18.04,9.55e-06,0.1356,0.9527,0.9764,0.01352,0.4332,0,0.01407,1.907,1.663
779,0.7313,0.5312,1,490,0,71.96,18.33,9.55e-06,0.1491,0.9538,0.9758,0.01249,0.4165,0,0.01262,1.876,1.617
780,0.7714,0.5714,1,487.9,0,71.96,15.23,9.55e-06,0.1384,0.958,0.9765,0.01185,0.4327,0,0.01379,1.753,1.51
781,0.8652,0.6652,1,516.4,0,71.96,12.4,9.55e-06,0.175,0.9486,0.9674,0.01464,0.4026,0,0.01702,2.073,1.662
782,0.7446,0.5446,1,540.5,0,71.96,13.73,9.55e-06,0.1486,0.9537,0.9765,0.01251,0.4119,0,0.01372,2.053,1.696
783,0.758,0.558,1,567.4,0,71.96,13.31,9.54e-06,0.1312,0.9557,0.978,0.01244,0.3932,0,0.01399,1.896,1.616
784,0.7705,0.5714,0.9955,577.6,0,71.96,21.08,9.54e-06,0.1367,0.9553,0.9762,0.0127,0.4108,0,0.01296,1.899,1.601
785,0.6955,0.4955,1,530.6,0,71.96,16.62,9.54e-06,0.1313,0.962,0.9786,0.01046,0.4315,0,0.01389,1.667,1.428
786,0.6152,0.4152,1,549.4,0,71.96,14.93,9.54e-06,0.1325,0.9565,0.9741,0.01224,0.4249,0,0.01474,1.736,1.509
787,0.7045,0.5045,1,562.4,0,71.96,16.47,9.54e-06,0.1394,0.9563,0.9738,0.01261,0.4264,0,0.01664,1.684,1.453
788,0.6955,0.4955,1,540.6,0,71.96,15.03,9.54e-06,0.1407,0.9578,0.9772,0.01248,0.413,0,0.01707,1.73,1.472
789,0.6375,0.4375,1,537.3,0,71.96,18.41,9.54e-06,0.1562,0.952,0.971,0.01366,0.4415,0,0.01682,1.936,1.618
790,0.7938,0.5938,1,464.4,0,71.96,16.69,9.54e-06,0.1723,0.9548,0.9735,0.01139,0.4494,0,0.01259,1.964,1.593
791,0.9411,0.7411,1,483.3,0,71.96,18.62,9.53e-06,0.2095,0.9412,0.9592,0.017,0.3697,0,0.01269,2.394,1.821
792,0.6509,0.4509,1,572.2,0,71.96,23.36,9.53e-06,0.142,0.9567,0.9779,0.01167,0.4111,0,0.01535,1.818,1.541
793,0.767,0.567,1,558.1,0,71.96,13.37,9.53e-06,0.1382,0.9569,0.9794,0.01155,0.4183,0,0.01781,1.877,1.588
794,0.8339,0.6339,1,633.8,0,71.96,14.4,9.53e-06,0.1375,0.9584,0.9765,0.01091,0.4158,0,0.01828,1.846,1.562
795,0.704,0.5045,0.9978,678.9,0,71.96,15.13,9.53e-06,0.1128,0.9649,0.9847,0.00954,0.4594,0,0.01499,1.631,1.436
796,0.7482,0.5491,0.9955,651.8,0,71.96,18.57,9.53e-06,0.1043,0.967,0.9865,0.008836,0.4019,0,0.01771,1.613,1.446
797,0.7308,0.5312,0.9978,680.2,0,71.96,19.61,9.53e-06,0.1173,0.9618,0.9828,0.009257,0.4463,0,0.01377,1.801,1.561
798,0.7045,0.5045,1,610.1,0,71.96,19.8,9.53e-06,0.1307,0.9545,0.9785,0.01218,0.4386,0,0.01483,1.883,1.624
799,0.642,0.442,1,572.1,0,71.96,18.16,9.53e-06,0.1168,0.9611,0.9809,0.009973,0.396,0,0.01634,1.731,1.533
800,0.7402,0.5402,1,567.3,0,71.96,21.19,9.52e-06,0.1467,0.955,0.9768,0.01275,0.3894,0,0.02014,1.835,1.562
801,0.7179,0.5179,1,589.9,0,71.96,15.93,9.52e-06,0.1115,0.9644,0.9836,0.009664,0.3673,0,0.01253,1.646,1.464
802,0.7536,0.5536,1,674.4,0,71.96,20.29,9.52e-06,0.1071,0.9674,0.9828,0.007949,0.4191,0,0.015,1.575,1.41
803,0.6152,0.4152,1,553.8,0,71.96,19.3,9.52e-06,0.1221,0.9627,0.9818,0.01035,0.4168,0,0.01449,1.663,1.463
804,0.7446,0.5446,1,608.6,0,71.96,17.98,9.52e-06,0.1067,0.9638,0.9837,0.01029,0.4047,0,0.01576,1.616,1.448
805,0.7536,0.5536,1,721.8,0,71.96,15.15,9.52e-06,0.09832,0.9648,0.9841,0.009679,0.3548,0,0.01638,1.584,1.436
806,0.7089,0.5089,1,690.9,0,71.96,14.11,9.52e-06,0.09977,0.9677,0.9849,0.008118,0.3463,0,0.01971,1.526,1.378
807,0.6866,0.4866,1,634.8,0,71.96,21.77,9.52e-06,0.1128,0.9604,0.9819,0.01086,0.4027,0,0.01773,1.722,1.529
808,0.6554,0.4554,1,722.8,0,71.96,15.75,9.51e-06,0.1142,0.9611,0.9773,0.01066,0.3738,0,0.01757,1.603,1.418
809,0.7804,0.5804,1,644,0,71.96,18.55,9.51e-06,0.1077,0.9645,0.982,0.0094,0.3672,0,0.01453,1.555,1.395
810,0.9857,0.7857,1,662.8,0,71.96,21.12,9.51e-06,0.1429,0.9536,0.9717,0.01289,0.3784,0,0.01562,1.861,1.575
811,0.8696,0.6696,1,703.6,0,71.96,19.57,9.51e-06,0.1259,0.958,0.9764,0.01176,0.4077,0,0.01757,1.644,1.446
812,0.9411,0.7411,1,680.3,0,71.96,21.29,9.51e-06,0.1116,0.9624,0.9821,0.009996,0.3985,0,0.01739,1.605,1.43
813,0.9143,0.7143,1,719,0,71.96,20.02,9.51e-06,0.1239,0.9584,0.9771,0.01119,0.4401,0,0.02101,1.666,1.467
814,0.4991,0.2991,1,651,0,71.96,24.91,9.51e-06,0.167,0.9529,0.9643,0.01356,0.3596,0,0.01684,1.683,1.412
815,0.6821,0.4821,1,621.4,0,71.96,24.89,9.51e-06,0.1778,0.9488,0.9623,0.01499,0.4144,0,0.01831,1.825,1.507
816,0.6152,0.4152,1,659.7,0,71.96,14.1,9.51e-06,0.1717,0.9473,0.963,0.01572,0.3793,0,0.02026,1.85,1.52
817,0.7089,0.5089,1,542.2,0,71.96,12.2,9.5e-06,0.2004,0.9517,0.9636,0.01353,0.3883,0,0.01777,1.722,1.399
818,0.5973,0.3973,1,561.1,0,71.96,16.63,9.5e-06,0.2175,0.9413,0.9526,0.01628,0.3994,0,0.01538,2.115,1.631
819,0.6286,0.4286,1,588.2,0,71.96,27.49,9.5e-06,0.2369,0.9377,0.9454,0.01794,0.3889,0,0.01966,2.06,1.569
820,0.508,0.308,1,608.7,0,71.96,17.86,9.5e-06,0.2094,0.9415,0.9549,0.01754,0.3713,0,0.01841,2.027,1.582
821,0.7313,0.5312,1,521.3,0,71.96,15.87,9.5e-06,0.2214,0.9452,0.9502,0.0162,0.3818,0,0.01942,1.866,1.449
822,0.6509,0.4509,1,451.3,0,71.96,17.14,9.5e-06,0.2973,0.9341,0.9398,0.01884,0.38,0,0.02247,2.154,1.553
823,0.7268,0.5268,1,463.5,0,71.96,20.48,9.5e-06,0.2711,0.9379,0.9417,0.01756,0.3768,0,0.02281,2.032,1.495
824,0.5616,0.3616,1,558.2,0,71.96,20.8,9.5e-06,0.2706,0.9439,0.9384,0.01631,0.4199,0,0.01938,1.854,1.387
825,0.5031,0.3036,0.9978,471.9,0,71.96,18.4,9.49e-06,0.2975,0.9509,0.934,0.01252,0.3744,0,0.01873,1.759,1.282
826,0.5482,0.3482,1,521.1,0,71.96,20.22,9.49e-06,0.3199,0.9429,0.9294,0.01547,0.3651,0,0.02016,1.991,1.389
827,0.7,0.5,1,483.7,0,71.96,15.32,9.49e-06,0.3478,0.9408,0.9232,0.01595,0.4334,0,0.02427,1.991,1.378
828,0.6821,0.4821,1,490.8,0,71.96,13.72,9.49e-06,0.3585,0.9442,0.9222,0.014,0.4634,0,0.02237,1.941,1.333
829,0.5214,0.3214,1,460,0,71.96,15.98,9.49e-06,0.3775,0.9355,0.9195,0.01743,0.4027,0,0.01788,2.34,1.556
830,0.633,0.433,1,449.3,0,71.96,13.31,9.49e-06,0.3528,0.9407,0.9224,0.01604,0.4182,0,0.02159,1.905,1.316
831,0.4768,0.2768,1,432.8,0,71.96,12.49,9.49e-06,0.4475,0.9293,0.9004,0.01856,0.3887,0,0.02457,2.147,1.347
832,0.6013,0.4018,0.9978,432.3,0,71.96,13.09,9.49e-06,0.4615,0.9315,0.8964,0.01709,0.3821,0,0.02392,2.167,1.343
833,0.5884,0.3884,1,429.6,0,71.96,13.28,9.48e-06,0.4744,0.9304,0.8905,0.01708,0.411,0,0.02479,2.171,1.325
834,0.7625,0.5625,1,410.2,0,71.96,14.61,9.48e-06,0.5099,0.9304,0.8856,0.01681,0.406,0,0.02792,2.266,1.311
835,0.7563,0.558,0.9911,446.4,0,71.96,15.1,9.48e-06,0.4731,0.9319,0.8912,0.0171,0.4328,0,0.02584,2.287,1.329
836,0.7982,0.5982,1,410.5,0,71.96,13.81,9.48e-06,0.4849,0.9351,0.8952,0.01658,0.4551,0,0.02463,2.231,1.288
837,0.7438,0.5446,0.9955,392.1,0,71.96,13.59,9.48e-06,0.558,0.9247,0.8743,0.01795,0.4321,0,0.03197,2.487,1.349
838,0.7045,0.5045,1,363.1,0,71.96,12.72,9.48e-06,0.6048,0.9299,0.865,0.01502,0.4275,0,0.02286,2.402,1.237
839,0.7848,0.5848,1,355.2,0,71.96,12.54,9.48e-06,0.5342,0.9484,0.8892,0.00958,0.3923,0,0.02029,2.04,1.135
840,0.8384,0.6384,1,355.5,0,71.96,14.53,9.48e-06,0.6076,0.9304,0.8617,0.01378,0.4237,0,0.02532,2.313,1.214
841,0.8241,0.625,0.9955,339.2,0,71.96,14.19,9.48e-06,0.601,0.9285,0.8741,0.01669,0.4181,0,0.02835,2.599,1.39
842,0.6371,0.4375,0.9978,352.3,0,71.96,10.55,9.47e-06,0.6019,0.9313,0.8717,0.01418,0.3955,0,0.02064,2.504,1.262
843,0.6281,0.4286,0.9978,358.9,0,71.96,19.99,9.47e-06,0.6451,0.9247,0.8595,0.01723,0.4284,0,0.0253,2.587,1.303
844,0.6688,0.4688,1,297.6,0,71.96,9.657,9.47e-06,0.6879,0.9238,0.8585,0.0168,0.4437,0,0.02847,2.717,1.303
845,0.7089,0.5089,1,319.7,0,71.96,9.581,9.47e-06,0.595,0.9347,0.8727,0.01308,0.4632,0,0.01934,2.354,1.234
846,0.6464,0.4464,1,378.5,0,71.96,10.19,9.47e-06,0.5243,0.9342,0.8867,0.01504,0.4667,0,0.04806,2.24,1.271
847,0.5795,0.3795,1,404.7,0,71.96,15.09,9.47e-06,0.4115,0.9435,0.9145,0.01485,0.4326,0,0.02316,1.947,1.244
848,0.633,0.433,1,404.4,0,71.96,13.75,9.47e-06,0.3504,0.9452,0.9265,0.01426,0.4246,0,0.02872,1.827,1.263
849,0.6098,0.4107,0.9955,430.1,0,71.96,9.187,9.47e-06,0.2497,0.9594,0.9549,0.01093,0.4122,0,0.01738,1.574,1.208
850,0.6817,0.4821,0.9978,471,0,71.96,11.13,9.46e-06,0.1924,0.9641,0.9658,0.009848,0.3709,0,0.01607,1.451,1.189
851,0.6911,0.4911,1,505.9,0,71.96,11.1,9.46e-06,0.1817,0.9649,0.9681,0.009624,0.3913,0,0.01893,1.451,1.199
852,0.5705,0.3705,1,508,0,71.96,14.59,9.46e-06,0.189,0.9614,0.9624,0.011,0.4247,0,0.02001,1.486,1.214
853,0.5036,0.3036,1,540.9,0,71.96,12.12,9.46e-06,0.2245,0.9492,0.9502,0.01414,0.3931,0,0.02021,1.773,1.359
854,0.7134,0.5134,1,633.1,0,71.96,14.77,9.46e-06,0.1419,0.9661,0.9732,0.009852,0.4097,0,0.01785,1.452,1.246
855,0.6286,0.4286,1,573.4,0,71.96,29.23,9.46e-06,0.2174,0.9391,0.9499,0.01817,0.39,0,0.01725,2.044,1.567
856,0.6598,0.4598,1,645.2,0,71.96,24.97,9.46e-06,0.2276,0.9387,0.945,0.01857,0.376,0,0.01549,2.087,1.557
857,0.5973,0.3973,1,653.2,0,71.96,24.5,9.46e-06,0.1915,0.9466,0.9592,0.01651,0.4106,0,0.02345,1.865,1.463
858,0.6286,0.4286,1,587.9,0,71.96,26.21,9.45e-06,0.1896,0.9443,0.9606,0.01622,0.37,0,0.01978,1.937,1.53
859,0.6732,0.4732,1,568.5,0,71.96,12.93,9.45e-06,0.1837,0.9531,0.9657,0.01306,0.3633,0,0.02203,1.668,1.359
860,0.8518,0.6518,1,655.7,0,71.96,13.24,9.45e-06,0.13,0.9596,0.9761,0.01084,0.4071,0,0.02458,1.51,1.318
861,0.8652,0.6652,1,597.2,0,71.96,16.45,9.45e-06,0.1398,0.9587,0.9748,0.01121,0.4048,0,0.01795,1.604,1.379
862,0.8027,0.6027,1,585.1,0,71.96,18.54,9.45e-06,0.1637,0.9465,0.9661,0.0155,0.4223,0,0.0195,1.896,1.568
863,0.7536,0.5536,1,611.8,0,71.96,14.42,9.45e-06,0.1444,0.954,0.9686,0.01341,0.4445,0,0.02331,1.567,1.35
864,0.8339,0.6339,1,621.3,0,71.96,14.01,9.45e-06,0.1508,0.9557,0.971,0.01301,0.4003,0,0.01943,1.683,1.394
865,0.5661,0.3661,1,640.5,0,71.96,20.1,9.45e-06,0.1499,0.9546,0.9668,0.01292,0.3726,0,0.01883,1.59,1.361
866,0.5973,0.3973,1,537.3,0,71.96,19.61,9.44e-06,0.1589,0.9538,0.9659,0.01341,0.3476,0,0.02043,1.67,1.411
867,0.6286,0.4286,1,592.1,0,71.96,18.33,9.44e-06,0.1907,0.9478,0.9568,0.01454,0.4354,0,0.02744,1.798,1.472
868,0.6554,0.4554,1,642.6,0,71.96,20.07,9.44e-06,0.1793,0.9483,0.96,0.01517,0.4151,0,0.0166,1.88,1.513
869,0.6554,0.4554,1,493.5,0,71.96,17.49,9.44e-06,0.2072,0.9476,0.9566,0.01441,0.3851,0,0.02039,1.858,1.45
870,0.5571,0.3571,1,522.7,0,71.96,16.45,9.44e-06,0.1345,0.9644,0.9757,0.0104,0.3506,0,0.01938,1.447,1.261
871,0.6107,0.4107,1,442.6,0,71.96,16.72,9.44e-06,0.1763,0.9532,0.9637,0.01352,0.4058,0,0.01985,1.72,1.419
872,0.6554,0.4554,1,479.6,0,71.96,16.04,9.44e-06,0.1435,0.9641,0.9748,0.01028,0.3554,0,0.0164,1.483,1.278
873,0.642,0.442,1,574.7,0,71.96,17.15,9.44e-06,0.1435,0.9567,0.9686,0.01325,0.4033,0,0.02418,1.542,1.322
874,0.7,0.5,1,574.2,0,71.96,15.37,9.43e-06,0.1643,0.956,0.9667,0.01345,0.4073,0,0.02087,1.599,1.336
875,0.6732,0.4732,1,567.1,0,71.96,16.04,9.43e-06,0.1362,0.962,0.9721,0.01167,0.3902,0,0.02065,1.463,1.267
876,0.6464,0.4464,1,554,0,71.96,16.73,9.43e-06,0.1865,0.9545,0.957,0.01277,0.4487,0,0.02038,1.622,1.322
877,0.6241,0.4241,1,415.9,0,71.96,14.79,9.43e-06,0.2973,0.9167,0.9363,0.02649,0.4087,0,0.01929,2.752,2.008
878,0.7759,0.5759,1,385.9,0,71.96,15.12,9.43e-06,0.2852,0.927,0.9372,0.02167,0.4151,0,0.01812,2.333,1.722
879,0.758,0.558,1,434.3,0,71.96,16.19,9.43e-06,0.2359,0.9372,0.9471,0.01916,0.4063,0,0.02027,2.021,1.556
880,0.7938,0.5938,1,451.9,0,71.96,28.89,9.43e-06,0.2354,0.9341,0.9435,0.01979,0.3809,0,0.0225,2.162,1.665
881,0.6241,0.4241,1,424.2,0,71.96,15.2,9.43e-06,0.2394,0.9481,0.9477,0.01521,0.3818,0,0.01587,1.858,1.409
882,0.6232,0.4241,0.9955,412.5,0,71.96,14.15,9.42e-06,0.2454,0.9451,0.9453,0.01551,0.3432,0,0.01723,1.871,1.431
883,0.5884,0.3884,1,410.3,0,71.96,14.64,9.42e-06,0.2311,0.9449,0.9456,0.01599,0.401,0,0.01779,1.848,1.45
884,0.6732,0.4732,1,389.1,0,71.96,14.24,9.42e-06,0.2939,0.9341,0.9312,0.0187,0.3792,0,0.01736,2.194,1.591
885,0.4902,0.2902,1,410.7,0,71.96,14.61,9.42e-06,0.3037,0.9265,0.9274,0.02276,0.3688,0,0.0188,2.514,1.757
886,0.4705,0.2723,0.9911,344.3,0,71.96,13.74,9.42e-06,0.3324,0.9241,0.9217,0.02233,0.3575,0,0.01564,2.404,1.662
887,0.4402,0.2411,0.9955,399.2,0,71.96,13.5,9.42e-06,0.2886,0.9332,0.9349,0.02052,0.3667,0,0.01617,2.355,1.619
888,0.4768,0.2768,1,382.5,0,71.96,14.27,9.42e-06,0.331,0.9231,0.9183,0.02261,0.33,0,0.02032,2.659,1.803
889,0.5884,0.3884,1,376.3,0,71.96,15.23,9.41e-06,0.2185,0.9429,0.9559,0.01668,0.4098,0,0.01523,2.024,1.6
890,0.6821,0.4821,1,424.9,0,71.96,14.49,9.41e-06,0.1928,0.9515,0.9584,0.01475,0.3896,0,0.01733,1.743,1.419
891,0.5964,0.3973,0.9955,376.8,0,71.96,15.22,9.41e-06,0.2623,0.9413,0.9383,0.01623,0.3988,0,0.01809,1.959,1.458
892,0.7313,0.5312,1,407.8,0,71.96,13.06,9.41e-06,0.1681,0.9557,0.9633,0.01289,0.4102,0,0.01738,1.74,1.447
893,0.8196,0.6205,0.9955,424.6,0,71.96,11.1,9.41e-06,0.1966,0.9523,0.9566,0.01372,0.4343,0,0.01904,1.692,1.369
894,0.7045,0.5045,1,416,0,71.96,14.68,9.41e-06,0.2156,0.9483,0.9526,0.01474,0.4253,0,0.0199,1.926,1.511
895,0.7536,0.5536,1,409.6,0,71.96,14.08,9.41e-06,0.1981,0.95,0.9549,0.01498,0.4648,0,0.01665,1.842,1.479
896,0.8196,0.6205,0.9955,445,0,71.96,11.29,9.41e-06,0.207,0.951,0.9526,0.01394,0.4452,0,0.01888,1.791,1.422
897,0.6911,0.4911,1,340.7,0,71.96,14.02,9.4e-06,0.3062,0.9348,0.934,0.01909,0.4215,0,0.0173,2.249,1.568
898,0.7036,0.5045,0.9955,381.4,0,71.96,14.32,9.4e-06,0.2595,0.9406,0.9481,0.01717,0.3696,0,0.02169,2.165,1.616
899,0.5938,0.3973,0.9821,366.1,0,71.96,13.3,9.4e-06,0.271,0.939,0.9461,0.01729,0.3642,0,0.02071,2.251,1.654
900,0.8018,0.6027,0.9955,409.2,0,71.96,10.77,9.4e-06,0.223,0.9523,0.9531,0.01336,0.3953,0,0.02348,1.795,1.388
901,0.7045,0.5045,1,363.4,0,71.96,10.64,9.4e-06,0.2473,0.9443,0.9466,0.01482,0.3592,0,0.02025,2.02,1.539
902,0.7696,0.5714,0.9911,344.6,0,71.96,12.97,9.4e-06,0.2409,0.9578,0.9524,0.01187,0.3688,0,0.01684,1.704,1.279
903,0.7929,0.5938,0.9955,370.1,0,71.96,13.41,9.4e-06,0.3083,0.9398,0.9356,0.01708,0.402,0,0.01545,2.2,1.488
904,0.7228,0.5268,0.9799,327.5,0,71.96,10.49,9.4e-06,0.279,0.9533,0.9465,0.0132,0.3498,0,0.0227,1.777,1.267
905,0.7237,0.5268,0.9844,356.6,0,71.96,12.25,9.39e-06,0.2715,0.9485,0.9447,0.01473,0.36,0,0.02603,1.907,1.372
906,0.6929,0.4955,0.9866,332.7,0,71.96,13.73,9.39e-06,0.3099,0.9528,0.9401,0.01317,0.3397,0,0.02409,1.716,1.215
907,0.6473,0.4509,0.9821,336.6,0,71.96,12.92,9.39e-06,0.2753,0.9554,0.9468,0.01201,0.464,0,0.02009,1.68,1.232
908,0.717,0.5179,0.9955,350.4,0,71.96,14.39,9.39e-06,0.31,0.9482,0.9379,0.01521,0.4025,0,0.01815,1.856,1.309
909,0.5527,0.3571,0.9777,375.9,0,71.96,16.12,9.39e-06,0.2861,0.9509,0.9417,0.01305,0.3577,0,0.01645,1.865,1.305
910,0.7982,0.5982,1,400.1,0,71.96,16.86,9.39e-06,0.2149,0.9619,0.9565,0.009823,0.3951,0,0.02372,1.529,1.213
911,0.6357,0.4375,0.9911,385.9,0,71.96,15.16,9.39e-06,0.2474,0.9554,0.9553,0.01223,0.3702,0,0.0149,1.793,1.348
912,0.6188,0.4196,0.9955,385.7,0,71.96,12.81,9.38e-06,0.2353,0.9557,0.9586,0.01158,0.4005,0,0.01624,1.84,1.407
913,0.667,0.4688,0.9911,384.4,0,71.96,14.79,9.38e-06,0.298,0.9536,0.9477,0.01268,0.4084,0,0.01651,1.852,1.331
914,0.6411,0.442,0.9955,418.8,0,71.96,16.23,9.38e-06,0.2666,0.9577,0.9494,0.01098,0.3379,0,0.01641,1.738,1.273
915,0.4946,0.2991,0.9777,342.8,0,26.92,15.74,9.38e-06,0.442,0.9426,0.9174,0.01365,0.3428,0,0.0162,2.421,1.364
916,0.7638,0.567,0.9844,442.6,0,26.92,17.19,9.38e-06,0.2453,0.9564,0.9529,0.01285,0.4316,0,0.01973,1.704,1.259
917,0.5813,0.3839,0.9866,429,0,26.92,13.38,9.38e-06,0.2818,0.9549,0.9476,0.01252,0.4257,0,0.01838,1.844,1.296
918,0.725,0.5268,0.9911,483,0,26.92,17.56,9.38e-06,0.2226,0.9566,0.9602,0.01165,0.3608,0,0.017,1.784,1.356
919,0.6433,0.4464,0.9844,454.6,0,26.92,17.73,9.38e-06,0.3053,0.9524,0.9451,0.01157,0.3989,0,0.02141,1.929,1.313
920,0.5723,0.375,0.9866,507.5,0,26.92,18.08,9.37e-06,0.2703,0.9573,0.953,0.01069,0.3844,0,0.01567,1.882,1.344
921,0.8201,0.625,0.9754,539.5,0,26.92,18.8,9.37e-06,0.2377,0.959,0.9543,0.01082,0.3592,0,0.0224,1.681,1.259
922,0.8446,0.6473,0.9866,532.5,0,26.92,23.41,9.37e-06,0.1924,0.9633,0.9635,0.01006,0.3933,0,0.0206,1.586,1.25
923,0.7737,0.5759,0.9888,437.1,0,26.92,13.6,9.37e-06,0.3056,0.9445,0.9402,0.01537,0.4065,0,0.01995,2.064,1.428
924,1.041,0.8438,0.9866,461.1,0,26.92,14.04,9.37e-06,0.2084,0.9638,0.9632,0.009567,0.3571,0,0.01736,1.6,1.238
925,0.8375,0.6384,0.9955,334,0,26.92,13.69,9.37e-06,0.3924,0.9366,0.9328,0.01787,0.4442,0,0.02321,2.4,1.543
926,0.6612,0.4687,0.9621,385.1,0,26.92,14.54,9.37e-06,0.2743,0.9564,0.9563,0.01141,0.3895,0,0.02244,1.847,1.345
927,0.7732,0.5759,0.9866,334.9,0,26.92,13.9,9.36e-06,0.4361,0.9482,0.93,0.01335,0.4242,0,0.01758,2.281,1.311
928,0.7446,0.5446,1,369.5,0,26.92,15.98,9.36e-06,0.3759,0.9362,0.9278,0.01783,0.363,0,0.01637,2.397,1.552
929,0.6496,0.4598,0.9487,377.7,0,26.92,14.26,9.36e-06,0.3505,0.9552,0.9493,0.01154,0.3733,0,0.01768,2.256,1.326
930,0.7027,0.5134,0.9464,413,0,26.92,15.12,9.36e-06,0.3842,0.9484,0.9373,0.01373,0.4256,0,0.01642,2.111,1.314
931,0.6,0.4063,0.9688,379.4,0,26.92,14.4,9.36e-06,0.4178,0.9405,0.9269,0.01546,0.3998,0,0.03039,2.302,1.426
932,0.7107,0.5134,0.9866,412.9,0,26.92,16.54,9.36e-06,0.3777,0.9353,0.9323,0.01809,0.3704,0,0.01555,2.496,1.591
933,0.6598,0.4688,0.9554,449,0,26.92,12.32,9.36e-06,0.2316,0.966,0.9608,0.008193,0.3654,0,0.01612,1.603,1.222
934,0.7022,0.5089,0.9665,457.5,0,26.92,16.4,9.36e-06,0.2456,0.9663,0.9651,0.008015,0.3623,0,0.02064,2.158,1.317
935,0.8063,0.6161,0.9509,474.1,0,26.92,8.449,9.35e-06,0.2182,0.967,0.9618,0.008158,0.4054,0,0.01888,1.534,1.201
936,0.7942,0.6071,0.9353,467.6,0,26.92,16.84,9.35e-06,0.2427,0.9672,0.9619,0.007665,0.4315,0,0.01725,1.567,1.184
937,0.5406,0.3616,0.8951,474.5,0,26.92,18.17,9.35e-06,0.241,0.9645,0.9628,0.009277,0.3643,0,0.0186,1.641,1.237
938,0.5603,0.375,0.9263,425.4,0,26.92,12.25,9.35e-06,0.323,0.9558,0.9546,0.01125,0.36,0,0.01641,2.083,1.362
939,0.6263,0.442,0.9219,463.9,0,26.92,12.88,9.35e-06,0.3058,0.9569,0.9535,0.01107,0.3728,0,0.02036,2.074,1.35
940,0.7987,0.6205,0.8906,410.7,0,26.92,8.453,9.35e-06,0.493,0.9561,0.9475,0.01074,0.4354,0,0.01812,2.788e+04,1.344
941,0.65,0.4688,0.9062,335.7,0,26.92,7.586,9.35e-06,0.3561,0.9531,0.9458,0.01184,0.3781,0,0.01859,1.973,1.292
942,0.4799,0.3036,0.8817,392.5,0,26.92,11.16,9.34e-06,0.2822,0.958,0.9548,0.01025,0.3196,0,0.02846,1.825,1.313
943,0.7848,0.6071,0.8884,459.5,0,26.92,8.746,9.34e-06,0.2832,0.9635,0.9635,0.009527,0.4176,0,0.02701,1.913,1.303
944,0.9116,0.7321,0.8973,459.5,0,26.92,11.57,9.34e-06,0.295,0.9614,0.9561,0.009318,0.4045,0,0.01681,1.861,1.301
945,0.6442,0.4732,0.8549,465.6,0,26.92,16.22,9.34e-06,0.3085,0.9555,0.9491,0.01092,0.4072,0,0.01823,1.918,1.323
946,0.6241,0.4464,0.8884,544.6,0,26.92,20.87,9.34e-06,0.2705,0.9582,0.9598,0.01141,0.4626,0,0.0186,1.985,1.393
947,0.7183,0.5357,0.9129,535,0,26.92,19.81,9.34e-06,0.2764,0.9557,0.9541,0.01189,0.4403,0,0.01708,1.937,1.373
948,0.6036,0.4241,0.8973,560,0,26.92,21.2,9.34e-06,0.2687,0.9555,0.9603,0.01207,0.4234,0,0.01988,1.984,1.392
949,0.5777,0.3929,0.9241,532.7,0,26.92,19.8,9.33e-06,0.2337,0.9572,0.9642,0.01173,0.339,0,0.01432,1.86,1.404
950,0.5795,0.3884,0.9554,499.2,0,26.92,17.02,9.33e-06,0.1824,0.9561,0.9702,0.01205,0.3642,0,0.01871,1.823,1.468
951,0.6429,0.4554,0.9375,506.1,0,26.92,16.55,9.33e-06,0.1925,0.9649,0.9712,0.008657,0.3978,0,0.02218,1.66,1.324
952,0.4527,0.2634,0.9464,469.1,0,26.92,16.01,9.33e-06,0.2291,0.9584,0.9655,0.01019,0.3551,0,0.01878,1.828,1.404
953,0.5866,0.3929,0.9688,481.9,0,26.92,18.13,9.33e-06,0.2211,0.9572,0.9647,0.01176,0.3954,0,0.01859,1.88,1.44
954,0.6473,0.4509,0.9821,457.5,0,26.92,15.48,9.33e-06,0.2589,0.9388,0.9486,0.01803,0.414,0,0.01619,2.234,1.622
955,0.5607,0.3705,0.9509,488.3,0,26.92,16.98,9.33e-06,0.2077,0.9499,0.9615,0.01425,0.359,0,0.01642,2.065,1.553
956,0.5777,0.3839,0.9688,471.5,0,26.92,17.07,9.33e-06,0.2188,0.9443,0.957,0.01603,0.3815,0,0.01725,2.12,1.595
957,0.642,0.4464,0.9777,537.8,0,26.92,17.71,9.32e-06,0.1983,0.9605,0.9671,0.01127,0.4248,0,0.01705,1.77,1.378
958,0.6009,0.4152,0.9286,456.1,0,26.92,20.81,9.32e-06,0.2247,0.9654,0.9676,0.008756,0.4165,0,0.01609,1.642,1.271
959,0.6054,0.4241,0.9062,580,0,26.92,19.81,9.32e-06,0.1905,0.9673,0.9745,0.008274,0.4163,0,0.01855,1.626,1.286
960,0.4888,0.3036,0.9263,467.7,0,26.92,14.28,9.32e-06,0.2565,0.9543,0.9599,0.01282,0.4188,0,0.01963,1.931,1.441
961,0.6183,0.4241,0.971,515.3,0,26.92,19.71,9.32e-06,0.2201,0.9564,0.9604,0.01143,0.3069,0,0.01873,1.812,1.375
962,0.7732,0.6027,0.8527,508.4,0,26.92,21.96,9.32e-06,0.2672,0.9612,0.9582,0.009297,0.391,0,0.01861,1.813,1.271
963,0.5022,0.317,0.9263,517.2,0,26.92,17.46,9.32e-06,0.2518,0.954,0.9579,0.01198,0.2933,0,0.01542,1.923,1.437
964,0.5348,0.3661,0.8438,534.6,0,26.92,18.42,9.31e-06,0.2143,0.9671,0.9654,0.007886,0.3916,0,0.01968,1.663,1.281
965,0.7496,0.5625,0.9353,464,0,26.92,13.95,9.31e-06,0.1799,0.9679,0.9765,0.007419,0.4142,0,0.01851,1.629,1.328
966,0.7125,0.5312,0.9062,524.5,0,26.92,17.63,9.31e-06,0.1897,0.9725,0.9719,0.006054,0.4017,0,0.01579,1.535,1.226
967,0.7205,0.5357,0.9241,602.2,0,26.92,19.62,9.31e-06,0.171,0.9701,0.9735,0.007156,0.4258,0,0.01473,1.592,1.296
968,0.5567,0.375,0.9085,535.7,0,28.2,17.77,9.31e-06,0.1795,0.965,0.9713,0.007907,0.3719,0,0.01523,1.695,1.382
969,0.85,0.6607,0.9464,589.2,0,28.2,23.55,9.31e-06,0.1707,0.9584,0.9663,0.01075,0.4384,0,0.01765,1.857,1.507
970,0.9491,0.7634,0.9286,605.2,0,28.2,17.97,9.31e-06,0.1957,0.9584,0.9695,0.01041,0.4441,0,0.0194,1.926,1.55
971,0.8482,0.6607,0.9375,613.3,0,28.2,17.89,9.3e-06,0.187,0.9592,0.9664,0.01013,0.4316,0,0.01805,1.762,1.442
972,0.7482,0.558,0.9509,575.8,0,28.2,20.08,9.3e-06,0.2111,0.9483,0.9621,0.01414,0.4084,0,0.02012,1.997,1.577
973,0.8125,0.6161,0.9821,575.2,0,30.08,19.07,9.3e-06,0.2277,0.9514,0.9596,0.01303,0.3836,0,0.01783,2.024,1.564
974,0.9179,0.7277,0.9509,592.4,0,30.08,20.98,9.3e-06,0.1853,0.9605,0.9684,0.01006,0.4068,0,0.02018,1.697,1.381
975,0.6147,0.4241,0.9531,562.8,0,30.08,20.93,9.3e-06,0.273,0.9496,0.9541,0.01359,0.3451,0,0.01799,3.373,1.568
976,0.6362,0.4464,0.9487,612.8,0,30.08,18.74,9.3e-06,0.2173,0.9544,0.9644,0.01155,0.4214,0,0.02033,1.957,1.522
977,0.6045,0.4152,0.9464,613.9,0,30.08,13.65,9.3e-06,0.1679,0.9697,0.9756,0.007851,0.3581,0,0.01458,1.517,1.243
978,0.5263,0.3393,0.9353,602.8,0,30.45,12.25,9.29e-06,0.2057,0.9581,0.9644,0.01047,0.4013,0,0.02034,1.707,1.342
979,0.5571,0.3616,0.9777,612.8,0,31.78,15.29,9.29e-06,0.1653,0.9642,0.9748,0.009046,0.4325,0,0.01569,1.608,1.332
980,0.4723,0.3036,0.8438,566,0,31.78,24.78,9.29e-06,0.2105,0.9668,0.9671,0.007931,0.3786,0,0.0339,1.583,1.246
981,0.6853,0.5089,0.8817,585.6,0,31.78,13.83,9.29e-06,0.1772,0.9691,0.9742,0.008007,0.4298,0,0.01916,1.482,1.219
982,0.5054,0.3527,0.7634,537.4,0,31.78,12.57,9.29e-06,0.2445,0.9646,0.9631,0.008205,0.3837,0,0.01796,1.624,1.233
983,0.5491,0.3929,0.7812,526.6,0,31.78,17.99,9.29e-06,0.2602,0.9601,0.9624,0.0104,0.4286,0,0.01908,1.758,1.287
984,0.6545,0.4821,0.8616,545.4,0,31.78,13.9,9.29e-06,0.1747,0.9621,0.9722,0.01002,0.4478,0,0.01763,1.722,1.372
985,0.5795,0.4107,0.8438,591.2,0,33.07,19.6,9.28e-06,0.1996,0.964,0.971,0.00933,0.4755,0,0.01668,1.654,1.29
986,0.6013,0.442,0.7969,636.3,0,33.07,19.31,9.28e-06,0.1654,0.967,0.9768,0.008677,0.4793,0,0.01964,1.56,1.267
987,0.5004,0.3527,0.7388,611.5,0,33.07,23.28,9.28e-06,0.2323,0.9626,0.9688,0.009434,0.4552,0,0.01716,1.72,1.281
988,0.4121,0.2768,0.6763,550.7,0,33.07,17.05,9.28e-06,0.2476,0.9668,0.9666,0.008314,0.3841,0,0.0193,1.595,1.201
989,0.3567,0.2455,0.5558,519.2,0,33.07,16.02,9.28e-06,0.26,0.9675,0.9661,0.008966,0.4137,0,0.02223,1.608,1.193
990,0.4487,0.3125,0.6808,523.7,0,33.07,14.27,9.28e-06,0.262,0.964,0.9606,0.00865,0.4034,0,0.02129,1.664,1.222
991,0.4402,0.3036,0.683,582.1,0,33.07,17.78,9.28e-06,0.2281,0.9676,0.9691,0.007798,0.4134,0,0.02442,2.141,1.261
992,0.5009,0.3661,0.6741,571.7,0,33.07,21.6,9.27e-06,0.2292,0.9622,0.9647,0.01047,0.4219,0,0.02843,1.665,1.274
993,0.6781,0.5223,0.779,617.4,0,33.07,21.25,9.27e-06,0.219,0.9631,0.9647,0.009776,0.458,0,0.01789,1.702,1.301
994,0.633,0.4598,0.8661,619.9,0,33.07,20.82,9.27e-06,0.1899,0.969,0.9752,0.00843,0.3159,0,0.01541,1.881,1.252
995,0.8263,0.6384,0.9397,559.1,0,33.07,19.12,9.27e-06,0.2741,0.9457,0.9518,0.01586,0.3964,0,0.01719,2.108,1.481
996,0.6906,0.5089,0.9085,740.9,0,33.07,16.5,9.27e-06,0.1427,0.9736,0.9788,0.006353,0.4179,0,0.01858,1.352,1.158
997,0.604,0.4286,0.8772,710.5,0,33.07,16.06,9.27e-06,0.1647,0.9712,0.9772,0.007077,0.3385,0,0.01883,1.419,1.184
998,0.6134,0.4241,0.9464,760.8,0,33.07,17.81,9.27e-06,0.1691,0.9602,0.9711,0.01103,0.4209,0,0.02316,1.707,1.375
999,0.5719,0.3795,0.9621,775.2,0,33.09,23.26,9.26e-06,0.1499,0.9646,0.9752,0.009596,0.412,0,0.0259,1.574,1.304
1000,0.7371,0.5491,0.9397,784.8,0,33.09,14.32,9.26e-06,0.1346,0.9719,0.9802,0.007493,0.4367,0,0.02229,1.36,1.179
1001,0.7728,0.5848,0.9397,605.6,0,33.09,14.11,9.26e-06,0.1694,0.9667,0.9701,0.008577,0.433,0,0.02149,1.461,1.211
1002,0.6571,0.4688,0.942,794.5,0,33.09,25.19,9.26e-06,0.1766,0.9614,0.9724,0.01146,0.4199,0,0.02353,1.728,1.363
1003,0.6946,0.5089,0.9286,770.5,0,33.09,19.5,9.26e-06,0.1858,0.9711,0.9732,0.007221,0.4263,0,0.02189,1.433,1.164
1004,0.6826,0.5,0.9129,737.3,0,33.09,16.74,9.26e-06,0.2015,0.9626,0.9712,0.009874,0.4127,0,0.02073,1.769,1.341
1005,0.7429,0.5536,0.9464,673.5,0,33.2,28.42,9.26e-06,0.171,0.9621,0.9711,0.01073,0.461,0,0.02094,1.472,1.227
1006,0.6991,0.5134,0.9286,694.9,0,33.2,22.81,9.25e-06,0.1425,0.9664,0.9797,0.009104,0.4151,0,0.02266,1.483,1.273
1007,0.6911,0.5045,0.933,667.2,0,34.01,17.8,9.25e-06,0.1952,0.9579,0.9678,0.01175,0.4489,0,0.0211,1.806,1.362
1008,0.6973,0.5134,0.9196,590.9,0,34.01,16.2,9.25e-06,0.1686,0.9689,0.9757,0.008962,0.4246,0,0.01975,1.392,1.159
1009,0.6692,0.4866,0.9129,589.9,0,34.01,16.29,9.25e-06,0.1761,0.9699,0.9762,0.008053,0.4406,0,0.02429,1.406,1.164
1010,0.8228,0.6384,0.9219,585.6,0,34.01,15.83,9.25e-06,0.2019,0.9638,0.9701,0.00982,0.3964,0,0.02357,1.565,1.229
1011,0.5911,0.4107,0.9018,679.6,0,34.01,19.88,9.25e-06,0.1776,0.9695,0.975,0.00829,0.3307,0,0.02193,1.403,1.16
1012,0.6585,0.4732,0.9263,742.9,0,34.01,15.38,9.25e-06,0.1419,0.9703,0.9808,0.007869,0.3842,0,0.02437,1.364,1.178
1013,0.5571,0.3661,0.9554,722.9,0,34.01,21.49,9.24e-06,0.1857,0.9675,0.9729,0.008689,0.3989,0,0.0213,1.451,1.182
1014,0.6522,0.4598,0.9621,762.6,0,34.01,16.72,9.24e-06,0.1249,0.972,0.9818,0.007247,0.3965,0,0.02266,1.327,1.168
1015,0.6509,0.4598,0.9554,679.1,0,34.01,21.33,9.24e-06,0.1523,0.9705,0.9795,0.007845,0.3679,0,0.02618,1.379,1.168
1016,0.8152,0.6205,0.9732,689.2,0,34.01,22.27,9.24e-06,0.1825,0.965,0.9713,0.009577,0.3521,0,0.01975,1.54,1.225
1017,0.875,0.692,0.9152,632.5,0,34.01,18.96,9.24e-06,0.1874,0.969,0.9748,0.008829,0.4598,0,0.0256,1.425,1.165
1018,0.8696,0.6786,0.9554,661.9,0,34.01,21.17,9.24e-06,0.1744,0.9685,0.9749,0.008371,0.4179,0,0.02358,1.411,1.177
1019,0.8808,0.6875,0.9665,647,0,34.01,18.21,9.24e-06,0.1816,0.9682,0.9758,0.009281,0.4491,0,0.02155,1.423,1.173
1020,0.7313,0.5357,0.9777,589.4,0,34.01,17.44,9.23e-06,0.2795,0.9546,0.9583,0.01247,0.4087,0,0.01857,1.969,1.348
1021,0.5982,0.4018,0.9821,602.2,0,34.01,17.96,9.23e-06,0.1882,0.9686,0.9754,0.009381,0.397,0,0.02051,1.511,1.173
1022,0.5531,0.3571,0.9799,600.5,0,34.01,19.86,9.23e-06,0.2407,0.9639,0.9655,0.009995,0.3557,0,0.01902,1.727,1.207
1023,0.7022,0.5045,0.9888,656.2,0,34.01,20.93,9.23e-06,0.2053,0.964,0.9683,0.01019,0.3728,0,0.02198,1.645,1.229
1024,0.6384,0.4464,0.9598,600.5,0,34.01,16.13,9.23e-06,0.2322,0.9589,0.9652,0.01253,0.4183,0,0.01905,1.777,1.293
1025,0.6759,0.4777,0.9911,750.9,0,34.01,21.99,9.23e-06,0.1231,0.9691,0.9799,0.008742,0.3978,0,0.02032,1.452,1.244
1026,0.6915,0.4955,0.9799,558.9,0,34.01,18.44,9.23e-06,0.1759,0.9682,0.9753,0.009207,0.4357,0,0.02121,1.504,1.213
1027,0.6612,0.4643,0.9844,603.8,0,34.01,14.74,9.22e-06,0.2003,0.9603,0.9696,0.01133,0.3848,0,0.02078,1.724,1.321
1028,0.6513,0.4554,0.9799,633.1,0,34.01,14.59,9.22e-06,0.1676,0.9656,0.9753,0.01007,0.3409,0,0.02326,1.544,1.263
1029,0.5804,0.3839,0.9821,573.9,0,34.01,18.91,9.22e-06,0.2388,0.9556,0.9635,0.01267,0.3867,0,0.02242,1.81,1.348
1030,0.6063,0.4107,0.9777,565.2,0,34.01,17.21,9.22e-06,0.1904,0.9676,0.9751,0.009814,0.4187,0,0.01736,1.472,1.182
1031,0.6415,0.4509,0.9531,537.9,0,34.01,18.74,9.22e-06,0.2335,0.9624,0.9593,0.01054,0.296,0,0.0193,1.627,1.206
1032,0.6576,0.4643,0.9665,613.8,0,34.01,19,9.22e-06,0.1764,0.9716,0.976,0.007701,0.3893,0,0.02578,1.424,1.161
1033,0.6513,0.4554,0.9799,599.8,0,34.01,18.72,9.22e-06,0.1378,0.9757,0.9818,0.006241,0.3479,0,0.0154,1.319,1.14
1034,0.6362,0.442,0.971,615.9,0,34.01,21.86,9.21e-06,0.1681,0.9722,0.978,0.007233,0.3032,0,0.02293,1.399,1.17
1035,0.5384,0.3482,0.9509,636.4,0,34.01,23.68,9.21e-06,0.2146,0.9694,0.9696,0.007564,0.3212,0,0.01712,1.48,1.166
1036,0.5464,0.3616,0.9241,478.1,0,34.01,19.7,9.21e-06,0.2178,0.9687,0.9712,0.00715,0.3461,0,0.01747,1.521,1.18
1037,0.7531,0.558,0.9754,550.9,0,34.01,16.09,9.21e-06,0.1805,0.9689,0.9744,0.007711,0.423,0,0.02054,1.503,1.237
1038,0.8063,0.6161,0.9509,547.7,0,34.01,18.51,9.21e-06,0.2027,0.9662,0.9723,0.00914,0.3779,0,0.01957,1.564,1.256
1039,0.683,0.4955,0.9375,515.7,0,34.01,16.74,9.21e-06,0.2055,0.9632,0.9721,0.009728,0.4016,0,0.01866,1.713,1.368
1040,0.7121,0.5223,0.9487,486.2,0,34.01,16.64,9.2e-06,0.2623,0.9542,0.9611,0.01214,0.3836,0,0.02114,1.97,1.42
1041,0.6938,0.5134,0.9018,496.3,0,34.01,20.92,9.2e-06,0.1932,0.9677,0.9709,0.009328,0.3424,0,0.01826,1.45,1.174
1042,0.7,0.5089,0.9554,658.9,0,34.01,21.89,9.2e-06,0.1679,0.9706,0.9749,0.00806,0.3869,0,0.02348,1.402,1.172
1043,0.6308,0.442,0.9442,527.5,0,34.01,11.5,9.2e-06,0.2064,0.9685,0.9711,0.008553,0.3958,0,0.0217,1.481,1.174
1044,0.5237,0.3348,0.9442,486.3,0,34.01,12.02,9.2e-06,0.2501,0.9632,0.9636,0.009532,0.3467,0,0.0216,1.672,1.219
1045,0.6174,0.4241,0.9665,512.2,0,34.01,15.6,9.2e-06,0.2092,0.9659,0.9707,0.009001,0.3721,0,0.02338,1.557,1.238
1046,0.7835,0.5893,0.971,478.2,0,34.01,16.63,9.2e-06,0.2127,0.96,0.9669,0.01069,0.3957,0,0.01797,1.685,1.302
1047,0.7085,0.5134,0.9754,512.7,0,34.01,18.26,9.19e-06,0.2414,0.9599,0.9612,0.01134,0.4363,0,0.02298,1.694,1.246
1048,0.5893,0.3929,0.9821,480.5,0,34.01,15.48,9.19e-06,0.269,0.9538,0.954,0.0122,0.3948,0,0.0179,1.755,1.284
1049,0.6857,0.4866,0.9955,501,0,34.01,18.01,9.19e-06,0.2509,0.9601,0.9597,0.01069,0.4192,0,0.01819,1.717,1.25
1050,0.7679,0.5714,0.9821,580.3,0,34.01,16.44,9.19e-06,0.1872,0.9695,0.9704,0.007786,0.4163,0,0.01644,1.49,1.191
1051,0.6871,0.4911,0.9799,570.8,0,34.01,17.08,9.19e-06,0.1809,0.9706,0.9728,0.007647,0.3969,0,0.0178,1.423,1.166
1052,0.7036,0.5089,0.9732,507.2,0,34.01,16.89,9.19e-06,0.237,0.9592,0.9608,0.01192,0.3561,0,0.01912,1.724,1.275
1053,0.9004,0.7054,0.9754,516.7,0,34.01,18.48,9.19e-06,0.1843,0.9726,0.9736,0.007743,0.4141,0,0.01662,1.378,1.131
1054,0.6594,0.4643,0.9754,412.4,0,34.01,10.81,9.18e-06,0.329,0.9608,0.9565,0.01012,0.327,0,0.01888,2.375,1.241
1055,0.617,0.4241,0.9643,446.3,0,34.01,12.93,9.18e-06,0.2694,0.9621,0.9625,0.009566,0.408,0,0.0182,1.737,1.253
1056,0.6161,0.4241,0.9598,449.7,0,34.01,13.99,9.18e-06,0.2739,0.9652,0.9657,0.008762,0.3663,0,0.01909,1.722,1.204
1057,0.6897,0.4955,0.971,514.4,0,34.01,30.26,9.18e-06,0.3239,0.9547,0.9449,0.01273,0.3805,0,0.02206,1.931,1.231
1058,0.625,0.4286,0.9821,453.4,0,34.01,11.26,9.18e-06,0.3157,0.9646,0.9587,0.009477,0.4071,0,0.01773,1.76,1.186
1059,0.6067,0.4152,0.9576,440.4,0,34.01,14.08,9.18e-06,0.3722,0.9611,0.9492,0.009125,0.365,0,0.02148,19.03,1.266
1060,0.4513,0.2589,0.9621,405.5,0,34.01,17.4,9.17e-06,0.3483,0.9649,0.9578,0.008565,0.3885,0,0.02017,1.977,1.168
1061,0.6379,0.4464,0.9576,416,0,34.01,12.42,9.17e-06,0.2484,0.969,0.9624,0.007776,0.333,0,0.01633,1.488,1.139
1062,0.6723,0.4777,0.9732,423.2,0,34.01,17.56,9.17e-06,0.2588,0.9668,0.9656,0.009062,0.3942,0,0.01995,1.55,1.167
1063,0.496,0.3036,0.9621,477.3,0,34.01,13.62,9.17e-06,0.2533,0.9669,0.9691,0.009103,0.3459,0,0.01977,1.993,1.209
1064,0.5853,0.3929,0.9621,463.6,0,34.01,16.15,9.17e-06,0.2655,0.9631,0.9639,0.01006,0.3746,0,0.01902,1.728,1.231
1065,0.4263,0.2321,0.971,468.3,0,34.01,16.58,9.17e-06,0.2325,0.966,0.9685,0.009194,0.3549,0,0.02022,1.561,1.204
1066,0.5076,0.3214,0.9308,449.7,0,34.01,18.1,9.17e-06,0.3458,0.9598,0.9515,0.01003,0.3647,0,0.02641,1.804,1.21
1067,0.6241,0.433,0.9554,549.4,0,42.65,43.82,9.16e-06,0.3488,0.9419,0.9383,0.01688,0.4387,0,0.02219,2.179,1.45
1068,0.5232,0.3304,0.9643,486.7,0,44.73,34.28,9.16e-06,0.4168,0.9497,0.9359,0.01346,0.3272,0,0.02561,2.363,1.318
1069,0.5933,0.4018,0.9576,420.9,0,44.73,17.8,9.16e-06,0.3372,0.9535,0.946,0.01272,0.3362,0,0.02193,1.911,1.304
1070,0.7857,0.5938,0.9598,489.3,0,44.73,21.76,9.16e-06,0.2733,0.9617,0.9565,0.01015,0.3969,0,0.02354,1.731,1.218
1071,0.6147,0.4241,0.9531,397,0,44.73,16.21,9.16e-06,0.3445,0.9567,0.9417,0.01087,0.3792,0,0.02077,1.847,1.224
1072,0.679,0.4911,0.9397,483.8,0,44.73,9.883,9.16e-06,0.3687,0.9658,0.9583,0.009066,0.3969,0,0.0248,79.26,1.32
1073,0.5817,0.3884,0.9665,506.5,0,44.73,14.03,9.16e-06,0.3809,0.9562,0.9502,0.01276,0.3797,0,0.02191,2.504,1.271
1074,0.7313,0.5402,0.9554,399.4,0,44.73,14.14,9.15e-06,0.4197,0.9554,0.9393,0.01135,0.3892,0,0.02746,2.767,1.208
1075,0.7513,0.558,0.9665,494.8,0,44.73,15.4,9.15e-06,0.3157,0.9672,0.9561,0.008072,0.3613,0,0.02444,2.531,1.157
1076,0.7018,0.5045,0.9866,505.2,0,44.73,14.66,9.15e-06,0.267,0.9673,0.9643,0.008659,0.4599,0,0.02414,1.64,1.152
1077,0.6571,0.4643,0.9643,531.6,0,44.73,40.27,9.15e-06,0.2764,0.9654,0.9649,0.009314,0.4008,0,0.02561,2.345,1.226
1078,0.6339,0.4375,0.9821,444.2,0,44.73,10.98,9.15e-06,0.3002,0.9658,0.961,0.009197,0.4065,0,0.02101,1.784,1.159
1079,0.8143,0.625,0.9464,529,0,44.73,13.34,9.15e-06,0.2129,0.9706,0.9677,0.007263,0.3869,0,0.02564,1.445,1.142
1080,0.5013,0.308,0.9665,445,0,44.73,15.31,9.14e-06,0.2893,0.9622,0.9602,0.009841,0.2674,0,0.02128,2.026,1.242
1081,0.6263,0.433,0.9665,405.4,0,44.73,11.58,9.14e-06,0.3602,0.9682,0.9608,0.008194,0.2959,0,0.02358,69.12,1.214
1082,0.5826,0.3884,0.971,445.5,0,44.73,15.85,9.14e-06,0.3506,0.9673,0.958,0.008319,0.3197,0,0.02568,3.359,1.169
1083,0.608,0.4107,0.9866,459.8,0,44.73,16.45,9.14e-06,0.3196,0.9701,0.9579,0.007143,0.3616,0,0.02481,1.945,1.119
1084,0.5973,0.4152,0.9107,436.6,0,44.73,17.14,9.14e-06,0.512,0.963,0.942,0.007399,0.3303,0,0.02767,21.2,1.172
1085,0.7634,0.567,0.9821,490.1,0,44.73,14.52,9.14e-06,0.2617,0.9594,0.961,0.01151,0.3343,0,0.02823,1.864,1.328
1086,0.5433,0.375,0.8415,431.4,0,44.73,12.76,9.14e-06,0.6116,0.9585,0.9357,0.009591,0.4162,0,0.0338,57.9,2.127
1087,0.6045,0.4196,0.9241,449.1,0,44.73,14.08,9.13e-06,0.4661,0.9665,0.9576,0.008487,0.356,0,0.02249,14.5,1.145
1088,0.5607,0.3705,0.9509,542.3,0,44.73,16.53,9.13e-06,0.2662,0.9603,0.958,0.01016,0.408,0,0.02412,1.75,1.25
1089,0.6446,0.4643,0.9018,496.3,0,44.73,13.02,9.13e-06,0.4378,0.9629,0.9424,0.007892,0.3896,0,0.02222,10.45,1.132
1090,0.7317,0.5491,0.9129,541.1,0,44.73,19.46,9.13e-06,0.3954,0.9648,0.956,0.01014,0.401,0,0.02666,10.61,1.137
1091,0.654,0.4598,0.971,516,0,44.73,17.26,9.13e-06,0.3468,0.964,0.9585,0.009526,0.3728,0,0.02313,3.299,1.224
1092,0.6567,0.4643,0.9621,592.4,0,44.73,18.79,9.13e-06,0.1582,0.9765,0.9762,0.005999,0.39,0,0.03029,1.299,1.1
1093,0.7085,0.5179,0.9531,554.4,0,44.73,19.06,9.12e-06,0.2401,0.9645,0.9672,0.009316,0.3211,0,0.02231,1.619,1.209
1094,0.625,0.433,0.9598,550.9,0,44.73,20.11,9.12e-06,0.2782,0.9688,0.9647,0.008214,0.3845,0,0.02522,1.727,1.149
1095,0.6058,0.4107,0.9754,564.7,0,44.73,16.47,9.12e-06,0.1838,0.9746,0.9751,0.006532,0.3767,0,0.02827,1.371,1.12
1096,0.6625,0.4688,0.9688,511,0,44.73,9.439,9.12e-06,0.2499,0.9703,0.966,0.007771,0.3638,0,0.02092,3.119,1.174
1097,0.7027,0.5045,0.9911,504.2,0,44.73,18.12,9.12e-06,0.2423,0.9605,0.9627,0.01142,0.3817,0,0.02952,1.642,1.256
1098,0.7156,0.5179,0.9888,499.6,0,44.73,14.48,9.12e-06,0.2469,0.9547,0.9621,0.01234,0.3114,0,0.02102,1.902,1.433
1099,0.7723,0.5759,0.9821,540.3,0,44.73,15.84,9.11e-06,0.1792,0.9666,0.9717,0.00848,0.3812,0,0.02064,1.553,1.278
1100,0.667,0.4688,0.9911,509.4,0,44.73,20.94,9.11e-06,0.2565,0.946,0.9625,0.01534,0.3542,0,0.02666,2.231,1.591
1101,0.7116,0.5134,0.9911,578.7,0,44.73,19.77,9.11e-06,0.244,0.9495,0.9562,0.01396,0.3909,0,0.02551,1.973,1.47
1102,0.6246,0.4286,0.9799,668.4,0,44.73,24.63,9.11e-06,0.163,0.9661,0.9754,0.009562,0.2943,0,0.02097,1.582,1.298
1103,0.6478,0.4509,0.9844,625.9,0,44.73,29.51,9.11e-06,0.1383,0.9745,0.981,0.006607,0.2756,0,0.02522,1.364,1.171
1104,0.6219,0.4241,0.9888,676,0,44.73,23.01,9.11e-06,0.1048,0.9756,0.9857,0.006582,0.344,0,0.02039,1.313,1.17
1105,0.5433,0.3482,0.9754,593.6,0,44.73,22.91,9.11e-06,0.1967,0.9721,0.9764,0.007756,0.3033,0,0.01944,1.489,1.17
1106,0.5496,0.3527,0.9844,598.1,0,44.73,23.68,9.1e-06,0.1721,0.9625,0.9705,0.01016,0.3451,0,0.02428,1.658,1.327
1107,0.5647,0.3661,0.9933,574.3,0,44.73,29.32,9.1e-06,0.1774,0.9647,0.9703,0.009254,0.3716,0,0.01924,1.629,1.305
1108,0.475,0.2768,0.9911,548.6,0,44.73,26.03,9.1e-06,0.2034,0.9562,0.9639,0.01171,0.3808,0,0.02,1.868,1.411
1109,0.592,0.3973,0.9732,713.2,0,44.73,20.38,9.1e-06,0.161,0.965,0.9734,0.009596,0.3754,0,0.02751,1.602,1.309
1110,0.7862,0.5893,0.9844,755,0,28.15,29.31,9.1e-06,0.1601,0.9765,0.9787,0.005554,0.448,0,0.02268,1.382,1.153
1111,0.7107,0.5134,0.9866,714.4,0,33.34,17.66,9.1e-06,0.1755,0.9737,0.9782,0.007327,0.4105,0,0.02142,1.432,1.17
1112,0.6446,0.4464,0.9911,692.4,0,33.34,20.32,9.09e-06,0.169,0.964,0.9724,0.009911,0.3709,0,0.02092,1.64,1.342
1113,0.7205,0.5223,0.9911,707.3,0,33.34,19.37,9.09e-06,0.2077,0.968,0.9747,0.008355,0.3911,0,0.02233,7.723,1.352
1114,0.7705,0.5759,0.9732,657.7,0,33.34,28.38,9.09e-06,0.1726,0.9665,0.9733,0.00865,0.4172,0,0.01637,1.558,1.271
1115,0.7848,0.5893,0.9777,759.6,0,33.34,25.37,9.09e-06,0.128,0.9749,0.9802,0.006072,0.389,0,0.02205,1.326,1.159
1116,0.8705,0.6786,0.9598,672,0,33.35,21.35,9.09e-06,0.1636,0.9725,0.9771,0.007081,0.3437,0,0.01926,1.434,1.161
1117,0.8031,0.6071,0.9799,803.5,0,33.38,33.22,9.09e-06,0.1456,0.9753,0.9807,0.006223,0.3724,0,0.02303,1.377,1.162
1118,0.9121,0.7188,0.9665,754.3,0,33.38,25.48,9.09e-06,0.1621,0.9679,0.9756,0.008344,0.3278,0,0.02178,1.631,1.342
1119,0.7665,0.5714,0.9754,618.2,0,33.38,21.7,9.08e-06,0.1445,0.9703,0.9777,0.006929,0.3352,0,0.02683,1.428,1.227
1120,0.8683,0.6741,0.971,816,0,33.38,36.78,9.08e-06,0.1382,0.9732,0.9801,0.005975,0.3815,0,0.02189,1.389,1.202
1121,0.9759,0.7812,0.9732,697.9,0,33.38,31.02,9.08e-06,0.1462,0.9684,0.9758,0.008564,0.3329,0,0.02705,1.425,1.208
1122,0.8545,0.6562,0.9911,626.3,0,33.38,21.47,9.08e-06,0.1561,0.9647,0.9758,0.009082,0.3411,0,0.02487,1.573,1.326
1123,0.7696,0.5759,0.9688,681.4,0,33.38,25.73,9.08e-06,0.2088,0.9701,0.9697,0.007533,0.4477,0,0.02438,1.489,1.165
1124,0.8112,0.6161,0.9754,645.1,0,33.38,24.14,9.08e-06,0.2012,0.9702,0.9714,0.007207,0.374,0,0.02345,1.459,1.162
1125,0.9,0.7054,0.9732,588.7,0,33.38,22.58,9.07e-06,0.2198,0.9625,0.9635,0.01023,0.3047,0,0.02337,1.607,1.251
1126,0.9326,0.7411,0.9576,696.9,0,33.38,25.83,9.07e-06,0.2146,0.9703,0.969,0.006834,0.3203,0,0.02069,1.503,1.177
1127,0.6978,0.5045,0.9665,718.6,0,33.38,22.96,9.07e-06,0.1549,0.9736,0.9762,0.006578,0.4426,0,0.02479,1.381,1.161
1128,0.5829,0.3973,0.9286,734.8,0,33.38,35.25,9.07e-06,0.1527,0.9733,0.9798,0.006304,0.3719,0,0.02364,1.385,1.176
1129,0.9183,0.7277,0.9531,655.7,0,33.38,23.43,9.07e-06,0.1318,0.9755,0.9805,0.005724,0.3451,0,0.02136,1.348,1.169
1130,0.6348,0.442,0.9643,741.1,0,33.38,29.81,9.07e-06,0.1588,0.9745,0.9776,0.006418,0.4005,0,0.03254,1.399,1.179
1131,0.7295,0.5357,0.9688,723.4,0,33.38,15.65,9.06e-06,0.1688,0.9777,0.9771,0.004877,0.4254,0,0.02461,1.373,1.133
1132,0.6879,0.4955,0.9621,705.5,0,33.38,26.55,9.06e-06,0.1421,0.9776,0.9815,0.005322,0.4525,0,0.02216,1.353,1.161
1133,0.7156,0.5223,0.9665,603.4,0,33.38,16.27,9.06e-06,0.1497,0.9779,0.9805,0.005084,0.4256,0,0.02015,1.345,1.141
1134,0.7808,0.5848,0.9799,680,0,33.38,24.19,9.06e-06,0.189,0.9739,0.9755,0.007012,0.4271,0,0.02334,1.436,1.156
1135,0.6594,0.4688,0.9531,724.1,0,33.38,20.71,9.06e-06,0.2186,0.9577,0.9639,0.01162,0.3982,0,0.02623,1.877,1.417
1136,0.8509,0.6562,0.9732,655.8,0,33.38,18.96,9.06e-06,0.1634,0.9772,0.98,0.005289,0.3422,0,0.01844,1.353,1.135
1137,0.8652,0.6786,0.933,730.7,0,33.38,35.26,9.05e-06,0.2143,0.9761,0.971,0.005345,0.3554,0,0.0221,1.486,1.134
1138,0.7362,0.5446,0.9621,611.2,0.004464,33.38,35.79,9.05e-06,0.2356,0.9702,0.9679,0.007157,0.455,0,0.03455,1.645,1.185
1139,0.5777,0.3884,0.9464,834,0,35.61,45.44,9.05e-06,0.2514,0.9644,0.9672,0.009617,0.4476,0,0.03586,1.741,1.267
1140,0.6661,0.4777,0.942,765.2,0,35.61,35.22,9.05e-06,0.2688,0.9638,0.9633,0.009698,0.4192,0,0.02464,1.755,1.253
1141,0.6978,0.5179,0.8996,677.1,0,35.61,32.96,9.05e-06,0.229,0.968,0.97,0.008258,0.3851,0,0.02769,1.589,1.21
1142,0.5107,0.3304,0.9062,802.5,0.004464,84.85,58.28,9.05e-06,0.274,0.9638,0.963,0.009325,0.3729,0,0.022,1.746,1.244
1143,0.5549,0.3705,0.9219,645.1,0,84.85,18.79,9.05e-06,0.2792,0.9609,0.9573,0.01009,0.3854,0,0.02137,1.83,1.295
1144,0.5103,0.3304,0.8996,575.5,0,84.85,18.02,9.04e-06,0.2757,0.9623,0.9598,0.009571,0.3765,0,0.02785,1.772,1.257
1145,0.6862,0.5045,0.9085,526.6,0,84.85,27.42,9.04e-06,0.3135,0.9498,0.9517,0.01329,0.4006,0,0.01771,2.064,1.4
1146,0.6205,0.442,0.8929,499.2,0,84.85,9.629,9.04e-06,0.2634,0.9673,0.9617,0.007456,0.3811,0,0.02387,1.652,1.215
1147,0.6179,0.442,0.8795,499.6,0,84.85,19.48,9.04e-06,0.335,0.9645,0.9574,0.0083,0.3847,0,0.02816,1.991,1.262
1148,0.5049,0.3393,0.8281,511.9,0,84.85,23.17,9.04e-06,0.2613,0.9601,0.9588,0.01009,0.3537,0,0.02136,1.791,1.32
1149,0.4295,0.2634,0.8304,497.3,0,84.85,10.12,9.04e-06,0.4099,0.9519,0.9509,0.01277,0.3335,0,0.02425,13.51,1.476
1150,0.5205,0.3527,0.8393,431.8,0,84.85,16.54,9.03e-06,0.3737,0.9632,0.9493,0.008058,0.294,0,0.02066,2.023,1.207
1151,0.4987,0.3214,0.8862,480.4,0,84.85,16.12,9.03e-06,0.3346,0.9553,0.9524,0.0113,0.4013,0,0.02125,2.094,1.366
1152,0.6,0.4241,0.8795,461.4,0,84.85,16.67,9.03e-06,0.4181,0.9552,0.9476,0.01067,0.3476,0,0.02271,2.406,1.373
1153,0.6438,0.4643,0.8973,472.5,0,84.85,24.03,9.03e-06,0.4042,0.9537,0.9457,0.01164,0.4006,0,0.02249,2.282,1.377
1154,0.642,0.4598,0.9107,529.9,0,84.85,25.45,9.03e-06,0.4128,0.9556,0.9445,0.01157,0.3973,0,0.02442,3.851,1.3
1155,0.6598,0.4688,0.9554,461.2,0,84.85,17.83,9.03e-06,0.3402,0.9463,0.9466,0.01545,0.3865,0,0.0219,2.223,1.507
1156,0.6929,0.5089,0.9196,464.5,0,84.85,9.081,9.02e-06,0.342,0.9542,0.9507,0.01209,0.3909,0,0.01737,2.164,1.346
1157,0.7393,0.5491,0.9509,583.2,0,84.85,9.661,9.02e-06,0.3346,0.953,0.953,0.01215,0.3972,0,0.0194,2.318,1.415
1158,0.7286,0.5402,0.942,603.4,0,84.85,18.58,9.02e-06,0.2982,0.9531,0.9533,0.01241,0.4531,0,0.02081,2.096,1.427
1159,0.7071,0.5223,0.9241,444,0,84.85,17.32,9.02e-06,0.3315,0.9523,0.9474,0.01309,0.4211,0,0.02264,1.907,1.324
1160,0.5911,0.4018,0.9464,520.3,0,84.85,29.05,9.02e-06,0.3821,0.9426,0.945,0.01528,0.3456,0,0.01719,2.63,1.578
1161,0.6451,0.4598,0.9263,476,0,84.85,17.96,9.02e-06,0.3439,0.9671,0.9628,0.007619,0.426,0,0.02111,2.981,1.204
1162,0.6478,0.4598,0.9397,630.1,0,84.85,23.29,9.01e-06,0.2966,0.9676,0.9669,0.007681,0.4595,0,0.02024,2.356,1.218
1163,0.7281,0.5312,0.9844,608.3,0,84.85,20.84,9.01e-06,0.2457,0.9735,0.9749,0.006597,0.3613,0,0.0299,1.882,1.168
1164,0.6018,0.4062,0.9777,624.6,0,84.85,23.67,9.01e-06,0.2319,0.9702,0.9753,0.007595,0.3886,0,0.02148,1.946,1.255
1165,0.5848,0.3973,0.9375,694.5,0,84.85,28.66,9.01e-06,0.326,0.964,0.9574,0.008701,0.291,0,0.01955,1.911,1.237
1166,0.646,0.4509,0.9754,646,0,84.85,21.08,9.01e-06,0.2831,0.9585,0.9594,0.01082,0.2936,0,0.0232,1.978,1.341
1167,0.5487,0.3571,0.9576,655.6,0,84.85,27.3,9.01e-06,0.4177,0.962,0.9567,0.008928,0.3037,0,0.01924,1509,1.345
1168,0.7031,0.5089,0.971,677.3,0,84.85,21.49,9e-06,0.2113,0.9735,0.9758,0.006599,0.314,0,0.02096,1.508,1.164
1169,0.7335,0.5357,0.9888,655.3,0,84.85,22.64,9e-06,0.1568,0.9695,0.9779,0.008207,0.4009,0,0.01747,1.468,1.238
1170,0.6129,0.4152,0.9888,589.4,0,84.85,20.77,9e-06,0.1869,0.9677,0.977,0.008871,0.3941,0,0.01698,1.609,1.278
1171,0.6813,0.4866,0.9732,622.2,0,84.85,17.83,9e-06,0.1574,0.9747,0.9782,0.006242,0.3268,0,0.02138,1.392,1.166
1172,0.742,0.5536,0.942,740.2,0,84.85,25.14,9e-06,0.2358,0.9694,0.9737,0.007808,0.3829,0,0.02043,2.488,1.27
1173,0.9397,0.7455,0.971,727.6,0,84.85,21.08,9e-06,0.1677,0.9675,0.978,0.009011,0.3799,0,0.02292,1.575,1.298
1174,0.8768,0.683,0.9688,808.8,0,84.85,34.1,8.99e-06,0.1553,0.9688,0.9778,0.008188,0.3644,0,0.02059,1.516,1.275
1175,0.8964,0.7009,0.9777,756,0,84.85,25.77,8.99e-06,0.1334,0.9711,0.9818,0.007446,0.3674,0,0.01969,1.501,1.28
1176,0.7991,0.6027,0.9821,723.2,0,84.85,26.42,8.99e-06,0.1676,0.9602,0.9705,0.0117,0.4126,0,0.02089,1.596,1.322
1177,0.8348,0.6384,0.9821,706.9,0,84.85,25.39,8.99e-06,0.1563,0.9662,0.9755,0.009978,0.3701,0,0.02063,1.484,1.244
1178,0.8598,0.6607,0.9955,718.1,0,84.85,28.71,8.99e-06,0.1536,0.9641,0.9728,0.01107,0.4124,0,0.02053,1.458,1.229
1179,0.8281,0.6295,0.9933,732.6,0,84.85,28.41,8.99e-06,0.1253,0.9751,0.9806,0.006584,0.3352,0,0.01984,1.298,1.141
1180,0.8808,0.683,0.9888,716.9,0,84.85,25.63,8.98e-06,0.138,0.9656,0.9763,0.009241,0.3726,0,0.02305,1.51,1.293
1181,0.8554,0.6562,0.9955,800.1,0,84.85,29.32,8.98e-06,0.1331,0.9696,0.9753,0.008595,0.4098,0,0.0196,1.314,1.147
1182,0.7804,0.5804,1,903.2,0,84.85,28.64,8.98e-06,0.1129,0.9732,0.9791,0.007664,0.4273,0,0.02378,1.277,1.136
1183,0.7638,0.567,0.9844,807.5,0,84.85,34.95,8.98e-06,0.144,0.973,0.9764,0.007152,0.3721,0,0.02225,1.316,1.131
1184,0.7536,0.5536,1,841.8,0,84.85,32.91,8.98e-06,0.1239,0.9708,0.9778,0.008291,0.3808,0,0.01888,1.362,1.181
1185,0.8022,0.6027,0.9978,869.8,0,84.85,24.76,8.98e-06,0.1182,0.9672,0.9805,0.009886,0.4334,0,0.02219,1.467,1.263
1186,0.8875,0.6875,1,788.2,0,84.85,24.74,8.97e-06,0.1443,0.9644,0.9751,0.01051,0.4183,0,0.01856,1.581,1.296
1187,0.8415,0.6429,0.9933,832.9,0,84.85,23.91,8.97e-06,0.1367,0.9644,0.9749,0.01049,0.4167,0,0.02604,1.44,1.23
1188,0.9768,0.7768,1,818.2,0,84.85,30.23,8.97e-06,0.1241,0.972,0.9802,0.007919,0.3962,0,0.02163,1.374,1.178
1189,0.8996,0.7009,0.9933,751.4,0,84.85,30.44,8.97e-06,0.1425,0.9686,0.9762,0.008454,0.4139,0,0.02436,1.412,1.196
1190,0.7482,0.5491,0.9955,1143,0,84.85,50.02,8.97e-06,0.1105,0.9752,0.9801,0.00697,0.3846,0,0.02715,1.266,1.13
1191,0.6482,0.4509,0.9866,891.7,0,84.85,35.07,8.97e-06,0.1408,0.9671,0.9756,0.009011,0.423,0,0.02137,1.426,1.226
1192,0.6991,0.5,0.9955,811.2,0,84.85,36.87,8.96e-06,0.1343,0.9716,0.9798,0.008404,0.4012,0,0.02822,1.331,1.153
1193,0.6688,0.4687,1,871,0,84.85,41.05,8.96e-06,0.154,0.9661,0.9722,0.01041,0.4011,0,0.02323,1.378,1.168
1194,0.8643,0.6652,0.9955,692.3,0,84.85,32.05,8.96e-06,0.1643,0.9753,0.9722,0.006502,0.4184,0,0.02163,1.292,1.089
1195,0.6821,0.4866,0.9777,782.7,0,84.85,28.96,8.96e-06,0.2045,0.9597,0.9627,0.01151,0.3353,0,0.01853,1.682,1.28
1196,0.5576,0.3616,0.9799,870.7,0,84.85,30.45,8.96e-06,0.1608,0.9643,0.9691,0.01053,0.4042,0,0.02452,1.539,1.253
1197,0.775,0.5759,0.9955,759.6,0,84.85,34.16,8.96e-06,0.1577,0.9693,0.9744,0.00959,0.2809,0.3571,0.02601,1.446,1.192
1198,0.8826,0.6875,0.9754,893.4,0,84.85,23.3,8.95e-06,0.111,0.9773,0.9824,0.006181,0.461,0,0.02314,1.24,1.105
1199,0.8741,0.6786,0.9777,933.2,0,84.85,27.75,8.95e-06,0.1196,0.9774,0.982,0.006595,0.4658,0,0.02771,1.245,1.097
1200,0.9509,0.7589,0.9598,898.9,0,84.85,21.82,8.95e-06,0.1274,0.9763,0.9789,0.006543,0.4011,0,0.03385,1.264,1.104
1201,0.7085,0.5134,0.9754,565.6,0,84.85,27.09,8.95e-06,0.2254,0.9625,0.9646,0.01031,0.394,0,0.01978,1.751,1.199
1202,0.6879,0.4911,0.9844,595.8,0,84.85,11.56,8.95e-06,0.2199,0.9652,0.9667,0.009225,0.4259,0,0.02201,1.551,1.205
1203,0.5902,0.3929,0.9866,548.9,0,84.85,8.785,8.95e-06,0.2391,0.9663,0.9651,0.009588,0.3967,0,0.01936,1.581,1.188
1204,0.592,0.3973,0.9732,616.4,0,84.85,18.47,8.94e-06,0.1965,0.9741,0.9728,0.00704,0.3659,0,0.02138,1.371,1.101
1205,0.6232,0.4286,0.9732,627.1,0,84.85,25.87,8.94e-06,0.2437,0.9576,0.9618,0.01313,0.3258,0,0.02393,1.837,1.333
1206,0.8022,0.6116,0.9531,645,0,84.85,18.81,8.94e-06,0.1915,0.9743,0.9746,0.007165,0.3984,0,0.02102,1.365,1.108
1207,0.6647,0.4688,0.9799,587.9,0,84.85,28.98,8.94e-06,0.1724,0.973,0.9748,0.007652,0.4214,0,0.02064,1.329,1.109
1208,0.7478,0.5536,0.971,618.3,0,84.85,18.19,8.94e-06,0.2317,0.9623,0.9631,0.01154,0.4106,0,0.02021,1.588,1.218
1209,0.6098,0.4196,0.9509,657.3,0,84.85,23.69,8.94e-06,0.2045,0.9742,0.9705,0.006446,0.3755,0,0.02256,1.398,1.109
1210,0.6799,0.4866,0.9665,661.8,0,84.85,19.02,8.93e-06,0.2052,0.9736,0.9733,0.006791,0.3317,0,0.02678,1.391,1.116
1211,0.6902,0.4955,0.9732,700.9,0,84.85,24.93,8.93e-06,0.2024,0.974,0.9695,0.00671,0.3901,0,0.02298,1.373,1.103
1212,0.6119,0.4241,0.9397,678.1,0,84.85,37.62,8.93e-06,0.2018,0.9735,0.9735,0.007164,0.3418,0,0.027,1.404,1.123
1213,0.7223,0.5357,0.933,613.4,0,84.85,26.41,8.93e-06,0.3114,0.9696,0.9628,0.008326,0.3659,0,0.02686,1.618,1.125
1214,0.7719,0.5893,0.9129,505.1,0,84.85,13.21,8.93e-06,0.3032,0.9588,0.9561,0.01178,0.3237,0,0.01859,1.667,1.203
1215,0.792,0.6027,0.9464,606.2,0,84.85,19.96,8.93e-06,0.2891,0.9715,0.9635,0.007168,0.3557,0,0.0238,1.621,1.111
1216,0.9424,0.7545,0.9397,554.2,0,84.85,25.08,8.92e-06,0.3138,0.9699,0.9581,0.007312,0.4285,0,0.02314,1.641,1.117
1217,0.9147,0.7321,0.9129,508.6,0,84.85,17.57,8.92e-06,0.3375,0.9705,0.9577,0.007536,0.4189,0,0.02234,1.588,1.11
1218,0.842,0.6518,0.9509,481.2,0,84.85,22.92,8.92e-06,0.3638,0.968,0.9541,0.008208,0.43,0,0.02045,1.704,1.122
1219,0.6295,0.433,0.9821,526.6,0,84.85,22.24,8.92e-06,0.2755,0.9681,0.9605,0.008824,0.3817,0,0.02442,1.53,1.124
1220,0.5598,0.3661,0.9688,505,0,84.85,22.92,8.92e-06,0.4003,0.9669,0.953,0.008425,0.3552,0,0.02418,2.139,1.113
1221,0.5161,0.3214,0.9732,527.2,0,84.85,23.83,8.92e-06,0.4379,0.9649,0.9531,0.009888,0.3492,0,0.01791,6207,1.372
1222,0.6112,0.4241,0.9353,453.7,0,84.85,27.39,8.91e-06,0.4357,0.958,0.9475,0.01198,0.385,0,0.02031,4.814,1.227
1223,0.6415,0.4554,0.9308,366.6,0,84.85,21.06,8.91e-06,0.4493,0.9483,0.9359,0.01464,0.4081,0,0.0169,2.338,1.334
1224,0.6585,0.4911,0.8371,398.2,0,84.85,18.13,8.91e-06,0.4404,0.9556,0.9445,0.01207,0.4438,0,0.02009,2.204,1.291
1225,0.6862,0.5045,0.9085,363.7,0,84.85,12.47,8.91e-06,0.5041,0.9522,0.9271,0.01191,0.449,0,0.02009,2.714,1.229
1226,0.596,0.4062,0.9487,383.8,0,84.85,18.5,8.91e-06,0.4522,0.9538,0.9369,0.01187,0.3914,0,0.02093,2.306,1.296
1227,0.4304,0.2634,0.8348,337.4,0,84.85,17.38,8.91e-06,0.5812,0.9601,0.9335,0.009952,0.3489,0,0.02284,2.428,1.129
1228,0.5563,0.3839,0.8616,355.7,0,84.85,17.44,8.9e-06,0.5012,0.9642,0.942,0.00898,0.3761,0,0.02361,2.106,1.133
1229,0.4183,0.2455,0.8638,337.5,0,84.85,14.81,8.9e-06,0.4661,0.966,0.9459,0.007694,0.2694,0,0.01661,1.973,1.119
1230,0.6714,0.5,0.8571,318.5,0,84.85,14.6,8.9e-06,0.5623,0.9646,0.9379,0.007635,0.3514,0,0.02339,2.361,1.126
1231,0.4594,0.2857,0.8683,390.1,0,84.85,27.33,8.9e-06,0.4527,0.9692,0.9478,0.007077,0.2278,0,0.01812,1.842,1.101
1232,0.3821,0.2054,0.8839,373.5,0,84.85,23.19,8.9e-06,0.5629,0.9655,0.9394,0.007271,0.2419,0,0.0359,2.237,1.127
1233,0.5232,0.3527,0.8527,372.7,0,84.85,23.02,8.89e-06,0.5796,0.9599,0.9359,0.009699,0.2799,0,0.02499,2.509,1.184
1234,0.5152,0.3348,0.904,416.3,0,84.85,38.27,8.89e-06,0.3681,0.9713,0.9534,0.006669,0.2709,0,0.03773,1.715,1.091
1235,0.779,0.5893,0.9487,519.6,0,84.85,30.64,8.89e-06,0.3742,0.9622,0.9469,0.009541,0.4066,0,0.03056,1.787,1.18
1236,0.6438,0.4554,0.942,371.7,0,84.85,17.95,8.89e-06,0.4802,0.9573,0.9403,0.01097,0.3737,0,0.02555,2.406,1.19
1237,0.7179,0.5268,0.9554,502.6,0,84.85,19.71,8.89e-06,0.3548,0.9647,0.9518,0.00912,0.3623,0,0.03899,1.764,1.168
1238,0.7661,0.5759,0.9509,497.5,0,84.85,21.18,8.89e-06,0.4511,0.9641,0.9486,0.008767,0.3714,0,0.02736,16.56,1.2
1239,0.5969,0.4063,0.9531,392.4,0,84.85,23.01,8.88e-06,0.5581,0.9604,0.9357,0.00938,0.3838,0,0.03388,2.389,1.143
1240,0.5246,0.3393,0.9263,366,0,84.85,16.71,8.88e-06,0.7149,0.9565,0.9233,0.009638,0.3581,0,0.02727,8.329,1.195
1241,0.4388,0.2589,0.8996,356.7,0,84.85,16,8.88e-06,0.7419,0.9567,0.9234,0.008706,0.3265,0,0.03487,5.186,1.194
1242,0.4679,0.2902,0.8884,366.6,0,84.85,21.1,8.88e-06,0.6478,0.9572,0.9301,0.009808,0.3357,0,0.0426,2.53,1.174
1243,0.5156,0.3214,0.971,453.5,0,84.85,23.57,8.88e-06,0.6171,0.9517,0.9173,0.011,0.3744,0,0.0397,4.986,1.185
1244,0.5076,0.317,0.9531,476.8,0,84.85,32.85,8.88e-06,0.5936,0.9476,0.9148,0.01284,0.3641,0,0.02945,2.568,1.211
1245,0.6308,0.4375,0.9665,490.3,0,84.85,23.03,8.87e-06,0.4234,0.9549,0.9374,0.01159,0.4576,0,0.02518,2.005,1.205
1246,0.5813,0.3929,0.942,476.4,0,84.85,21.53,8.87e-06,0.4548,0.9523,0.9313,0.0121,0.395,0,0.02974,2.149,1.223
1247,0.6973,0.5134,0.9196,515.3,0,84.85,22.96,8.87e-06,0.3508,0.9709,0.9574,0.006811,0.3077,0,0.02209,2.87,1.123
1248,0.8165,0.6339,0.9129,516.6,0,84.85,31.34,8.87e-06,0.3097,0.9709,0.9566,0.007033,0.321,0,0.02392,1.612,1.112
1249,0.8763,0.6875,0.9442,480.6,0,84.85,25.13,8.87e-06,0.2639,0.9717,0.9635,0.007755,0.2796,0,0.01942,1.493,1.11
1250,0.7045,0.5179,0.933,484,0,84.85,16.7,8.87e-06,0.2912,0.9695,0.9599,0.007817,0.283,0,0.02202,1.608,1.132
1251,0.5996,0.4107,0.9442,442.9,0,84.85,12.56,8.86e-06,0.3239,0.967,0.9591,0.008408,0.4192,0,0.02804,1.69,1.142
1252,0.7304,0.5402,0.9509,531.6,0,84.85,18.75,8.86e-06,0.3245,0.9696,0.9632,0.008245,0.4356,0,0.02473,2.075,1.129
1253,0.6777,0.4866,0.9554,496.6,0,84.85,19.08,8.86e-06,0.2684,0.9678,0.9607,0.008411,0.43,0,0.02296,1.564,1.155
1254,0.7076,0.5134,0.971,543.8,0,84.85,14.91,8.86e-06,0.2785,0.9704,0.9634,0.007412,0.3961,0,0.0305,1.586,1.137
1255,0.7125,0.5179,0.9732,503.6,0,84.85,19.2,8.86e-06,0.3873,0.9645,0.9497,0.008517,0.3437,0,0.0226,6.725,1.183
