step,reward,acc,fmt,len,clipped,mem,step_time,lr,ppl_abs_diff,ess,is_weight,clipped_frac,r_std,zero_std,grad,tr_ppl,ro_ppl,ent,ent_thr,soft_ol,clip_region
1,0.4384,0.2455,0.9777,1019,0.01339,31.84,54.39,1e-05,0.04971,0.9869,0.9955,0.001689,0.3391,0,0.005976,2.252,2.148,0.6973,1.618,-0.01339,0
2,0.4636,0.2679,0.9844,930.1,0,68.13,62.08,1e-05,0.0611,0.9869,0.9955,0.00197,0.4198,0,0.003745,2.494,2.344,0.7422,1.951,-0.005829,0
3,0.3884,0.192,0.9911,841.3,0.008929,68.13,43.72,1e-05,0.05816,0.9851,0.9938,0.00253,0.354,0,0.004346,2.577,2.433,0.7236,1.501,-0.008929,0
4,0.3295,0.1384,0.9732,938.4,0.01786,68.13,31.38,1e-05,0.05219,0.9849,0.995,0.002307,0.3448,0,0.003342,2.957,2.804,0.8612,2.094,-0.01786,0
5,0.4313,0.2455,0.9598,1149,0.02679,68.13,44.23,1e-05,0.06426,0.9816,0.9936,0.003379,0.3392,0,0.003595,2.867,2.643,0.8357,1.252,-0.03103,0
6,0.533,0.3438,0.9777,1339,0.01786,68.13,67.01,1e-05,0.05239,0.9841,0.9952,0.003162,0.3793,0,0.006545,2.37,2.231,0.7365,1.16,-0.03138,0
7,0.3923,0.2098,0.9576,1454,0.04018,68.13,58.85,1e-05,0.04457,0.9878,0.996,0.001814,0.394,0,0.005643,2.565,2.463,0.7825,2.008,-0.04527,0
8,0.4047,0.2143,0.9777,1195,0.01786,68.13,60.84,1e-05,0.04625,0.9888,0.996,0.001504,0.3963,0,0.005303,2.472,2.37,0.7466,1.722,-0.02583,0
9,0.4229,0.2277,0.9866,1116,0.008929,68.13,52.01,1e-05,0.05582,0.9843,0.993,0.00267,0.3777,0,0.004759,2.428,2.276,0.7456,1.46,-0.01059,0
10,0.5241,0.3259,0.9955,865.5,0,68.13,81.98,1e-05,0.0647,0.9842,0.9954,0.002501,0.4063,0,0.01273,2.549,2.397,0.7975,2.214,-0.004338,0
11,0.526,0.3348,0.9665,906.5,0.008929,68.13,53.37,1e-05,0.04872,0.9882,0.9966,0.001689,0.3661,0,0.004957,2.422,2.308,0.7133,1.489,-0.01039,0
12,0.5632,0.3705,0.9799,1114,0.01339,68.13,85.56,1e-05,0.0485,0.9875,0.9955,0.001624,0.4136,0,0.003215,2.119,2.023,0.6537,1.297,-0.01655,0
13,0.5208,0.3304,0.971,971.2,0.01786,68.13,68.79,1e-05,0.05784,0.9862,0.995,0.001885,0.3899,0,0.004221,2.085,1.963,0.6372,1.568,-0.01858,0
14,0.5269,0.3438,0.9554,1209,0.03125,68.13,43.7,1e-05,0.06553,0.9837,0.9929,0.00299,0.3908,0,0.003828,2.303,2.161,0.7081,0.7899,-0.0394,0
15,0.54,0.3571,0.9598,1243,0.03571,68.13,30.98,1e-05,0.05861,0.9871,0.9953,0.001948,0.382,0,0.004016,2.385,2.236,0.6958,1.244,-0.04545,0
16,0.5201,0.3214,0.9933,614.6,0,68.13,28.9,1e-05,0.1123,0.968,0.9838,0.007678,0.3925,0,0.003394,3.056,2.652,0.8694,1.943,0,0
17,0.5366,0.3393,0.9933,897.2,0.004464,68.13,59.5,1e-05,0.05782,0.9857,0.996,0.00205,0.4497,0,0.004331,2.51,2.369,0.7855,1.613,-0.006662,0
18,0.5577,0.3661,0.9732,972.3,0.01339,68.13,49.92,1e-05,0.05426,0.9865,0.9958,0.001859,0.4165,0,0.004416,2.732,2.58,0.7533,2.088,-0.01515,0
19,0.574,0.375,0.9978,720.8,0,68.13,53.37,1e-05,0.0675,0.9825,0.9926,0.003503,0.4536,0,0.003052,2.294,2.129,0.7244,1.29,-0.002535,0
20,0.5786,0.3795,0.9955,737.4,0,68.13,57.11,1e-05,0.05953,0.9829,0.9936,0.00277,0.4654,0,0.003369,2.526,2.369,0.754,1.782,0,0
21,0.5728,0.3795,0.9799,895.6,0.01339,68.13,65.99,1e-05,0.05214,0.9882,0.9961,0.001329,0.4026,0,0.004971,2.444,2.305,0.743,1.056,-0.01339,0
22,0.5941,0.3973,0.9888,782.1,0.004464,70.95,36.16,1e-05,0.0564,0.9864,0.996,0.002004,0.436,0,0.004479,2.504,2.371,0.7353,1.376,-0.005149,0
23,0.3969,0.2009,0.9888,974.4,0.004464,84.49,28.07,1e-05,0.05489,0.985,0.9964,0.00232,0.3542,0,0.004598,2.539,2.406,0.7744,1.215,-0.008828,0
24,0.5144,0.317,0.9933,956.5,0.004464,84.49,55.65,1e-05,0.04695,0.9865,0.996,0.002313,0.4218,0,0.006877,2.273,2.16,0.6921,1.258,-0.006267,0
25,0.5062,0.3125,0.9866,1210,0.01339,84.49,70.4,1e-05,0.05879,0.9775,0.9912,0.004867,0.3922,0,0.004408,2.373,2.209,0.7498,1.676,-0.01815,0
26,0.6198,0.4241,0.9888,674.8,0.008929,84.49,43.66,1e-05,0.06682,0.9853,0.9935,0.001747,0.4615,0,0.004005,2.409,2.243,0.7715,1.42,-0.01039,0
27,0.6133,0.4196,0.9844,912,0.01339,84.49,59.28,1e-05,0.05116,0.9894,0.9958,0.001231,0.4522,0,0.003811,2.195,2.081,0.6302,1.038,-0.01627,0
28,0.4571,0.2723,0.9621,1246,0.03571,84.49,52.07,1e-05,0.05645,0.9811,0.9932,0.003653,0.407,0,0.005225,2.352,2.2,0.7224,0.8688,-0.03835,0
29,0.4228,0.2277,0.9844,979.2,0.004464,84.49,41.3,1e-05,0.07569,0.9783,0.9928,0.004551,0.3756,0,0.00523,2.389,2.156,0.7367,1.509,-0.008807,0
30,0.4464,0.2545,0.9799,1034,0.01786,84.87,82.05,1e-05,0.06716,0.9841,0.995,0.00273,0.3916,0,0.006227,2.638,2.303,0.6799,1.156,-0.02006,0
31,0.5251,0.3259,1,579.3,0,84.87,69.05,1e-05,0.08915,0.9832,0.9932,0.002942,0.4345,0,0.005156,2.298,2.115,0.6674,0.6719,-0.003904,0
32,0.4866,0.2902,0.9911,710.7,0.008929,84.87,66.23,1e-05,0.07907,0.9847,0.9934,0.00216,0.3942,0,0.003542,2.129,1.975,0.6387,0.7347,-0.008929,0
33,0.5982,0.4018,0.9911,625,0.008929,84.87,87.63,1e-05,0.08162,0.9834,0.9946,0.002782,0.4302,0,0.005133,2.448,2.254,0.7291,0.5769,-0.008929,0
34,0.5371,0.3393,0.9911,709.4,0,84.87,56.84,1e-05,0.07666,0.9805,0.9927,0.003686,0.408,0,0.003744,2.353,2.16,0.6652,1.48,-0.002019,0
35,0.5871,0.3929,0.9799,1085,0.008929,84.87,57.92,1e-05,0.05881,0.9847,0.9948,0.002964,0.4523,0,0.004367,2.223,2.034,0.6288,1.462,-0.008929,0
36,0.5696,0.3705,0.9955,784.7,0,84.87,41.43,1e-05,0.06878,0.9779,0.9922,0.005355,0.4325,0,0.003495,2.488,2.294,0.7602,2.289,0,0
37,0.5662,0.3705,0.9888,866.4,0.008929,84.87,67.99,1e-05,0.0628,0.9836,0.9935,0.003139,0.4138,0,0.005156,2.358,2.196,0.7106,1.951,-0.01041,0
38,0.5788,0.3839,0.9888,1192,0.008929,84.87,40.77,1e-05,0.04531,0.9862,0.9958,0.002517,0.4101,0,0.005705,2.187,2.076,0.6552,0.9143,-0.01453,0
39,0.5446,0.3482,0.9866,875.3,0.004464,84.87,69.6,1e-05,0.06782,0.9838,0.9943,0.003137,0.4394,0,0.004108,2.426,2.206,0.6994,1.478,-0.004844,0
40,0.6533,0.4598,0.9777,909.3,0.008929,84.87,48.94,1e-05,0.05472,0.9812,0.9957,0.004279,0.4254,0,0.003644,2.44,2.29,0.7367,1.659,-0.01048,0
41,0.4177,0.2232,0.9844,1297,0.004464,84.87,86.81,1e-05,0.04384,0.9885,0.9965,0.00168,0.3379,0,0.007541,2.016,1.931,0.612,0.9545,-0.01198,0
42,0.4701,0.2723,0.9933,829.9,0.004464,84.87,67.03,1e-05,0.05664,0.9858,0.9958,0.002552,0.3817,0,0.004806,2.694,2.546,0.712,1.651,-0.004464,0
43,0.5464,0.3482,0.9911,807,0,84.87,57.1,1e-05,0.07131,0.9757,0.9914,0.005211,0.3608,0,0.00524,2.533,2.333,0.755,2.096,0,0
44,0.45,0.2589,0.9777,1176,0.02232,84.87,71.1,1e-05,0.05327,0.9858,0.9959,0.00259,0.4267,0,0.004709,1.812,1.719,0.5307,0.6572,-0.02232,0
45,0.5317,0.3393,0.9799,1037,0.01786,84.87,34.72,1e-05,0.06857,0.9813,0.9933,0.003232,0.4276,0,0.004869,2.477,2.297,0.74,1.382,-0.01786,0
46,0.6007,0.4062,0.9866,951.5,0.008929,84.88,39.51,1e-05,0.0776,0.9767,0.99,0.005216,0.4524,0,0.004866,2.622,2.394,0.8162,1.238,-0.01459,0
47,0.5328,0.3393,0.9821,916.9,0.008929,84.88,42.87,1e-05,0.07008,0.9793,0.9947,0.003853,0.3943,0,0.005075,2.833,2.61,0.9186,1.641,-0.0148,0
48,0.4922,0.3036,0.9621,1148,0.01786,84.88,68.98,1e-05,0.05301,0.9894,0.9964,0.001283,0.4023,0,0.003561,2.232,2.115,0.6673,0.9346,-0.01908,0
49,0.4132,0.2277,0.9643,1341,0.02679,84.88,69.59,1e-05,0.05388,0.9881,0.9963,0.001367,0.403,0,0.00697,2.162,2.036,0.6642,1.472,-0.0365,0
50,0.4098,0.2232,0.9643,1285,0.03125,84.88,52.66,1e-05,0.05587,0.9809,0.9945,0.003139,0.372,0,0.005302,3.025,2.843,0.949,1.624,-0.03125,0
51,0.4359,0.25,0.9688,1433,0.03125,84.88,59.32,1e-05,0.0616,0.982,0.9945,0.003413,0.3551,0,0.00608,2.624,2.45,0.7968,1.507,-0.03948,0
52,0.461,0.2634,0.9911,881.3,0,84.88,50.07,1e-05,0.0702,0.9817,0.9942,0.003036,0.3916,0,0.003346,3.173,2.769,0.8911,2.024,-0.003283,0
53,0.487,0.2902,0.9933,1155,0.004464,84.88,66.15,1e-05,0.05154,0.9884,0.9965,0.00134,0.4259,0,0.004619,2.354,2.234,0.7402,1.648,-0.009092,0
54,0.4717,0.2857,0.971,1431,0.03125,84.88,69.21,1e-05,0.06314,0.9843,0.9936,0.002753,0.4215,0,0.006574,2.416,2.245,0.7273,1.441,-0.0411,0
55,0.5736,0.3839,0.9688,1097,0.01786,84.88,36.83,1e-05,0.0589,0.9846,0.9939,0.002517,0.3706,0,0.003871,2.536,2.383,0.7792,1.908,-0.02048,0
56,0.5406,0.3482,0.9777,1242,0.01339,84.88,65.31,1e-05,0.05589,0.9821,0.9945,0.003312,0.348,0,0.005178,2.632,2.465,0.8309,1.764,-0.0159,0
57,0.4768,0.2857,0.9799,1266,0.01786,84.88,56.44,1e-05,0.0686,0.9773,0.9911,0.004896,0.419,0,0.004693,2.827,2.609,0.8857,1.466,-0.02441,0
58,0.4611,0.2679,0.9844,1030,0.01339,84.88,46.5,1e-05,0.0521,0.9869,0.997,0.001737,0.4155,0,0.004925,2.508,2.377,0.8048,1.538,-0.0184,0
59,0.5707,0.375,0.9911,916.2,0.008929,85,64.12,1e-05,0.07387,0.9742,0.992,0.005655,0.4244,0,0.00525,2.823,2.606,0.8696,2.132,-0.01246,0
60,0.4068,0.2143,0.9799,1123,0.01339,85,61.81,1e-05,0.04637,0.9872,0.9971,0.002002,0.3788,0,0.005312,2.542,2.423,0.8021,1.861,-0.01745,0
61,0.4527,0.2589,0.9821,1310,0.01339,85,65.67,1e-05,0.05624,0.9845,0.9952,0.002355,0.383,0,0.005945,2.38,2.235,0.7374,1.124,-0.01349,0
62,0.4685,0.2723,0.9933,1170,0.004464,54.62,89.82,1e-05,0.04358,0.9873,0.9961,0.001889,0.3756,0,0.005129,2.3,2.206,0.701,1.391,-0.01255,0
63,0.5178,0.3214,0.9933,940.2,0.004464,84.72,40.78,1e-05,0.06005,0.9867,0.9957,0.002117,0.4281,0,0.004484,2.342,2.213,0.7162,1.915,-0.01121,0
64,0.5241,0.3259,0.9955,874.3,0.004464,84.94,46.5,1e-05,0.05847,0.9861,0.9949,0.001977,0.4117,0,0.004004,2.414,2.288,0.7612,1.619,-0.004464,0
65,0.4945,0.2991,0.9866,1013,0.008929,84.94,42.05,1e-05,0.04736,0.9892,0.9965,0.00134,0.4079,0,0.003528,2.184,2.084,0.6497,1.619,-0.009685,0
66,0.5376,0.3482,0.9754,1308,0.02232,84.94,44,1e-05,0.05062,0.9891,0.9962,0.00108,0.4147,0,0.005961,3.035,2.891,0.8709,2.114,-0.0285,0
67,0.4978,0.2991,0.9933,822.3,0,84.94,21.38,1e-05,0.06581,0.9835,0.9933,0.002955,0.3966,0,0.004802,2.71,2.552,0.8509,1.983,0,0
68,0.4899,0.2946,0.9888,1119,0.008929,84.94,38.45,1e-05,0.06444,0.9798,0.9915,0.004228,0.3986,0,0.006268,2.276,2.117,0.7063,1.484,-0.01258,0
69,0.495,0.2991,0.9911,1087,0.008929,84.94,94.21,1e-05,0.05496,0.9829,0.9937,0.0036,0.4471,0,0.005223,2.321,2.185,0.7038,1.537,-0.01175,0
70,0.4199,0.2277,0.9821,1203,0.01339,84.94,42.63,1e-05,0.0569,0.9836,0.9937,0.003005,0.3523,0,0.005223,2.699,2.549,0.7824,1.8,-0.02111,0
71,0.4234,0.2277,0.9888,1045,0.008929,84.94,39.57,1e-05,0.05046,0.9879,0.9952,0.001842,0.3232,0,0.004815,2.294,2.187,0.6784,1.68,-0.01021,0
72,0.5268,0.3304,0.9911,836,0.008929,84.94,30.59,1e-05,0.05702,0.9848,0.995,0.002613,0.4315,0,0.004489,2.33,2.206,0.6976,1.516,-0.008929,0
73,0.6323,0.433,1,749.5,0,84.94,52.26,1e-05,0.06155,0.9836,0.9943,0.002954,0.473,0,0.004058,2.219,2.086,0.6693,1.367,-0.003472,0
74,0.4217,0.2277,0.9844,1036,0.008929,84.94,52.86,1e-05,0.06833,0.9828,0.9931,0.002877,0.3981,0,0.004512,2.676,2.5,0.7879,1.841,-0.01407,0
75,0.4678,0.2723,0.9821,1188,0.004464,84.94,62.14,1e-05,0.04487,0.9893,0.9965,0.001268,0.3557,0,0.005053,2.392,2.29,0.737,1.743,-0.004606,0
76,0.5518,0.3527,1,899.6,0,84.94,46.89,1e-05,0.04646,0.9867,0.9961,0.001566,0.3807,0,0.004439,2.146,2.047,0.6635,1.799,-0.004157,0
77,0.5875,0.3884,0.9955,760.7,0,84.94,29.25,1e-05,0.0647,0.9855,0.994,0.002026,0.4429,0,0.005708,2.718,2.527,0.8188,1.047,0,0
78,0.5134,0.317,0.9866,901.3,0.004464,84.94,50.45,1e-05,0.04966,0.9875,0.9955,0.001708,0.4297,0,0.004433,2.262,2.16,0.7082,1.987,-0.004464,0
79,0.6182,0.4196,0.9978,876.3,0,84.94,72.71,1e-05,0.05243,0.9867,0.9956,0.001643,0.4155,0,0.00452,2.133,2.025,0.6706,1.518,-0.005055,0
80,0.4466,0.2545,0.9777,1155,0.01339,84.94,45.69,1e-05,0.04888,0.984,0.9942,0.002919,0.3723,0,0.005007,2.276,2.165,0.6989,1.601,-0.01695,0
81,0.4778,0.2857,0.9799,1128,0.01786,84.94,55.37,1e-05,0.05423,0.9835,0.9936,0.002964,0.3781,0,0.005317,2.23,2.104,0.6891,1.668,-0.01953,0
82,0.5566,0.3616,0.9866,939.7,0.008929,84.94,51.48,9.99e-06,0.05228,0.9875,0.996,0.001443,0.4378,0,0.004807,2.239,2.122,0.6897,1.624,-0.01178,0
83,0.5156,0.3214,0.9799,929,0.008929,84.94,67.14,9.99e-06,0.04264,0.9886,0.9969,0.001319,0.3979,0,0.003363,2.451,2.347,0.7496,1.888,-0.008929,0
84,0.5228,0.3259,0.9911,868.8,0.004464,84.94,41.52,9.99e-06,0.05169,0.9882,0.9959,0.001622,0.4075,0,0.004778,2.142,2.031,0.6594,1.233,-0.006359,0
85,0.5137,0.317,0.9911,893.2,0.004464,84.94,54.82,9.99e-06,0.04995,0.9888,0.996,0.001314,0.4029,0,0.005144,2.116,2.01,0.6513,1.445,-0.007241,0
86,0.648,0.4509,0.9866,874.4,0,84.94,44.21,9.99e-06,0.05537,0.9837,0.9954,0.002928,0.442,0,0.003781,2.443,2.297,0.7507,1.274,-0.0009046,0
87,0.4674,0.2723,0.9844,889,0.008929,84.94,43.23,9.99e-06,0.04501,0.9887,0.9967,0.001194,0.3959,0,0.006107,2.369,2.26,0.7205,1.721,-0.008929,0
88,0.4909,0.2946,0.9888,833.4,0.004464,84.94,50.1,9.99e-06,0.05401,0.988,0.9966,0.001849,0.4071,0,0.003967,2.383,2.26,0.7166,1.277,-0.007669,0
89,0.4768,0.2902,0.9643,1193,0.02232,84.94,64.2,9.99e-06,0.05062,0.9851,0.9948,0.002716,0.3993,0,0.0045,2.588,2.447,0.7896,1.576,-0.03096,0
90,0.6316,0.433,0.9955,806.3,0,84.94,23.75,9.99e-06,0.05213,0.9892,0.9964,0.001336,0.4112,0,0.004188,2.425,2.306,0.703,1.078,-0.002825,0
91,0.5971,0.4018,0.9866,989.9,0.008929,84.94,56.48,9.99e-06,0.05748,0.9883,0.9964,0.001394,0.4145,0,0.004081,2.151,2.035,0.6578,1.315,-0.01026,0
92,0.544,0.3527,0.9754,1062,0.01786,84.94,61.83,9.99e-06,0.05408,0.9866,0.9948,0.001932,0.4336,0,0.005053,2.312,2.188,0.7006,1.3,-0.01896,0
93,0.6029,0.4062,0.9888,549.3,0.004464,84.94,51.09,9.99e-06,0.09097,0.9825,0.9948,0.003307,0.4137,0,0.004387,2.414,2.206,0.7318,0.9092,-0.005785,0
94,0.5656,0.3661,1,597.7,0,84.94,58.1,9.99e-06,0.08138,0.9829,0.9931,0.002764,0.3927,0,0.003264,2.331,2.152,0.6789,0.848,-0.002524,0
95,0.6071,0.4107,0.9866,546.7,0.004464,84.94,61.05,9.99e-06,0.0925,0.9822,0.9942,0.00312,0.3977,0,0.003643,2.581,2.359,0.7453,0.7148,-0.004464,0
96,0.5937,0.3973,0.9911,556.2,0.008929,84.94,63.42,9.99e-06,0.1056,0.9818,0.9913,0.003159,0.422,0,0.003548,2.172,1.964,0.6232,0.6727,-0.009048,0
97,0.6142,0.4152,0.9955,927.9,0,84.94,62.08,9.99e-06,0.06694,0.9787,0.9922,0.004395,0.4177,0,0.003915,2.472,2.235,0.7019,2.412,-0.0003357,0
98,0.5342,0.3348,0.9978,901.8,0,84.94,72.74,9.99e-06,0.05528,0.984,0.9937,0.002922,0.4068,0,0.004068,2.186,2.047,0.6609,1.93,-0.001051,0
99,0.5204,0.3214,0.9955,752.3,0,84.94,24.9,9.99e-06,0.06801,0.9792,0.9905,0.004239,0.378,0,0.003259,2.483,2.303,0.7718,1.844,-0.0005123,0
100,0.5522,0.3527,1,893.7,0,84.94,59.86,9.99e-06,0.07917,0.9738,0.9872,0.005942,0.3775,0,0.005524,2.69,2.454,0.8294,1.712,-0.002295,0
101,0.6315,0.433,0.9955,806.5,0,84.94,44.7,9.99e-06,0.0762,0.9727,0.9896,0.006513,0.4371,0,0.004388,2.962,2.71,0.837,2.374,-0.003204,0
102,0.608,0.4107,0.9911,699.5,0.004464,84.94,34.99,9.99e-06,0.07994,0.9783,0.9916,0.00393,0.3907,0,0.003869,3.016,2.773,0.8924,2.204,-0.004464,0
103,0.5993,0.4018,0.9955,797.8,0.004464,84.94,51.85,9.99e-06,0.06936,0.9807,0.9929,0.003506,0.4824,0,0.005499,2.863,2.666,0.9112,2.004,-0.007817,0
104,0.3345,0.1384,0.9911,1108,0.008929,84.94,83.35,9.99e-06,0.05156,0.9861,0.9959,0.002107,0.2897,0,0.007623,2.339,2.225,0.727,1.139,-0.01034,0
105,0.4014,0.2098,0.9799,1200,0.01786,84.94,77.71,9.99e-06,0.04915,0.9872,0.9963,0.002442,0.3632,0,0.006753,2.145,2.044,0.635,1.636,-0.02189,0
106,0.4648,0.2679,0.9911,1183,0.004464,84.94,74.69,9.99e-06,0.05336,0.9876,0.9956,0.001663,0.4052,0,0.005627,1.937,1.833,0.5631,0.8932,-0.006439,0
107,0.4679,0.2679,1,766.2,0,84.94,57.92,9.99e-06,0.07584,0.9842,0.9952,0.00266,0.3841,0,0.00396,1.933,1.776,0.54,0.7949,0,0
108,0.4322,0.2411,0.9754,1330,0.01786,84.94,63.8,9.99e-06,0.05349,0.9872,0.9957,0.001726,0.358,0,0.004826,2.38,2.262,0.7441,1.52,-0.01973,0
109,0.4813,0.2857,0.9844,1173,0.004464,84.94,49.72,9.99e-06,0.05004,0.9886,0.9967,0.001614,0.3955,0,0.004047,2.74,2.597,0.8135,1.713,-0.0065,0
110,0.4349,0.2411,0.9888,1143,0.008929,84.94,36.49,9.99e-06,0.0469,0.988,0.9961,0.00131,0.3799,0,0.004435,2.221,2.111,0.6818,1.42,-0.01957,0
111,0.592,0.3929,0.9955,681.1,0,84.94,29.93,9.99e-06,0.05729,0.9857,0.9951,0.002356,0.4453,0,0.004132,2.417,2.279,0.74,0.8679,0,0
112,0.4639,0.2723,0.9732,1146,0.01339,84.94,73.85,9.99e-06,0.0517,0.9871,0.9964,0.001881,0.4022,0,0.006776,2.373,2.248,0.7406,1.854,-0.01557,0
113,0.4039,0.2188,0.9621,1387,0.02679,84.94,67.74,9.99e-06,0.04652,0.9893,0.9971,0.001295,0.3572,0,0.006779,2.166,2.062,0.6583,1.995,-0.03624,0
114,0.4655,0.2679,0.9933,1197,0,84.94,45.68,9.99e-06,0.0615,0.9804,0.9935,0.004124,0.4125,0,0.005005,2.742,2.546,0.8612,1.95,-0.005042,0
115,0.4848,0.2902,0.9821,1069,0.008929,84.94,35.65,9.99e-06,0.07756,0.9766,0.9894,0.004986,0.3859,0,0.004242,2.408,2.196,0.7464,1.735,-0.008929,0
116,0.5338,0.3348,0.9955,1004,0,84.94,30.12,9.99e-06,0.06344,0.9764,0.9912,0.005177,0.3719,0,0.005372,2.924,2.704,0.8753,1.971,-0.0007542,0
117,0.5565,0.3571,1,922.2,0,84.94,24.76,9.99e-06,0.05166,0.9856,0.9978,0.001696,0.4525,0,0.004804,2.674,2.524,0.851,1.608,-0.003278,0
118,0.5969,0.3973,0.9978,579.1,0,84.94,31.84,9.99e-06,0.08445,0.9835,0.9942,0.002185,0.4303,0,0.004993,2.796,2.577,0.8679,1.366,0,0
119,0.4353,0.2411,0.9866,1263,0.008929,84.94,69.15,9.99e-06,0.05736,0.9882,0.996,0.001629,0.4029,0,0.004812,2.246,2.118,0.6891,1.601,-0.01566,0
120,0.4515,0.2589,0.9799,1247,0.01339,84.94,79.49,9.99e-06,0.06896,0.9854,0.9959,0.002453,0.3788,0,0.007123,2.54,2.351,0.8067,1.997,-0.01728,0
121,0.4674,0.2768,0.9688,1119,0.01339,84.94,33.83,9.99e-06,0.04525,0.9884,0.9972,0.001396,0.3794,0,0.003808,2.456,2.341,0.7692,1.478,-0.01578,0
122,0.4564,0.2634,0.9911,1325,0.008929,84.94,67.58,9.99e-06,0.0427,0.9882,0.9971,0.001214,0.4022,0,0.005305,2.884,2.754,0.8735,1.247,-0.02608,0
123,0.543,0.3438,1,811.3,0,84.94,36.38,9.99e-06,0.08345,0.9726,0.9883,0.005584,0.4211,0,0.003779,2.539,2.321,0.7979,1.009,-0.003581,0
124,0.4747,0.2812,0.9844,1080,0.01339,84.94,51.17,9.99e-06,0.05385,0.986,0.9951,0.002054,0.3898,0,0.005494,2.606,2.469,0.8075,1.559,-0.01698,0
125,0.5879,0.3884,0.9978,652.7,0,84.94,22.5,9.99e-06,0.05901,0.9848,0.9949,0.003056,0.4334,0,0.004192,2.246,2.117,0.6713,1.198,0,0
126,0.5198,0.3259,0.9888,1284,0.008929,84.94,53.08,9.99e-06,0.06187,0.9789,0.9939,0.004126,0.3798,0,0.005696,2.713,2.535,0.8682,2.082,-0.01936,0
127,0.5147,0.317,0.9933,1392,0,84.94,58,9.99e-06,0.05134,0.9771,0.9943,0.004686,0.3652,0,0.006203,2.726,2.576,0.9015,1.478,-0.004414,0
128,0.4183,0.2232,0.9844,1141,0.008929,78.09,48.74,9.99e-06,0.05374,0.9864,0.9961,0.002147,0.3871,0,0.005819,2.445,2.326,0.7364,2.192,-0.008929,0
129,0.4655,0.2723,0.9821,1295,0.01339,78.09,69.29,9.99e-06,0.04988,0.9875,0.9964,0.001871,0.3943,0,0.006113,2.384,2.256,0.7185,1.707,-0.01602,0
130,0.454,0.2545,0.9978,1134,0,78.09,46.57,9.99e-06,0.04754,0.9875,0.9957,0.001956,0.3922,0,0.004457,2.521,2.416,0.7473,2.309,0,0
131,0.5619,0.3661,0.9844,852.6,0.004464,78.09,37.05,9.99e-06,0.05269,0.9872,0.997,0.001771,0.4266,0,0.004363,2.703,2.566,0.8244,1.512,-0.00514,0
132,0.432,0.2321,1,943.2,0,78.09,47.47,9.99e-06,0.04824,0.9879,0.9961,0.001576,0.3907,0,0.005433,2.318,2.218,0.7208,2.077,-0.0009373,0
133,0.5662,0.3705,0.9911,962.2,0.008929,78.09,38.24,9.99e-06,0.07279,0.9802,0.9943,0.003715,0.4693,0,0.004701,2.888,2.688,0.8864,1.399,-0.01275,0
134,0.5489,0.3527,0.9911,948.5,0.008929,78.09,83.29,9.99e-06,0.05878,0.9821,0.994,0.003539,0.4099,0,0.005816,2.351,2.219,0.7272,1.881,-0.01004,0
135,0.5237,0.3259,0.9955,877.6,0.004464,78.09,41.26,9.99e-06,0.05436,0.9869,0.9966,0.001653,0.4205,0,0.004612,2.53,2.4,0.8007,1.914,-0.006566,0
136,0.5563,0.3571,0.9978,898.5,0,78.09,31.95,9.99e-06,0.04914,0.9855,0.9969,0.002389,0.4431,0,0.00524,2.465,2.345,0.7136,1.147,-0.002217,0
137,0.6772,0.4821,0.9799,800,0.004464,78.09,59.68,9.99e-06,0.05941,0.9859,0.9955,0.002586,0.4422,0,0.004607,2.326,2.2,0.6952,0.863,-0.004464,0
138,0.7034,0.5045,0.9955,897.7,0,78.09,49.06,9.99e-06,0.05112,0.9873,0.996,0.001763,0.3893,0,0.003305,1.913,1.821,0.5728,1.342,-0.0006431,0
139,0.565,0.3661,0.9955,833.5,0,78.09,44.03,9.99e-06,0.05878,0.9845,0.9961,0.002439,0.4292,0,0.002981,2.127,2.003,0.6544,1.172,-0.0007324,0
140,0.5874,0.3884,0.9955,887.2,0,78.09,50.65,9.99e-06,0.05751,0.9836,0.9938,0.00294,0.4381,0,0.004025,1.945,1.834,0.5852,1.327,-0.0006758,0
141,0.5041,0.308,0.9911,1115,0.004464,78.09,43.66,9.98e-06,0.04342,0.9887,0.9974,0.001263,0.3732,0,0.007111,2.085,1.997,0.6418,1.703,-0.01079,0
142,0.5951,0.3973,0.9911,1002,0,78.09,32.75,9.98e-06,0.05236,0.9884,0.9973,0.001477,0.43,0,0.004914,2.437,2.266,0.7136,1.541,-0.002047,0
143,0.5518,0.3571,0.9821,920.9,0.008929,78.09,55.44,9.98e-06,0.06875,0.9761,0.9899,0.005589,0.3901,0,0.003466,2.474,2.278,0.7559,1.593,-0.008929,0
144,0.5848,0.3884,0.9888,990.2,0.004464,78.09,40.17,9.98e-06,0.04956,0.9858,0.9953,0.002037,0.4194,0,0.006169,2.244,2.136,0.6895,1.582,-0.006945,0
145,0.6855,0.4866,1,896.6,0,78.09,53.11,9.98e-06,0.0606,0.9856,0.9961,0.00245,0.3989,0,0.005338,2.127,1.988,0.6406,0.9267,-0.005417,0
146,0.5769,0.3795,0.9933,951.8,0.004464,78.09,45.63,9.98e-06,0.0646,0.9844,0.9942,0.002383,0.422,0,0.005515,2.677,2.502,0.7703,1.939,-0.00608,0
147,0.6466,0.4509,0.9888,865.5,0.008929,78.09,53.73,9.98e-06,0.06218,0.9844,0.9944,0.002805,0.4419,0,0.005297,2.348,2.206,0.6958,1.448,-0.01009,0
148,0.6273,0.4286,0.9978,732.3,0,78.09,29.01,9.98e-06,0.05686,0.9838,0.9952,0.00282,0.428,0,0.003284,2.535,2.374,0.7849,1.283,-0.003924,0
149,0.5061,0.308,0.9933,927,0,78.09,34.49,9.98e-06,0.05668,0.9809,0.9952,0.00372,0.4028,0,0.004083,2.87,2.69,0.917,1.118,-0.003152,0
150,0.5021,0.308,0.9866,1159,0.01339,78.09,45.25,9.98e-06,0.06219,0.9861,0.9967,0.001996,0.4132,0,0.005742,2.709,2.537,0.8512,1.683,-0.01636,0
151,0.6584,0.4598,0.9933,785.2,0,78.09,39.05,9.98e-06,0.07374,0.985,0.9943,0.002207,0.4611,0,0.004305,2.236,2.073,0.6676,1.276,-0.0002114,0
152,0.5808,0.3839,0.9888,841.5,0.004464,78.09,53.57,9.98e-06,0.0451,0.9888,0.9972,0.001519,0.3834,0,0.004462,2.233,2.134,0.6569,0.882,-0.004464,0
153,0.5617,0.3661,0.9911,1061,0.008929,84.85,51.83,9.98e-06,0.04696,0.9881,0.9976,0.001559,0.4586,0,0.004891,2.412,2.299,0.738,0.9153,-0.01316,0
154,0.448,0.2545,0.9844,1198,0.01339,84.85,44.34,9.98e-06,0.05466,0.9837,0.9952,0.002568,0.4231,0,0.005373,2.945,2.788,0.8877,1.374,-0.01647,0
155,0.5571,0.3616,0.9866,902,0.008929,84.85,53.88,9.98e-06,0.04916,0.987,0.9963,0.0018,0.4496,0,0.005278,2.489,2.369,0.7573,1.336,-0.008929,0
156,0.6071,0.4107,0.9911,1103,0.008929,84.85,69,9.98e-06,0.04677,0.9895,0.9972,0.001027,0.4613,0,0.005703,2.457,2.342,0.748,1.078,-0.008929,0
157,0.6616,0.4643,0.9866,780.7,0,84.85,31.44,9.98e-06,0.04813,0.9901,0.9979,0.0009456,0.4716,0,0.004169,2.041,1.925,0.5915,0.9065,0,0
158,0.4658,0.2679,0.9955,986.5,0,84.85,71.57,9.98e-06,0.06327,0.9854,0.9952,0.00211,0.3692,0,0.00487,2.65,2.488,0.7476,0.7286,-0.005644,0
159,0.5425,0.3438,0.9978,771.9,0,84.85,64.98,9.98e-06,0.08092,0.9831,0.9949,0.002946,0.4139,0,0.003939,2.592,2.402,0.77,0.6043,-0.004201,0
160,0.6009,0.4018,0.9955,625.4,0,84.85,40.57,9.98e-06,0.06593,0.9864,0.9961,0.002197,0.4375,0,0.003342,2.459,2.302,0.6972,0.6025,0,0
161,0.539,0.3438,0.9911,924,0.008929,84.85,77.02,9.98e-06,0.06185,0.9863,0.9951,0.00223,0.4246,0,0.003712,2.179,2.047,0.6459,0.6239,-0.01493,0
162,0.6,0.4018,0.9955,984.9,0.004464,84.85,31.41,9.98e-06,0.06062,0.9787,0.9913,0.004227,0.4113,0,0.005235,2.63,2.449,0.8038,1.606,-0.004464,0
163,0.4714,0.2723,0.9955,882.1,0,84.85,26.98,9.98e-06,0.05485,0.9827,0.9943,0.002755,0.4146,0,0.004006,2.624,2.464,0.7929,1.477,-2.616e-05,0
164,0.4814,0.2857,0.9888,1109,0.004464,84.85,65.54,9.98e-06,0.04635,0.9883,0.9954,0.0016,0.4282,0,0.005739,2.357,2.243,0.7342,1.381,-0.01058,0
165,0.6487,0.4554,0.9799,916.8,0.01339,84.85,52.46,9.98e-06,0.07713,0.9731,0.9887,0.006602,0.4267,0,0.004736,2.693,2.449,0.8258,2.328,-0.01339,0
166,0.5598,0.3616,0.9955,1167,0.004464,84.85,48.02,9.98e-06,0.05564,0.9845,0.9943,0.002788,0.4291,0,0.00487,2.497,2.328,0.7345,1.093,-0.004464,0
167,0.5905,0.3929,0.9888,1039,0,84.85,68.68,9.98e-06,0.05039,0.9841,0.9949,0.002868,0.3697,0,0.005295,2.368,2.237,0.7152,1.934,-0.0008523,0
168,0.617,0.4196,0.9866,737.6,0,84.85,66.72,9.98e-06,0.07704,0.9765,0.9914,0.005195,0.4316,0,0.00394,2.617,2.392,0.7946,2.281,0,0
169,0.5696,0.3705,0.9978,896.8,0,84.85,52.13,9.98e-06,0.05311,0.9873,0.9961,0.002171,0.4397,0,0.004547,2.318,2.19,0.6388,2.121,-0.002389,0
170,0.4377,0.2455,0.9799,1007,0.01339,84.85,85.76,9.98e-06,0.06013,0.9834,0.9941,0.003216,0.4322,0,0.004447,2.13,2.005,0.6396,1.028,-0.01884,0
171,0.4929,0.2946,0.9911,848.5,0,84.85,43.96,9.98e-06,0.06347,0.9851,0.9941,0.002336,0.3828,0,0.003609,2.394,2.245,0.7206,1.916,0,0
172,0.5021,0.3125,0.971,1211,0.02232,84.85,89.71,9.98e-06,0.07185,0.9765,0.9905,0.005241,0.3931,0,0.004747,2.138,1.966,0.6297,0.5718,-0.02305,0
173,0.4583,0.2634,0.9911,1409,0.008929,84.85,59.45,9.98e-06,0.04906,0.9886,0.9955,0.00176,0.4122,0,0.005786,2.202,2.093,0.623,2.324,-0.01677,0
174,0.6525,0.4598,0.9799,1112,0.008929,84.85,55.29,9.98e-06,0.04935,0.9892,0.9972,0.001369,0.4096,0,0.006483,2.437,2.311,0.7521,1.133,-0.01655,0
175,0.4162,0.2232,0.9844,1296,0.008929,84.85,47.25,9.98e-06,0.05138,0.9884,0.9954,0.001497,0.4092,0,0.004986,2.307,2.18,0.6996,1.923,-0.01949,0
176,0.4787,0.2812,0.9888,814.1,0,84.85,31.73,9.98e-06,0.07502,0.9799,0.9922,0.003919,0.4257,0,0.003424,2.421,2.251,0.756,1.527,-0.001637,0
177,0.52,0.3304,0.9732,1359,0.02232,84.85,80.81,9.98e-06,0.04655,0.9873,0.9978,0.00194,0.4512,0,0.005998,2.218,2.109,0.6887,1.46,-0.02522,0
178,0.5822,0.3884,0.9866,1426,0.008929,84.85,53.27,9.98e-06,0.04551,0.9865,0.9953,0.002028,0.4648,0,0.00588,2.051,1.959,0.6293,1.341,-0.01733,0
179,0.4779,0.2857,0.9821,1492,0.01786,84.88,65.07,9.98e-06,0.0661,0.9874,0.9956,0.002177,0.4357,0,0.00521,2.059,1.901,0.5845,1.236,-0.02126,0
180,0.5212,0.3304,0.971,1301,0.01339,84.88,40.72,9.98e-06,0.0704,0.9832,0.9948,0.003181,0.4061,0,0.008745,2.293,2.139,0.7002,1.785,-0.01656,0
181,0.5788,0.3929,0.9688,1729,0.02679,84.88,80.81,9.98e-06,0.04317,0.9857,0.9964,0.002283,0.4185,0,0.005781,2.751,2.626,0.8622,1.635,-0.03915,0
182,0.4784,0.2857,0.9799,1152,0.01339,84.88,33.71,9.97e-06,0.06503,0.9853,0.9943,0.002189,0.446,0,0.005409,2.385,2.226,0.7325,1.679,-0.01648,0
183,0.6645,0.4732,0.9732,958.8,0.01339,84.88,41.88,9.97e-06,0.07962,0.979,0.9932,0.00381,0.4703,0,0.004796,2.63,2.406,0.8162,1.734,-0.01695,0
184,0.7264,0.5312,0.9888,1006,0.004464,84.96,49.23,9.97e-06,0.07159,0.9796,0.9918,0.003971,0.4356,0,0.005328,2.65,2.458,0.8263,1.325,-0.01323,0
185,0.6186,0.4196,0.9955,822.6,0,84.96,25.68,9.97e-06,0.07638,0.9755,0.9925,0.005342,0.4076,0,0.005287,2.689,2.477,0.8464,1.304,-0.000582,0
186,0.5782,0.3795,0.9955,857.1,0,84.96,28.57,9.97e-06,0.07775,0.9742,0.9897,0.005561,0.399,0,0.004576,2.765,2.543,0.8617,1.009,-0.001901,0
187,0.583,0.3839,0.9955,772.5,0,84.96,34.69,9.97e-06,0.06997,0.9777,0.9926,0.004624,0.4649,0,0.004492,2.579,2.386,0.8127,1.411,0,0
188,0.5074,0.3125,0.9888,1360,0.008929,84.96,47.83,9.97e-06,0.0472,0.9872,0.9954,0.001665,0.4314,0,0.006413,2.231,2.121,0.6727,2.08,-0.01458,0
189,0.6137,0.4196,0.9911,1448,0.004464,84.96,47.83,9.97e-06,0.0378,0.9878,0.9961,0.001473,0.46,0,0.006984,2.341,2.244,0.7048,1.38,-0.02088,0
190,0.6522,0.4598,0.9754,1406,0.01339,84.96,36.33,9.97e-06,0.03719,0.9892,0.9966,0.001351,0.41,0,0.008377,2.09,2.005,0.6152,0.4726,-0.01339,0
191,0.5299,0.3393,0.9799,1526,0.01786,84.96,69.91,9.97e-06,0.04202,0.9878,0.9967,0.001678,0.3774,0,0.006064,2.28,2.175,0.7131,1.446,-0.02691,0
192,0.5317,0.3348,0.9888,858.1,0.004464,84.96,28.16,9.97e-06,0.06621,0.9817,0.9933,0.003313,0.4144,0,0.005472,2.372,2.194,0.7307,1.245,-0.004464,0
193,0.6313,0.433,0.9955,967.2,0.004464,54.66,40.21,9.97e-06,0.06424,0.9786,0.9905,0.004713,0.443,0,0.004793,2.435,2.254,0.7338,1.18,-0.004464,0
194,0.7036,0.5045,0.9955,972.4,0,54.66,50.88,9.97e-06,0.06613,0.9784,0.9907,0.004777,0.4531,0,0.004975,2.454,2.257,0.7301,0.9922,0,0
195,0.538,0.3438,0.9866,1216,0.01339,54.66,58.97,9.97e-06,0.05298,0.9848,0.9953,0.002689,0.4231,0,0.005393,2.516,2.388,0.7586,1.99,-0.01557,0
196,0.6093,0.4152,0.9821,1118,0.008929,84.93,91.37,9.97e-06,0.06143,0.9841,0.9941,0.00267,0.4307,0,0.005871,2.535,2.383,0.7675,1.949,-0.01154,0
197,0.5486,0.3527,0.9888,1201,0.008929,84.93,48.99,9.97e-06,0.05646,0.9841,0.9937,0.00277,0.4294,0,0.02628,2.559,2.434,0.8025,2.383,-0.00902,0
198,0.5002,0.3036,0.9888,1235,0.004464,84.93,70.41,9.97e-06,0.04845,0.9879,0.9952,0.001811,0.411,0,0.004765,1.96,1.878,0.5717,2.016,-0.005733,0
199,0.5053,0.308,0.9933,1312,0.004464,84.93,61.76,9.97e-06,0.04918,0.9881,0.996,0.001466,0.3707,0,0.004989,2.346,2.24,0.6934,2.211,-0.007152,0
200,0.5777,0.3795,0.9955,1182,0.004464,84.93,55.56,9.97e-06,0.05193,0.9862,0.996,0.002152,0.3975,0,0.004993,2.344,2.23,0.706,1.925,-0.004464,0
201,0.6036,0.4152,0.9732,1219,0.02232,84.93,69.88,9.97e-06,0.05845,0.9826,0.9951,0.003537,0.4257,0,0.004581,2.122,1.989,0.636,1.382,-0.03128,0
202,0.565,0.3661,0.9978,881.3,0,84.93,41.74,9.97e-06,0.08004,0.9719,0.9893,0.006737,0.4498,0,0.004967,2.422,2.21,0.7378,0.8935,-0.003013,0
203,0.5878,0.3929,0.9888,1385,0.008929,84.93,69.46,9.97e-06,0.04885,0.9874,0.9961,0.001568,0.4164,0,0.006566,2.128,2.028,0.6279,1.5,-0.01423,0
204,0.7147,0.5223,0.9777,1253,0.01339,84.93,52.23,9.97e-06,0.05022,0.9878,0.9959,0.001697,0.3741,0,0.007425,2.029,1.93,0.6003,1.532,-0.01583,0
205,0.6607,0.4643,0.9821,966.6,0,84.93,64.96,9.97e-06,0.06076,0.9871,0.9954,0.001504,0.4779,0,0.004247,2.047,1.93,0.6194,1.33,-7.193e-05,0
206,0.5813,0.3839,0.9911,949,0.004464,84.93,31.68,9.97e-06,0.05989,0.984,0.9958,0.002419,0.4196,0,0.006071,2.429,2.283,0.7472,1.819,-0.004464,0
207,0.5536,0.3571,0.9911,915.3,0.008929,84.93,37.35,9.97e-06,0.06533,0.9833,0.9949,0.002922,0.411,0,0.006034,2.418,2.265,0.7439,1.261,-0.008929,0
208,0.5675,0.3795,0.9665,1221,0.02232,84.93,74,9.97e-06,0.05416,0.9871,0.9959,0.001831,0.416,0,0.007204,2.087,1.978,0.5993,1.232,-0.02635,0
209,0.5124,0.317,0.9844,1039,0.004464,84.93,49.94,9.97e-06,0.05891,0.9846,0.9946,0.002529,0.3842,0,0.007316,2.078,1.951,0.6174,1.227,-0.00742,0
210,0.7328,0.5357,0.9911,1148,0.004464,84.93,73.12,9.97e-06,0.04581,0.9893,0.9967,0.0009259,0.464,0,0.006282,2.292,2.182,0.6751,1.21,-0.005626,0
211,0.6908,0.4911,1,798.8,0,84.93,28.07,9.97e-06,0.05003,0.9889,0.997,0.001296,0.4047,0,0.00478,2.274,2.161,0.6218,0.8888,-0.001223,0
212,0.6842,0.4866,0.9933,883.7,0.004464,84.93,41.19,9.97e-06,0.06961,0.986,0.9945,0.002263,0.4242,0,0.003953,2.089,1.936,0.6092,0.9252,-0.005434,0
213,0.4641,0.2679,0.9955,1237,0.004464,84.93,65.65,9.97e-06,0.06375,0.9824,0.996,0.003523,0.368,0,0.006879,2.305,2.15,0.7016,1.28,-0.01424,0
214,0.641,0.4464,0.9844,1362,0.008929,84.93,61.53,9.97e-06,0.04059,0.9905,0.9973,0.001004,0.428,0,0.008439,2.103,2.016,0.6299,1.005,-0.01132,0
215,0.7522,0.5536,0.9955,976,0,84.93,57.18,9.97e-06,0.04309,0.9896,0.9977,0.0009357,0.4411,0,0.01292,2.065,1.976,0.6253,1.448,-0.002365,0
216,0.6756,0.4866,0.9732,1184,0.02679,84.93,54.46,9.96e-06,0.08065,0.9789,0.9919,0.005277,0.3849,0,0.00801,2.267,2.051,0.657,1.783,-0.02834,0
217,0.7235,0.5357,0.9777,1341,0.02232,84.93,67.88,9.96e-06,0.08079,0.9812,0.9896,0.003807,0.4354,0,0.005408,2.091,1.907,0.6026,1.878,-0.03888,0
218,0.5224,0.3259,0.9888,1104,0,84.93,78.69,9.96e-06,0.05675,0.9856,0.9956,0.00257,0.3766,0,0.01212,2.019,1.904,0.6001,0.8434,-0.006518,0
219,0.6188,0.4196,0.9955,793.6,0,84.93,74.06,9.96e-06,0.08771,0.9808,0.9922,0.003584,0.4185,0,0.005049,2.353,2.154,0.6784,0.617,0,0
220,0.5854,0.3884,0.9955,1062,0.004464,84.93,83.63,9.96e-06,0.06834,0.9866,0.995,0.001999,0.451,0,0.005602,2.141,1.994,0.6235,0.7671,-0.01073,0
221,0.6598,0.4598,1,624.5,0,84.93,44.85,9.96e-06,0.1067,0.9786,0.9901,0.004585,0.4786,0,0.00476,2.357,2.107,0.6776,0.473,0,0
222,0.7357,0.5402,0.9866,1169,0.004464,84.93,59.06,9.96e-06,0.06347,0.9772,0.9915,0.005088,0.406,0,0.006432,2.326,2.144,0.6888,2.327,-0.008791,0
223,0.6635,0.4643,1,1399,0,84.93,70.66,9.96e-06,0.03685,0.9905,0.9974,0.0007037,0.3836,0,0.005412,2,1.922,0.5972,1.142,-0.004057,0
224,0.6055,0.4062,0.9978,1335,0,84.93,56.58,9.96e-06,0.05608,0.9816,0.9934,0.003288,0.4188,0,0.005583,2.346,2.198,0.6941,1.925,-0.001393,0
225,0.6988,0.5,0.9978,890.5,0,84.93,42.79,9.96e-06,0.08181,0.9752,0.9912,0.00548,0.3907,0,0.00371,2.332,2.118,0.6906,1.818,-0.003656,0
226,0.6003,0.4107,0.9777,1561,0.01339,84.93,52.15,9.96e-06,0.05913,0.9788,0.9917,0.004426,0.4153,0,0.007089,2.629,2.462,0.8084,1.987,-0.02968,0
227,0.5665,0.3705,0.9978,1340,0,84.93,52.17,9.96e-06,0.05648,0.9807,0.9939,0.004029,0.3672,0,0.00751,2.469,2.311,0.7644,1.909,-0.01794,0
228,0.5398,0.3482,0.9799,1170,0.01786,84.93,43.43,9.96e-06,0.0686,0.9775,0.9889,0.004712,0.3819,0,0.004901,2.229,2.054,0.6768,1.908,-0.02182,0
229,0.5958,0.4062,0.9754,1390,0.01786,84.93,55.93,9.96e-06,0.06082,0.9791,0.9909,0.004481,0.4104,0,0.005718,2.108,1.955,0.6068,2.036,-0.02758,0
230,0.4279,0.2321,0.9844,1045,0,84.93,48.31,9.96e-06,0.04861,0.9864,0.9952,0.001912,0.3323,0,0.004894,2.209,2.102,0.6589,1.052,-0.005565,0
231,0.4771,0.2857,0.9799,1561,0.01786,84.93,84.32,9.96e-06,0.04335,0.9888,0.9958,0.001596,0.3871,0,0.008277,1.834,1.752,0.5239,1.307,-0.02293,0
232,0.4787,0.2812,0.9933,931.4,0.004464,84.93,63.64,9.96e-06,0.08659,0.9731,0.9903,0.006744,0.3684,0,0.005583,2.226,2.004,0.6525,1.502,-0.006186,0
233,0.4096,0.2098,1,1407,0,84.93,70.99,9.96e-06,0.0441,0.9869,0.9955,0.002245,0.3667,0,0.008014,1.835,1.752,0.51,1.207,-0.00116,0
234,0.4719,0.2723,1,1429,0,84.93,71.96,9.96e-06,0.04025,0.9884,0.9962,0.001787,0.4061,0,0.007355,1.934,1.857,0.5558,1.357,-0.001984,0
235,0.5,0.3125,0.9732,1875,0.02232,84.93,69,9.96e-06,0.05062,0.9821,0.9936,0.003516,0.4573,0,0.006706,2.235,2.103,0.6749,1.119,-0.03562,0
236,0.4766,0.2991,0.9464,1866,0.04464,84.93,75.37,9.96e-06,0.04081,0.9893,0.9972,0.001228,0.4185,0,0.007401,1.902,1.817,0.5238,1.479,-0.05916,0
237,0.5361,0.3482,0.9732,1570,0.02679,84.93,54.26,9.96e-06,0.0496,0.9887,0.9958,0.001341,0.422,0,0.006131,2.402,2.275,0.6796,0.9827,-0.03388,0
238,0.4788,0.2902,0.9732,1678,0.01786,84.93,61.27,9.96e-06,0.05252,0.9876,0.9969,0.001789,0.4112,0,0.006691,2.194,2.074,0.6555,1.897,-0.03028,0
239,0.523,0.3348,0.971,1740,0.01786,84.93,62.45,9.96e-06,0.03945,0.9901,0.9975,0.0009193,0.408,0,0.00788,2.039,1.954,0.5917,1.517,-0.02998,0
240,0.5754,0.3839,0.9754,1520,0.01786,84.93,67.69,9.96e-06,0.04725,0.9883,0.9963,0.001589,0.4428,0,0.00778,1.967,1.874,0.5717,0.5864,-0.01786,0
241,0.5447,0.3482,0.9933,1316,0.004464,84.93,26.96,9.96e-06,0.04934,0.9886,0.9969,0.001513,0.4513,0,0.006841,2.018,1.914,0.5771,1.546,-0.01077,0
242,0.5032,0.308,0.9888,1102,0.008929,84.93,50.7,9.96e-06,0.05707,0.9847,0.9952,0.003089,0.4389,0,0.006941,1.974,1.86,0.5756,1.264,-0.01277,0
243,0.5647,0.3661,1,1253,0,84.93,34.56,9.96e-06,0.05693,0.9807,0.9928,0.003379,0.4414,0,0.006486,2.182,2.033,0.6545,1.503,-0.00686,0
244,0.519,0.3304,0.9732,1509,0.02679,84.93,70.6,9.96e-06,0.0502,0.9863,0.9969,0.001819,0.4643,0,0.01466,2.246,2.118,0.6439,1.957,-0.03001,0
245,0.4777,0.2857,0.9821,1442,0.01339,84.93,56.34,9.95e-06,0.06133,0.9812,0.9939,0.003203,0.3452,0,0.007993,2.433,2.265,0.7535,1.44,-0.0223,0
246,0.5064,0.317,0.9732,1411,0.01786,84.93,96.97,9.95e-06,0.06549,0.9764,0.9923,0.004692,0.4017,0,0.007521,2.385,2.21,0.7497,1.992,-0.02608,0
247,0.6157,0.4196,0.9866,1217,0.004464,84.93,37.6,9.95e-06,0.05602,0.9852,0.9964,0.002044,0.4165,0,0.005089,2.244,2.118,0.6963,1.383,-0.006513,0
248,0.4723,0.2857,0.971,1623,0.02232,84.93,53.59,9.95e-06,0.04591,0.9866,0.9965,0.001827,0.4179,0,0.006833,2.344,2.228,0.6905,1.211,-0.03796,0
249,0.5112,0.317,0.9799,1090,0.008929,84.93,53.9,9.95e-06,0.07157,0.9766,0.992,0.004774,0.4214,0,0.006043,2.712,2.5,0.8362,1.514,-0.008929,0
250,0.4822,0.2902,0.9777,1433,0.008929,84.93,88.41,9.95e-06,0.05448,0.9854,0.996,0.002068,0.3802,0,0.007695,2.204,2.075,0.6715,1.359,-0.01737,0
251,0.6001,0.4063,0.9821,1407,0.008929,84.92,60.6,9.95e-06,0.04961,0.9882,0.9972,0.001409,0.4158,0,0.007281,2.017,1.924,0.5715,1.492,-0.01283,0
252,0.6971,0.5,0.9933,1148,0.004464,84.92,51.21,9.95e-06,0.05661,0.9868,0.9973,0.001613,0.3807,0,0.006321,2.258,2.133,0.6602,1.562,-0.007991,0
253,0.6366,0.442,0.9911,1353,0.008929,84.92,58.18,9.95e-06,0.05017,0.9844,0.9942,0.00298,0.4238,0,0.007045,1.873,1.76,0.5157,0.9221,-0.01766,0
254,0.542,0.3438,0.9933,1089,0,84.92,22.39,9.95e-06,0.05427,0.9826,0.9943,0.003198,0.4073,0,0.005346,2.25,2.104,0.6638,1.508,-0.002147,0
255,0.5879,0.3884,0.9978,990.6,0,84.92,33.88,9.95e-06,0.07029,0.9729,0.9909,0.006274,0.45,0,0.005884,2.781,2.548,0.8509,1.605,0,0
256,0.6246,0.4286,0.9911,1325,0.008929,84.92,74.04,9.95e-06,0.05596,0.9809,0.9934,0.003529,0.4132,0,0.007143,2.407,2.248,0.7237,1.548,-0.01098,0
257,0.6632,0.4688,0.9911,1457,0.008929,84.92,58.76,9.95e-06,0.052,0.9868,0.9954,0.001906,0.4164,0,0.01157,1.905,1.808,0.5531,1.591,-0.01871,0
258,0.6876,0.4911,0.9888,1214,0.004464,84.92,57.68,9.95e-06,0.05163,0.9873,0.996,0.001476,0.3951,0,0.004886,1.956,1.857,0.5622,1.36,-0.006138,0
259,0.6732,0.4777,0.9866,1303,0.004464,84.92,65.9,9.95e-06,0.04904,0.9862,0.9971,0.001875,0.4338,0,0.006668,2.27,2.155,0.6651,1.23,-0.009153,0
260,0.694,0.5,0.9866,1568,0.008929,84.92,71.54,9.95e-06,0.0543,0.9816,0.9944,0.0034,0.4498,0,0.00744,2.63,2.463,0.7961,1.776,-0.01637,0
261,0.642,0.4509,0.9799,1708,0.01339,84.92,71.46,9.95e-06,0.04234,0.9874,0.997,0.001819,0.4527,0,0.008831,1.929,1.848,0.5699,1.514,-0.02425,0
262,0.5822,0.3884,0.9911,1270,0.008929,84.92,40.19,9.95e-06,0.06781,0.9817,0.9928,0.002982,0.3917,0,0.007011,2.175,2.024,0.6361,1.803,-0.02223,0
263,0.5752,0.3839,0.9821,1322,0.01786,84.92,71.76,9.95e-06,0.07318,0.9789,0.9917,0.004136,0.4459,0,0.006837,2.252,2.083,0.6667,1.688,-0.02603,0
264,0.4924,0.2946,0.9978,1381,0,84.92,36.47,9.95e-06,0.05353,0.9842,0.9959,0.00253,0.4066,0,0.008488,2.539,2.385,0.7321,1.514,-0.009221,0
265,0.5308,0.3348,0.9844,1160,0.004464,84.92,29.01,9.95e-06,0.04957,0.9876,0.9974,0.001409,0.4259,0,0.005006,2.253,2.142,0.683,1.174,-0.004464,0
266,0.7077,0.5089,0.9955,1120,0,84.92,38.87,9.95e-06,0.04384,0.9883,0.9975,0.001153,0.4559,0,0.005971,2.224,2.119,0.6465,0.9495,-0.001905,0
267,0.6647,0.4732,0.9754,1261,0.01786,84.92,64.55,9.95e-06,0.07336,0.9729,0.9867,0.006144,0.4171,0,0.006406,2.566,2.317,0.7573,1.055,-0.01786,0
268,0.8098,0.6116,0.9955,999.4,0,84.92,55.99,9.95e-06,0.04996,0.9885,0.9969,0.00114,0.4456,0,0.00469,1.962,1.857,0.5522,1.191,-0.004817,0
269,0.5884,0.3973,0.9777,1500,0.008929,84.92,74.5,9.95e-06,0.0474,0.9831,0.9959,0.00307,0.4376,0,0.007232,2.07,1.956,0.6118,1.124,-0.02242,0
270,0.7531,0.5536,0.9978,1160,0,84.92,50,9.95e-06,0.04701,0.9881,0.9966,0.001383,0.4413,0,0.005723,1.882,1.787,0.5249,1.276,0,0
271,0.7076,0.5089,0.9955,969.4,0,84.92,47.82,9.94e-06,0.04976,0.9885,0.9966,0.001116,0.4629,0,0.004721,2.048,1.948,0.5713,0.9412,-0.002228,0
272,0.798,0.6027,0.9866,1065,0.008929,84.92,79.06,9.94e-06,0.04285,0.9898,0.9975,0.0007966,0.3961,0,0.007587,1.974,1.889,0.5694,1.286,-0.009914,0
273,0.6634,0.4643,1,1046,0,84.92,56.14,9.94e-06,0.05175,0.9846,0.9959,0.002635,0.4296,0,0.007266,1.99,1.881,0.5652,1.178,-0.004551,0
274,0.7339,0.5357,0.9955,949.4,0.004464,84.92,72.11,9.94e-06,0.06948,0.9797,0.9905,0.004377,0.4357,0,0.005461,1.978,1.835,0.5703,0.8165,-0.004464,0
275,0.6227,0.4241,0.9955,915.1,0,84.92,73.95,9.94e-06,0.07299,0.985,0.9944,0.002103,0.4417,0,0.005546,2.186,2.038,0.6118,0.5659,-0.002773,0
276,0.6499,0.4509,0.9955,853.4,0,84.92,51.53,9.94e-06,0.09009,0.9816,0.9932,0.003176,0.4533,0,0.005476,2.507,2.159,0.6513,0.6568,-0.0006452,0
277,0.5736,0.375,0.9933,921.9,0,84.92,70.82,9.94e-06,0.08203,0.9762,0.9919,0.005122,0.4196,0,0.005406,2.229,2.049,0.6695,0.5916,-0.0004796,0
278,0.6886,0.4911,0.9911,1123,0,84.92,77.2,9.94e-06,0.05624,0.9857,0.9963,0.001978,0.4025,0,0.00488,2.204,2.075,0.645,0.9199,-0.00332,0
279,0.7113,0.5134,0.9933,979,0,84.92,64.26,9.94e-06,0.05586,0.9856,0.9953,0.001959,0.4769,0,0.005249,2.047,1.927,0.5951,1.235,-0.003832,0
280,0.7548,0.558,0.9888,1233,0.004464,84.92,62.74,9.94e-06,0.05952,0.9781,0.9911,0.004308,0.3976,0,0.006554,2.312,2.136,0.6816,2.337,-0.00492,0
281,0.7212,0.5223,1,1175,0,84.92,48.13,9.94e-06,0.06714,0.9764,0.9922,0.004366,0.4183,0,0.005863,2.797,2.554,0.8494,1.702,-0.005389,0
282,0.7109,0.5134,0.9955,1063,0,84.92,55.48,9.94e-06,0.06423,0.9783,0.9927,0.004528,0.3827,0,0.005251,2.314,2.13,0.6722,2.061,-0.008111,0
283,0.6705,0.4732,0.9911,943,0.004464,84.92,42.75,9.94e-06,0.06949,0.9761,0.9914,0.005793,0.4463,0,0.008879,2.266,2.084,0.6669,1.227,-0.004464,0
284,0.6438,0.4464,0.9888,1195,0,84.92,84.27,9.94e-06,0.04435,0.9859,0.9967,0.001876,0.4197,0,0.006276,1.868,1.779,0.5243,1.091,-0.001905,0
285,0.4742,0.2768,0.9955,1141,0.004464,84.92,75.36,9.94e-06,0.05318,0.9876,0.9954,0.001918,0.3463,0,0.005551,1.706,1.616,0.4428,1.138,-0.008613,0
286,0.5489,0.3527,0.9933,1480,0.004464,84.92,83.99,9.94e-06,0.04505,0.9874,0.9949,0.002157,0.4067,0,0.008473,1.804,1.722,0.4785,1.336,-0.01218,0
287,0.4483,0.25,0.9933,1363,0,84.92,64.07,9.94e-06,0.03929,0.9887,0.9976,0.001737,0.3385,0,0.007235,1.883,1.806,0.5215,1.77,-0.001805,0
288,0.5551,0.3616,0.9866,1573,0.01339,84.92,66.3,9.94e-06,0.04356,0.9892,0.9969,0.001234,0.4212,0,0.007246,1.93,1.844,0.5451,1.327,-0.01932,0
289,0.5547,0.3571,0.9955,1432,0.004464,84.92,37.05,9.94e-06,0.04388,0.9865,0.9968,0.001883,0.4222,0,0.007411,2.229,2.127,0.6918,1.345,-0.007708,0
290,0.758,0.558,1,1029,0,84.92,26.95,9.94e-06,0.0525,0.9857,0.9954,0.002417,0.4282,0,0.004966,1.898,1.792,0.5355,0.6596,0,0
291,0.6484,0.4554,0.9866,1769,0.008929,84.92,54.04,9.94e-06,0.05111,0.9846,0.9946,0.00253,0.4484,0,0.007795,2.071,1.942,0.5884,1.293,-0.02163,0
292,0.7152,0.5179,0.9911,1199,0.004464,84.92,42.37,9.94e-06,0.07283,0.9797,0.9917,0.003898,0.4244,0,0.006164,2.309,2.134,0.6967,1.642,-0.004464,0
293,0.5746,0.3839,0.9754,1732,0.01786,84.92,72.98,9.94e-06,0.04396,0.9891,0.9974,0.001113,0.4096,0,0.007772,1.992,1.899,0.5614,1.387,-0.02213,0
294,0.6201,0.4286,0.9777,1603,0.01786,84.92,45.57,9.93e-06,0.04701,0.9893,0.997,0.00118,0.4464,0,0.007257,2.016,1.92,0.5696,1.304,-0.0198,0
295,0.6275,0.4286,0.9978,1211,0,84.92,40.37,9.93e-06,0.05136,0.9871,0.9967,0.001475,0.4232,0,0.006848,2.124,2.015,0.6366,1.423,-0.003294,0
296,0.801,0.6027,0.9933,917.9,0,84.92,44.4,9.93e-06,0.0665,0.9843,0.9954,0.00218,0.4304,0,0.005894,2.098,1.955,0.6243,1.307,-0.001809,0
297,0.5953,0.4018,0.9888,1642,0.004464,84.92,64.96,9.93e-06,0.04325,0.9887,0.9968,0.00133,0.4778,0,0.007145,1.915,1.825,0.5497,1.228,-0.02106,0
298,0.5957,0.4018,0.9888,1767,0.008929,84.92,70.32,9.93e-06,0.05319,0.982,0.9943,0.003147,0.4782,0,0.007146,2.274,2.137,0.6991,1.31,-0.01929,0
299,0.5522,0.3616,0.9777,1724,0.01339,84.92,65.64,9.93e-06,0.04815,0.9861,0.9971,0.001694,0.4631,0,0.008559,2.115,2.006,0.6363,1.378,-0.02489,0
300,0.5811,0.3839,0.9933,1615,0,84.92,34.68,9.93e-06,0.0415,0.9887,0.9976,0.001235,0.442,0,0.008765,2.04,1.947,0.5978,1.197,-0.007296,0
301,0.6264,0.4286,0.9933,1588,0,84.87,37.24,9.93e-06,0.04186,0.989,0.9963,0.001227,0.4483,0,0.007118,1.904,1.824,0.5368,0.9811,-0.003985,0
302,0.5898,0.3973,0.9866,1375,0.008929,84.87,49.37,9.93e-06,0.05302,0.9874,0.9966,0.001996,0.4231,0,0.007103,2.108,1.99,0.5529,0.3632,-0.02412,0
303,0.5884,0.3884,1,1087,0,84.87,67.75,9.93e-06,0.05542,0.9853,0.9959,0.001691,0.38,0,0.005603,2.38,2.248,0.6532,1.097,0,0
304,0.6738,0.4777,0.9844,1175,0,84.87,42.63,9.93e-06,0.05479,0.9836,0.9954,0.002774,0.414,0,0.006875,2.077,1.964,0.6164,1.463,-0.003902,0
305,0.6879,0.4911,0.9888,1069,0.004464,84.87,36.12,9.93e-06,0.05161,0.9844,0.9958,0.002263,0.4653,0,0.007473,2.17,2.05,0.6641,1.583,-0.004464,0
306,0.704,0.5045,0.9978,1203,0,84.87,41.91,9.93e-06,0.044,0.9868,0.997,0.001726,0.4388,0,0.006127,2.004,1.918,0.5878,1.065,0,0
307,0.633,0.433,1,1001,0,84.87,49.88,9.93e-06,0.06634,0.9863,0.9962,0.001892,0.44,0,0.00723,1.899,1.774,0.5302,1.486,0,0
308,0.5454,0.3482,0.9933,1211,0.004464,84.87,59.96,9.93e-06,0.0632,0.9808,0.9933,0.003382,0.4128,0,0.007226,2.163,2.02,0.6619,1.167,-0.007363,0
309,0.6671,0.4732,0.9821,1142,0.008929,84.87,47.34,9.93e-06,0.04636,0.9874,0.9958,0.001217,0.4113,0,0.00625,2.114,2.014,0.601,1.1,-0.01288,0
310,0.6813,0.4821,0.9955,1008,0,84.87,31.06,9.93e-06,0.0485,0.9883,0.9969,0.001156,0.398,0,0.005358,1.964,1.872,0.5655,0.8197,0,0
311,0.7622,0.5625,1,1104,0,84.87,58.07,9.93e-06,0.04644,0.9884,0.9964,0.001273,0.4431,0,0.005641,1.83,1.745,0.5042,1.118,-0.001598,0
312,0.743,0.5446,0.9933,985.4,0,84.87,37.3,9.93e-06,0.05272,0.9878,0.9968,0.001319,0.4472,0,0.006747,2.016,1.913,0.5791,1.645,-0.001709,0
313,0.6286,0.4286,1,816.1,0,84.87,14.61,9.93e-06,0.06401,0.9839,0.9936,0.002662,0.4343,0,0.004859,2.037,1.91,0.5914,1.226,0,0
314,0.6129,0.4152,0.9933,825.2,0.004464,84.87,54.13,9.93e-06,0.06473,0.9818,0.9936,0.003159,0.4033,0,0.005364,1.931,1.804,0.5385,0.5204,-0.004464,0
315,0.6411,0.442,0.9955,788.6,0,84.87,22.63,9.93e-06,0.07048,0.9867,0.9951,0.001889,0.4076,0,0.004456,1.804,1.682,0.4813,1.045,0,0
316,0.6219,0.4241,0.9888,903,0,84.87,36.17,9.92e-06,0.064,0.9868,0.9964,0.001643,0.4225,0,0.00564,1.936,1.814,0.539,1.254,0,0
317,0.6866,0.4866,1,808,0,84.87,43.44,9.92e-06,0.05329,0.9885,0.9963,0.001014,0.415,0,0.006148,1.847,1.752,0.5154,1.147,0,0
318,0.7394,0.5402,1,1065,0,84.87,60.55,9.92e-06,0.05556,0.9835,0.9948,0.002769,0.4184,0,0.005996,2.11,1.973,0.6082,0.9762,-0.00376,0
319,0.5913,0.3929,0.9933,1010,0,84.87,65.08,9.92e-06,0.06043,0.9866,0.9955,0.001654,0.4061,0,0.005009,2.151,2.025,0.6117,0.7148,-0.001048,0
320,0.7379,0.5402,0.9933,1169,0,84.87,68.49,9.92e-06,0.07131,0.985,0.9952,0.002332,0.4535,0,0.008355,1.904,1.774,0.5046,0.4367,-0.004874,0
321,0.6309,0.433,0.9955,935.7,0.004464,84.87,68.01,9.92e-06,0.0747,0.9823,0.994,0.002942,0.4616,0,0.005674,2.06,1.905,0.5811,0.7421,-0.006038,0
322,0.5862,0.3884,0.9955,1116,0.004464,84.87,82.06,9.92e-06,0.06411,0.9851,0.9959,0.002164,0.4346,0,0.006069,2.08,1.948,0.5676,0.4659,-0.006533,0
323,0.7179,0.5179,1,743.5,0,84.87,43.26,9.92e-06,0.08135,0.9778,0.9921,0.004224,0.4279,0,0.0052,2.256,2.069,0.6459,1.406,0,0
324,0.7259,0.5268,0.9955,772.4,0,84.87,51.2,9.92e-06,0.09125,0.9755,0.9912,0.005013,0.4199,0,0.005488,2.291,2.062,0.6582,1.091,0,0
325,0.7344,0.5357,0.9933,933.4,0,84.87,60.1,9.92e-06,0.04572,0.9898,0.9972,0.0007719,0.4202,0,0.005365,1.863,1.774,0.4833,1.462,0,0
326,0.7893,0.5893,1,917.8,0,84.87,49.76,9.92e-06,0.05738,0.9819,0.9928,0.002684,0.3999,0,0.003882,2.231,2.077,0.6473,1.793,0,0
327,0.7,0.5,1,779.2,0,84.87,58.8,9.92e-06,0.07519,0.9781,0.9914,0.004464,0.4248,0,0.005614,2.013,1.84,0.5462,1.329,0,0
328,0.5161,0.317,0.9955,995.4,0,84.87,50.15,9.92e-06,0.05007,0.9857,0.9957,0.002542,0.381,0,0.006635,1.827,1.734,0.4756,0.5975,0,0
329,0.52,0.3214,0.9933,1359,0,84.87,68.05,9.92e-06,0.0418,0.9886,0.997,0.0016,0.4146,0,0.006816,1.809,1.727,0.4563,1.402,-0.000327,0
330,0.4991,0.2991,1,963.3,0,84.87,36.58,9.92e-06,0.05184,0.9845,0.9955,0.002319,0.4143,0,0.005441,2.004,1.892,0.5413,0.6066,0,0
331,0.4943,0.2991,0.9888,1300,0.008929,84.87,50.19,9.92e-06,0.05128,0.9873,0.9977,0.001589,0.3983,0,0.006577,1.854,1.751,0.4819,1.443,-0.0128,0
332,0.609,0.4107,0.9978,1301,0,84.87,52,9.92e-06,0.07156,0.9812,0.9953,0.003456,0.4247,0,0.006475,2.114,1.945,0.5877,1.333,-0.006175,0
333,0.7357,0.5357,1,1050,0,84.87,38.23,9.92e-06,0.07058,0.976,0.991,0.004601,0.4279,0,0.007625,2.395,2.191,0.7004,1.552,0,0
334,0.5354,0.3393,0.9911,1715,0.004464,84.87,70.02,9.92e-06,0.03633,0.9878,0.9981,0.001104,0.4445,0,0.008143,2.026,1.945,0.5763,1.278,-0.01067,0
335,0.5809,0.3839,0.9911,1472,0.004464,84.87,57.95,9.92e-06,0.04374,0.987,0.9979,0.001378,0.4718,0,0.007405,2.008,1.909,0.5677,1.184,-0.006263,0
336,0.5125,0.317,0.9866,1724,0.008929,84.87,81.45,9.91e-06,0.04064,0.9876,0.9977,0.0008483,0.4073,0,0.007156,2.121,2.025,0.6108,1.069,-0.008929,0
337,0.5121,0.317,0.9888,1489,0.004464,84.87,54.75,9.91e-06,0.05508,0.9872,0.996,0.001479,0.4417,0,0.007825,1.861,1.757,0.4979,0.8827,-0.01297,0
338,0.6847,0.4866,0.9955,1357,0,84.87,48.23,9.91e-06,0.06143,0.9775,0.9943,0.004479,0.4521,0,0.007322,2.181,2.017,0.6209,1.624,-0.005079,0
339,0.6148,0.4152,1,1161,0,84.87,33.67,9.91e-06,0.06199,0.9842,0.9953,0.002255,0.4212,0,0.006914,2.138,2.002,0.6136,1.189,-0.001859,0
340,0.664,0.4643,1,1150,0,84.87,38.29,9.91e-06,0.06314,0.9824,0.9945,0.002662,0.4319,0,0.007894,2.215,2.069,0.6131,1.59,-0.001338,0
341,0.5466,0.3482,0.9978,1422,0,84.87,39.68,9.91e-06,0.05361,0.9802,0.9939,0.003484,0.455,0,0.008405,2.192,2.051,0.6515,1.726,-0.005822,0
342,0.5438,0.3438,1,1428,0,84.87,54.2,9.91e-06,0.05539,0.9812,0.9935,0.003598,0.4359,0,0.00941,2.053,1.912,0.5729,0.8616,0,0
343,0.61,0.4107,1,1209,0,84.87,49.67,9.91e-06,0.04837,0.989,0.9985,0.001096,0.4113,0,0.007963,1.765,1.677,0.4595,0.8292,-0.003544,0
344,0.5247,0.3259,0.9978,1597,0,84.87,58.61,9.91e-06,0.05003,0.9831,0.9947,0.002479,0.3913,0,0.007346,2.041,1.926,0.5983,1.267,-0.003904,0
345,0.6266,0.4286,0.9911,1504,0,84.87,56.69,9.91e-06,0.05307,0.9833,0.9955,0.00229,0.4259,0,0.008577,2.39,2.242,0.694,1.525,-0.0008763,0
346,0.5741,0.375,0.9955,1535,0,84.87,56.74,9.91e-06,0.0573,0.9836,0.9957,0.002504,0.3912,0,0.008462,2.059,1.926,0.5886,1.122,-0.0001373,0
347,0.5355,0.3393,0.9911,1647,0.004464,84.87,75.29,9.91e-06,0.06544,0.9756,0.9921,0.005368,0.4152,0,0.01034,2.147,1.968,0.6084,1.041,-0.009753,0
348,0.6987,0.5,0.9978,1159,0,84.87,53.37,9.91e-06,0.0796,0.9738,0.9882,0.005343,0.443,0,0.00757,2.111,1.922,0.6148,0.9256,-0.004063,0
349,0.6598,0.4598,1,798.4,0,84.87,38.04,9.91e-06,0.1028,0.9723,0.9873,0.006688,0.4055,0,0.007385,2.153,1.947,0.5892,1.907,0,0
350,0.6594,0.4598,0.9978,741.1,0,84.87,30.49,9.91e-06,0.1018,0.9741,0.9884,0.005834,0.3976,0,0.006777,2.004,1.757,0.5111,1.55,0,0
351,0.6581,0.4598,1,995.7,0,84.87,47.01,9.91e-06,0.1119,0.965,0.9863,0.009228,0.3304,0,0.006726,2.45,2.139,0.6714,2.381,-0.008804,0
352,0.6727,0.4732,0.9978,1022,0,84.87,61.51,9.91e-06,0.07537,0.9747,0.9901,0.005875,0.3863,0,0.006621,2.1,1.9,0.5546,2.212,-0.0001024,0
353,0.7031,0.5045,1,1170,0,84.87,64.18,9.91e-06,0.06339,0.9827,0.9935,0.003209,0.4264,0,0.006442,1.87,1.744,0.497,0.7696,-0.00671,0
354,0.6107,0.4107,1,1433,0,43.58,24.87,9.91e-06,0.04146,0.986,0.997,0.001811,0.4348,0,0.009529,1.822,1.75,0.4877,1.184,0,0
355,0.6154,0.4196,0.9866,1472,0.004464,61.17,50.9,9.91e-06,0.04463,0.9871,0.9962,0.001317,0.4266,0,0.00916,1.949,1.856,0.5266,1.093,-0.007738,0
356,0.6366,0.4375,0.9955,1563,0,61.17,60.43,9.9e-06,0.04974,0.9838,0.9962,0.002049,0.4654,0,0.009385,1.94,1.844,0.5508,1.472,0,0
357,0.5973,0.3973,1,1227,0,61.17,59.3,9.9e-06,0.06443,0.9751,0.9924,0.005251,0.4443,0,0.007505,2.169,2.013,0.616,1.695,0,0
358,0.6278,0.4286,0.9978,1332,0,63.45,51.97,9.9e-06,0.04674,0.985,0.9958,0.002167,0.3944,0,0.008425,1.784,1.706,0.4674,1.635,-0.001463,0
359,0.7172,0.5179,1,1280,0,63.45,52.59,9.9e-06,0.04781,0.9849,0.9966,0.002026,0.4409,0,0.007755,1.75,1.672,0.4525,1.418,-0.003451,0
360,0.6611,0.4643,0.9933,1408,0.004464,63.45,57.68,9.9e-06,0.06115,0.9767,0.9917,0.005027,0.4076,0,0.009344,2.045,1.877,0.5484,0.8439,-0.009059,0
361,0.6148,0.4152,1,1466,0,63.45,38.88,9.9e-06,0.04233,0.9852,0.9971,0.001736,0.393,0,0.008518,1.901,1.811,0.505,0.9929,-0.001777,0
362,0.6486,0.4509,0.9933,1456,0.004464,63.45,47.13,9.9e-06,0.04728,0.9861,0.9966,0.001782,0.4258,0,0.01018,1.817,1.723,0.4648,1.325,-0.004525,0
363,0.6674,0.4688,0.9978,1604,0,63.45,52.01,9.9e-06,0.08071,0.9766,0.9901,0.004943,0.4351,0,0.009316,2.163,1.957,0.5761,1.225,-0.004682,0
364,0.6865,0.4866,1,1309,0,63.45,45.42,9.9e-06,0.05847,0.9833,0.9947,0.002499,0.4267,0,0.007344,1.71,1.601,0.4424,1.034,-0.0006147,0
365,0.7356,0.5357,1,1405,0,63.45,41.86,9.9e-06,0.05446,0.9827,0.9944,0.002685,0.423,0,0.006945,1.799,1.697,0.4599,1.124,-0.0006387,0
366,0.6938,0.4955,0.9955,1326,0,63.45,56.27,9.9e-06,0.05141,0.9835,0.9956,0.002498,0.4459,0,0.007736,1.849,1.743,0.4732,1.212,-0.004205,0
367,0.6452,0.4464,0.9955,1341,0,63.45,54.25,9.9e-06,0.08354,0.9781,0.9918,0.004213,0.4064,0,0.00849,1.9,1.677,0.4749,1.372,-0.001609,0
368,0.7621,0.5625,0.9978,1329,0,63.45,51.92,9.9e-06,0.04433,0.9861,0.9974,0.0018,0.4517,0,0.008022,1.596,1.522,0.3865,1.339,0,0
369,0.8822,0.683,1,1161,0,63.45,67.56,9.9e-06,0.04514,0.9868,0.998,0.00159,0.4069,0,0.006919,1.708,1.626,0.442,0.9513,-0.004085,0
370,0.7843,0.5848,1,1248,0,63.45,84.98,9.9e-06,0.05473,0.985,0.995,0.002164,0.4273,0,0.007072,1.755,1.658,0.4583,0.8505,-0.002468,0
371,0.8516,0.6518,1,1066,0,63.45,63.88,9.9e-06,0.04557,0.9891,0.9978,0.001048,0.4474,0,0.00664,1.684,1.607,0.4305,0.9403,-0.000885,0
372,0.8505,0.6518,0.9978,1488,0,63.45,64.72,9.9e-06,0.04362,0.9868,0.9971,0.001718,0.4553,0,0.008959,1.833,1.744,0.4554,0.8842,-0.004048,0
373,0.7759,0.5759,1,956.6,0,63.45,47.33,9.9e-06,0.07104,0.9843,0.995,0.002443,0.3966,0,0.007438,1.687,1.572,0.4256,0.569,0,0
374,0.8104,0.6116,1,1421,0,63.45,85.22,9.89e-06,0.05622,0.985,0.9949,0.002231,0.4371,0,0.008799,1.811,1.692,0.446,0.4329,-0.006073,0
375,0.5603,0.3616,1,1477,0,63.45,64.65,9.89e-06,0.07252,0.9746,0.9919,0.005476,0.4469,0,0.007859,2.256,2.064,0.6258,0.4299,-0.00642,0
376,0.676,0.4777,0.9955,1104,0,63.45,82.29,9.89e-06,0.07706,0.9798,0.9933,0.003349,0.419,0,0.006608,2.091,1.926,0.5655,0.505,-0.004116,0
377,0.6752,0.4777,0.9955,1578,0,63.45,66.83,9.89e-06,0.05773,0.9793,0.9934,0.003931,0.3954,0,0.008667,2.162,2.022,0.6237,1.792,-0.008126,0
378,0.7967,0.5982,1,1310,0,63.45,85.07,9.89e-06,0.05934,0.9836,0.9943,0.002977,0.3512,0,0.01092,1.836,1.699,0.4572,1.615,-0.007743,0
379,0.6552,0.4598,0.9911,2008,0.004464,63.45,94.34,9.89e-06,0.03945,0.9884,0.9973,0.0009124,0.3761,0,0.01032,1.81,1.732,0.4742,0.8819,-0.01435,0
380,0.7507,0.5536,0.9933,1745,0,63.45,59.33,9.89e-06,0.04714,0.9838,0.9947,0.002513,0.3382,0,0.009137,1.832,1.722,0.4856,1.608,-0.007553,0
381,0.6769,0.4866,0.9888,1909,0.008929,77.94,75.6,9.89e-06,0.05398,0.9817,0.9957,0.003099,0.4582,0,0.0104,2.147,2.018,0.6413,1.094,-0.03749,0
382,0.6779,0.4821,0.9911,1567,0.008929,77.94,54.68,9.89e-06,0.05262,0.9811,0.9949,0.003434,0.3473,0,0.009312,1.967,1.84,0.5247,1.699,-0.01233,0
383,0.5438,0.3438,1,1253,0,77.94,69.83,9.89e-06,0.0683,0.9856,0.9952,0.001977,0.4098,0,0.009408,1.603,1.484,0.3653,0.9117,0,0
384,0.4843,0.2857,1,1687,0,81.16,100.2,9.89e-06,0.04463,0.9864,0.9963,0.00224,0.3485,0,0.00865,1.602,1.528,0.3845,1.239,-0.007285,0
385,0.5723,0.375,0.9911,1614,0.004464,84.84,91.01,9.89e-06,0.04397,0.9866,0.9954,0.001986,0.4017,0,0.01033,1.536,1.467,0.3501,1.048,-0.004647,0
386,0.5294,0.3304,1,1625,0,84.84,69.35,9.89e-06,0.03829,0.9887,0.997,0.001823,0.4103,0,0.009393,1.508,1.449,0.3365,0.8516,-0.004874,0
387,0.6321,0.4509,0.9665,2420,0.03125,84.84,79.25,9.89e-06,0.04321,0.987,0.9973,0.001534,0.438,0,0.01018,1.714,1.632,0.4356,1.06,-0.06026,0
388,0.5754,0.3884,0.9799,2009,0.01786,84.84,66.65,9.89e-06,0.05232,0.9819,0.9946,0.003546,0.4597,0,0.01,2.049,1.907,0.5264,0.6771,-0.04503,0
389,0.6943,0.5179,0.9576,2588,0.04464,84.84,75.34,9.89e-06,0.04235,0.9867,0.997,0.001807,0.4048,0,0.00991,1.744,1.656,0.4495,0.9162,-0.0752,0
390,0.5663,0.4018,0.9286,2588,0.06696,84.91,79.85,9.89e-06,0.03625,0.9877,0.9972,0.001251,0.4059,0,0.008036,1.777,1.7,0.4476,0.8432,-0.106,0
391,0.5434,0.3571,0.971,1896,0.02679,84.91,64.35,9.88e-06,0.04182,0.9875,0.998,0.001884,0.4014,0,0.007901,1.684,1.596,0.4024,0.9473,-0.03978,0
392,0.5972,0.4196,0.9531,2133,0.04911,84.91,72.34,9.88e-06,0.05171,0.9826,0.9933,0.003218,0.3906,0,0.01206,1.842,1.71,0.4616,0.966,-0.06535,0
393,0.5533,0.3705,0.9688,1791,0.02679,84.91,59.03,9.88e-06,0.05392,0.983,0.9938,0.002947,0.3738,0,0.007578,1.77,1.651,0.4491,0.7658,-0.05489,0
394,0.6098,0.4375,0.9442,2424,0.05357,84.91,61.68,9.88e-06,0.05621,0.983,0.9943,0.002885,0.4431,0,0.01063,1.969,1.838,0.5362,1.171,-0.08265,0
395,0.702,0.5089,0.9911,1843,0.008929,84.91,39.78,9.88e-06,0.07387,0.9759,0.9915,0.004966,0.4431,0,0.007925,2.015,1.854,0.5838,1.225,-0.02583,0
396,0.6749,0.4777,0.9955,1768,0.004464,84.91,68.05,9.88e-06,0.07941,0.9757,0.9897,0.00515,0.4376,0,0.01055,1.989,1.818,0.5399,1.128,-0.009428,0
397,0.7042,0.5134,0.9821,2349,0.01339,84.91,99.19,9.88e-06,0.05822,0.9786,0.9933,0.004601,0.432,0,0.01239,2.014,1.872,0.5693,1.258,-0.02797,0
398,0.517,0.3259,0.9911,2347,0.008929,84.91,75.38,9.88e-06,0.04716,0.9854,0.9961,0.002054,0.4128,0,0.01194,1.892,1.783,0.5237,0.9972,-0.03573,0
399,0.5264,0.3393,0.9799,2230,0.01339,84.91,102.4,9.88e-06,0.04864,0.9854,0.9958,0.001874,0.3994,0,0.01144,1.882,1.777,0.5211,0.7682,-0.04419,0
400,0.5256,0.3393,0.9821,2906,0.01339,84.91,105.7,9.88e-06,0.03944,0.985,0.9958,0.002263,0.4508,0,0.01328,1.926,1.837,0.55,1.041,-0.05035,0
401,0.6106,0.4241,0.9799,2269,0.01786,84.91,92.8,9.88e-06,0.08261,0.9765,0.9875,0.005012,0.3372,0,0.012,2.069,1.859,0.5382,1.609,-0.04738,0
402,0.7397,0.5402,0.9978,1091,0,84.91,74.73,9.88e-06,0.1194,0.9639,0.9821,0.008754,0.3766,0,0.008905,2.41,2.086,0.6655,2.402,0,0
403,0.6554,0.4554,1,1326,0,84.91,71.65,9.88e-06,0.09421,0.9723,0.9889,0.006595,0.3573,0,0.01013,2.381,2.143,0.6677,2.102,0,0
404,0.753,0.5625,0.9799,1523,0.01339,84.91,50,9.88e-06,0.09023,0.9733,0.9854,0.005677,0.3511,0,0.008395,2.258,2.023,0.5595,1.448,-0.02736,0
405,0.6861,0.5,0.9754,2466,0.01786,84.95,76.73,9.88e-06,0.0535,0.9847,0.995,0.002663,0.471,0,0.01214,1.74,1.64,0.4521,0.615,-0.04484,0
406,0.6403,0.4509,0.9911,2660,0.008929,84.95,46.37,9.88e-06,0.0483,0.9853,0.9951,0.002214,0.3906,0,0.01335,1.886,1.78,0.4914,1.26,-0.04396,0
407,0.6763,0.4911,0.9732,2615,0.02679,84.95,76.39,9.88e-06,0.04295,0.9857,0.997,0.002424,0.432,0,0.01144,1.75,1.668,0.4609,1.112,-0.04732,0
408,0.6683,0.4732,0.9888,1881,0.004464,84.95,40.77,9.87e-06,0.04381,0.9837,0.9949,0.003207,0.4499,0,0.01049,1.7,1.606,0.4255,0.7247,-0.01353,0
409,0.6671,0.4732,0.9955,2308,0.004464,84.95,52.82,9.87e-06,0.04878,0.9834,0.9952,0.002946,0.4638,0,0.01112,1.87,1.758,0.4922,0.8612,-0.02597,0
410,0.5496,0.3571,0.9888,1838,0.004464,84.95,36.04,9.87e-06,0.06201,0.9797,0.9937,0.003721,0.4714,0,0.03164,2.174,2.012,0.5918,1.034,-0.02657,0
411,0.6996,0.5045,0.9955,1396,0.004464,84.95,50.07,9.87e-06,0.08671,0.9699,0.9868,0.006931,0.4686,0,0.008646,2.257,2.019,0.6005,1.084,-0.01987,0
412,0.5878,0.4018,0.9777,1917,0.02232,84.95,73.33,9.87e-06,0.09786,0.9697,0.9874,0.007652,0.3898,0,0.009608,2.029,1.794,0.5238,1.124,-0.04738,0
413,0.6241,0.4286,0.9911,2190,0.008929,84.95,65.93,9.87e-06,0.03816,0.9883,0.9978,0.00125,0.4084,0,0.01138,1.79,1.714,0.4759,1.073,-0.01338,0
414,0.5983,0.4018,0.9911,1995,0.004464,84.95,92.06,9.87e-06,0.04142,0.9833,0.9955,0.002362,0.4032,0,0.0126,1.79,1.716,0.4791,1.475,-0.00851,0
415,0.7571,0.5625,0.9888,1772,0.008929,84.95,51.68,9.87e-06,0.04288,0.9862,0.9957,0.002257,0.4624,0,0.01018,1.598,1.521,0.3723,0.7625,-0.01591,0
416,0.7577,0.5625,0.9955,1979,0.004464,84.95,53.42,9.87e-06,0.03563,0.9889,0.9979,0.00131,0.4403,0,0.01284,1.538,1.483,0.3598,1.126,-0.01948,0
417,0.7484,0.5536,0.9911,1949,0.004464,84.95,64.96,9.87e-06,0.03206,0.9893,0.998,0.00123,0.403,0,0.008841,1.551,1.503,0.3714,1.124,-0.01711,0
418,0.6561,0.4643,0.9821,1831,0.01786,84.95,88.39,9.87e-06,0.03958,0.9868,0.9972,0.001606,0.4418,0,0.009531,1.642,1.57,0.4158,1.028,-0.02298,0
419,0.6986,0.5,1,1367,0,84.95,38.93,9.87e-06,0.05874,0.9799,0.994,0.004089,0.3916,0,0.007461,1.838,1.71,0.4685,0.588,-0.006764,0
420,0.7754,0.5759,0.9978,1512,0,84.95,51.55,9.87e-06,0.04566,0.9862,0.9961,0.002201,0.4435,0,0.008373,1.549,1.48,0.3632,0.5968,0,0
421,0.7107,0.5134,0.9955,2247,0.004464,84.95,54.08,9.87e-06,0.0339,0.9895,0.9979,0.0009208,0.4215,0,0.01205,1.621,1.569,0.4083,0.7596,-0.009068,0
422,0.6129,0.4152,0.9978,1850,0,84.95,54.01,9.87e-06,0.07084,0.9742,0.9885,0.006392,0.3752,0,0.01066,1.969,1.774,0.5129,1.563,-0.008981,0
423,0.7158,0.5179,0.9955,1372,0,84.95,54.47,9.87e-06,0.063,0.984,0.9954,0.002877,0.4277,0,0.008362,1.611,1.501,0.3662,1.13,-0.005988,0
424,0.7603,0.5625,0.9978,1354,0,84.95,78.52,9.86e-06,0.03757,0.9901,0.9983,0.001147,0.401,0,0.03666,1.505,1.45,0.3463,0.9155,-0.00875,0
425,0.9262,0.7277,1,1539,0,84.95,71.59,9.86e-06,0.0527,0.9838,0.9928,0.002819,0.3712,0,0.00777,1.785,1.676,0.4675,0.8465,-0.007193,0
426,0.9188,0.7232,0.9888,1544,0.004464,84.95,76.32,9.86e-06,0.03431,0.9903,0.9983,0.0008447,0.4405,0,0.01143,1.586,1.528,0.3725,0.9658,-0.01074,0
427,0.9205,0.7232,0.9933,1616,0,84.95,90.44,9.86e-06,0.03405,0.9905,0.998,0.00101,0.432,0,0.008794,1.526,1.475,0.3657,0.9165,-0.007082,0
428,0.8426,0.6429,1,1376,0,84.95,61.38,9.86e-06,0.05654,0.9863,0.9953,0.002373,0.4163,0,0.007936,1.573,1.485,0.3756,0.4779,-0.001125,0
429,0.6703,0.4732,1,1879,0,84.95,84.52,9.86e-06,0.04951,0.9864,0.9959,0.00223,0.3983,0,0.01249,1.593,1.518,0.3904,0.4328,-0.01466,0
430,0.757,0.558,1,1556,0,84.95,75,9.86e-06,0.04798,0.9852,0.9956,0.002705,0.4313,0,0.01017,1.608,1.526,0.3932,0.3445,-0.005046,0
431,0.762,0.5625,1,1318,0,84.95,66.98,9.86e-06,0.07613,0.9736,0.9891,0.005679,0.4026,0,0.009787,2.282,2.071,0.6263,0.5043,-0.002476,0
432,0.765,0.567,0.9955,1722,0,84.95,84.76,9.86e-06,0.05038,0.983,0.9936,0.003152,0.2956,0,0.008143,1.691,1.585,0.4286,1.554,-0.005508,0
433,0.7604,0.5625,0.9955,1767,0.004464,84.95,56.16,9.86e-06,0.04526,0.9815,0.9942,0.003495,0.3788,0,0.01181,1.781,1.679,0.4771,1.581,-0.005886,0
434,0.8015,0.6027,0.9955,1293,0,84.95,69.12,9.86e-06,0.07554,0.9741,0.9897,0.005996,0.3715,0,0.008409,1.981,1.791,0.516,2.135,-0.001225,0
435,0.6847,0.4866,0.9978,1688,0,84.95,89.21,9.86e-06,0.05771,0.976,0.9922,0.005601,0.3598,0,0.01171,1.932,1.781,0.5195,2.12,-0.007095,0
436,0.6315,0.433,0.9978,2075,0,84.95,86.88,9.86e-06,0.04136,0.9843,0.995,0.003301,0.4153,0,0.01424,1.658,1.565,0.4021,1.503,-0.005208,0
437,0.516,0.317,1,1779,0,84.95,79.55,9.86e-06,0.03611,0.9886,0.9967,0.001937,0.3964,0,0.008316,1.47,1.417,0.3245,1.038,-0.004608,0
438,0.5833,0.3839,0.9978,1695,0,84.95,71.02,9.86e-06,0.03881,0.9875,0.9962,0.00246,0.3502,0,0.008084,1.492,1.428,0.3218,1.046,-0.001022,0
439,0.4788,0.2812,0.9978,1821,0,84.96,68.69,9.86e-06,0.0377,0.9884,0.9962,0.00186,0.3703,0,0.009739,1.465,1.409,0.3225,1.053,-0.009964,0
440,0.5814,0.3884,0.9866,2194,0.008929,84.96,76.62,9.85e-06,0.04241,0.9874,0.9974,0.001652,0.387,0,0.01117,1.747,1.656,0.4155,1.447,-0.02137,0
441,0.6424,0.4509,0.9933,1926,0.008929,84.96,67.81,9.85e-06,0.05389,0.9835,0.994,0.002822,0.4394,0,0.01608,1.799,1.689,0.4635,1.07,-0.03588,0
442,0.8382,0.6473,0.9866,1748,0.01339,84.96,68,9.85e-06,0.05574,0.9827,0.9943,0.002807,0.3913,0,0.01107,1.742,1.642,0.4677,0.8607,-0.03225,0
443,0.5452,0.3661,0.9509,2116,0.04464,84.99,60.33,9.85e-06,0.04674,0.9864,0.9959,0.001892,0.3575,0,0.01264,1.689,1.602,0.4211,0.6764,-0.05503,0
444,0.655,0.4821,0.9509,2290,0.04911,84.99,83.59,9.85e-06,0.03912,0.989,0.9979,0.001395,0.4482,0,0.01228,1.615,1.541,0.3728,0.9911,-0.08671,0
445,0.7357,0.5402,0.9933,1720,0.004464,84.99,36.96,9.85e-06,0.04327,0.9875,0.9966,0.002089,0.4464,0,0.01077,1.514,1.446,0.348,0.5306,-0.01568,0
446,0.7171,0.5179,0.9978,1575,0,84.99,50.81,9.85e-06,0.06063,0.9793,0.9921,0.003812,0.4433,0,0.01034,1.871,1.742,0.5132,0.8605,-0.001626,0
447,0.6344,0.4464,0.9799,2025,0.01786,84.99,65.84,9.85e-06,0.04421,0.9886,0.9975,0.001513,0.4563,0,0.01138,1.592,1.514,0.3647,0.7202,-0.04015,0
448,0.7332,0.5491,0.9688,1910,0.03125,84.99,67.29,9.85e-06,0.06356,0.982,0.9945,0.003253,0.4391,0,0.009992,1.893,1.745,0.4864,0.8009,-0.04844,0
449,0.7193,0.5312,0.9732,1918,0.02232,84.99,68.91,9.85e-06,0.07252,0.9719,0.9879,0.006733,0.4041,0,0.009846,2.006,1.8,0.5115,0.7151,-0.03282,0
450,0.8073,0.6205,0.9777,2009,0.02232,84.99,71.81,9.85e-06,0.04137,0.9885,0.9976,0.001575,0.4459,0,0.01217,1.55,1.484,0.3697,0.764,-0.04398,0
451,0.6935,0.5,0.9911,1989,0.008929,84.99,55.24,9.85e-06,0.04551,0.9844,0.9951,0.002861,0.4211,0,0.01043,1.733,1.641,0.4406,1.023,-0.02362,0
452,0.7389,0.5402,0.9978,2208,0,65.86,70.66,9.85e-06,0.0436,0.9875,0.996,0.001826,0.4164,0,0.0109,1.626,1.544,0.3892,1.131,-0.004078,0
453,0.5877,0.3884,1,2309,0,70.29,92.49,9.85e-06,0.03683,0.9871,0.9972,0.001585,0.3941,0,0.01104,1.623,1.566,0.4062,1.262,-0.00352,0
454,0.7959,0.5982,1,2068,0,70.29,72,9.85e-06,0.05435,0.9817,0.9945,0.00309,0.3915,0,0.01835,1.937,1.818,0.5307,1.384,-0.01151,0
455,0.5963,0.3973,0.9955,2266,0,70.29,80.68,9.84e-06,0.04148,0.9862,0.9971,0.001911,0.4558,0,0.011,1.639,1.576,0.421,1.264,-0.0008632,0
456,0.8159,0.6161,1,1298,0,70.29,73.01,9.84e-06,0.06207,0.9776,0.9921,0.004373,0.4129,0,0.009507,1.789,1.643,0.4255,1.036,-0.0006997,0
457,0.8636,0.6652,0.9978,1498,0,70.29,99.37,9.84e-06,0.05064,0.9845,0.9971,0.002472,0.4089,0,0.01061,1.654,1.561,0.3893,1.136,-0.005827,0
458,0.7788,0.5804,0.9933,1599,0,72.61,38.46,9.84e-06,0.07002,0.9785,0.9909,0.004476,0.4033,0,0.009524,1.792,1.643,0.4612,1.078,-0.001114,0
459,0.8141,0.6161,1,1849,0,73.21,84.61,9.84e-06,0.06275,0.9771,0.9911,0.004857,0.4489,0,0.01036,1.789,1.651,0.4633,1.065,-0.0101,0
460,0.8473,0.6473,1,1382,0,73.21,50.6,9.84e-06,0.04693,0.987,0.9963,0.002306,0.4158,0,0.009337,1.412,1.346,0.2784,1.069,0,0
461,0.8378,0.6384,0.9978,1714,0,73.21,75.56,9.84e-06,0.04864,0.985,0.9944,0.002705,0.4304,0,0.01347,1.542,1.464,0.3628,0.6178,-0.0005253,0
462,0.8963,0.6964,1,1665,0,73.21,64.98,9.84e-06,0.04049,0.9879,0.9966,0.001495,0.4191,0,0.01051,1.528,1.463,0.3545,0.8738,-0.00063,0
463,0.9764,0.7768,1,1607,0,73.21,79.26,9.84e-06,0.03734,0.9891,0.9973,0.0009756,0.3849,0,0.01315,1.621,1.553,0.3882,0.445,-0.001997,0
464,0.9167,0.7188,0.9955,1691,0.004464,73.21,79.71,9.84e-06,0.03517,0.9888,0.9975,0.001061,0.4049,0,0.0109,1.511,1.461,0.3529,0.7564,-0.00577,0
465,0.8466,0.6473,1,1467,0,73.21,63.49,9.84e-06,0.05256,0.9811,0.9944,0.003058,0.4078,0,0.01041,1.823,1.715,0.4833,0.5817,-0.003789,0
466,0.8469,0.6473,1,1555,0,73.21,56.73,9.84e-06,0.04293,0.9879,0.9972,0.001933,0.3393,0,0.01496,1.45,1.388,0.316,0.6187,-0.002156,0
467,0.7934,0.5938,1,1300,0,73.21,60.43,9.84e-06,0.05656,0.9858,0.9958,0.002052,0.415,0,0.009726,1.63,1.541,0.3939,0.4989,-0.001657,0
468,0.7794,0.5804,0.9978,1969,0,73.21,80.39,9.84e-06,0.04038,0.9871,0.997,0.001449,0.3774,0,0.01362,1.623,1.562,0.4227,0.5734,-0.002385,0
469,0.7713,0.5714,1,1393,0,73.21,67.4,9.83e-06,0.05713,0.9809,0.9944,0.003355,0.3813,0,0.01112,1.743,1.631,0.4467,0.5444,-0.0008261,0
470,0.7624,0.5625,1,1674,0,73.21,80.06,9.83e-06,0.06247,0.9747,0.991,0.005385,0.4096,0,0.01047,2.007,1.833,0.5324,2.061,-0.0005384,0
471,0.7754,0.5759,1,1559,0,73.21,75.97,9.83e-06,0.05899,0.9756,0.9923,0.005148,0.3608,0,0.009484,1.873,1.721,0.4837,2.057,-0.002306,0
472,0.7571,0.558,1,1730,0,73.21,43.68,9.83e-06,0.04955,0.9801,0.994,0.004259,0.3844,0,0.01234,1.713,1.601,0.4101,1.199,-0.004628,0
473,0.6554,0.4554,1,1765,0,73.21,69.35,9.83e-06,0.05553,0.9778,0.993,0.004765,0.4215,0,0.01176,1.78,1.653,0.4471,1.193,0,0
474,0.7798,0.5804,1,1328,0,73.21,76.73,9.83e-06,0.04607,0.9843,0.9966,0.002166,0.4204,0,0.009686,1.65,1.567,0.4115,0.7132,-0.00286,0
475,0.4884,0.2902,0.9955,1980,0.004464,84.82,81.21,9.83e-06,0.03195,0.9884,0.9978,0.001746,0.4107,0,0.0162,1.428,1.385,0.3042,0.8372,-0.004669,0
476,0.5256,0.3259,1,1860,0,84.82,76.83,9.83e-06,0.03428,0.9873,0.9968,0.001862,0.3918,0,0.01164,1.447,1.4,0.3161,0.6311,-0.001354,0
477,0.6464,0.4464,1,1458,0,84.82,64.15,9.83e-06,0.04886,0.9833,0.9941,0.003234,0.4337,0,0.008543,1.453,1.379,0.3047,0.7217,0,0
478,0.6909,0.4911,1,1895,0,84.82,60.94,9.83e-06,0.02955,0.9889,0.9982,0.001424,0.3581,0,0.0082,1.467,1.424,0.33,0.9622,-0.0007477,0
479,0.568,0.3705,1,1704,0,84.82,59.23,9.83e-06,0.0462,0.9863,0.9964,0.002046,0.4184,0,0.01051,1.526,1.447,0.3283,0.8034,-0.01272,0
480,0.5964,0.3973,0.9955,1382,0,84.82,32.9,9.83e-06,0.05856,0.9821,0.994,0.003139,0.3752,0,0.009997,1.616,1.521,0.3922,0.6363,0,0
481,0.5712,0.375,1,2108,0,84.82,75.98,9.83e-06,0.04533,0.9851,0.9956,0.002202,0.4155,0,0.01126,1.585,1.497,0.3624,0.8982,-0.01902,0
482,0.6725,0.4732,1,1597,0,84.82,50.94,9.83e-06,0.05858,0.9806,0.9935,0.003784,0.4343,0,0.0119,1.681,1.56,0.3842,0.7265,-0.003381,0
483,0.6371,0.4375,0.9978,1504,0,84.82,36.64,9.82e-06,0.06281,0.9764,0.9911,0.004623,0.4403,0,0.01163,1.863,1.717,0.4753,1.556,0,0
484,0.696,0.5,0.9955,1535,0.004464,84.82,57.77,9.82e-06,0.08481,0.9741,0.9884,0.006083,0.4125,0,0.01421,1.732,1.562,0.4051,1.126,-0.01562,0
485,0.7109,0.5134,1,1900,0,84.82,47.7,9.82e-06,0.05447,0.9786,0.9929,0.004358,0.426,0,0.01189,1.758,1.63,0.4249,0.8483,-0.0124,0
486,0.7402,0.5402,1,1344,0,84.82,21.6,9.82e-06,0.07082,0.9726,0.9901,0.006469,0.413,0,0.01481,1.928,1.748,0.4822,0.7004,0,0
487,0.8179,0.6205,0.9955,1627,0.004464,84.82,71.92,9.82e-06,0.07329,0.9772,0.9904,0.00477,0.4528,0,0.01165,1.773,1.601,0.4058,0.4805,-0.00875,0
488,0.7927,0.5938,1,1679,0,84.82,36.07,9.82e-06,0.07042,0.9728,0.9888,0.006658,0.4059,0,0.01078,1.856,1.677,0.4447,0.4651,-0.005264,0
489,0.6982,0.5,1,1766,0,84.82,51.86,9.82e-06,0.04606,0.9848,0.9962,0.002341,0.4353,0,0.01139,1.556,1.476,0.3496,0.6128,-0.008872,0
490,0.6238,0.4241,1,1587,0,84.82,64.98,9.82e-06,0.07867,0.9682,0.9881,0.007053,0.3965,0,0.01085,2.058,1.853,0.5413,0.763,-0.001343,0
491,0.5498,0.3527,0.9911,2121,0.004464,84.82,73.48,9.82e-06,0.06466,0.9746,0.9894,0.005479,0.4336,0,0.01166,1.849,1.686,0.4652,0.7969,-0.005447,0
492,0.5736,0.375,1,2354,0,84.82,75.98,9.82e-06,0.03496,0.9863,0.9975,0.001805,0.4411,0,0.01607,1.57,1.504,0.3845,0.8844,-0.006768,0
493,0.5208,0.3214,1,2185,0,84.82,59.92,9.82e-06,0.04641,0.981,0.9944,0.00371,0.4078,0,0.01478,1.682,1.587,0.4142,0.751,-0.003363,0
494,0.6152,0.4152,1,1821,0,84.82,68.52,9.82e-06,0.05981,0.9772,0.9917,0.004682,0.419,0,0.01169,1.777,1.634,0.4248,0.6641,-4.142e-05,0
495,0.7394,0.5402,0.9978,1368,0,84.82,62.62,9.82e-06,0.09903,0.9704,0.9854,0.006826,0.4352,0,0.01434,1.824,1.628,0.4509,0.711,-0.001484,0
496,0.7313,0.5312,1,1153,0,84.82,60.96,9.82e-06,0.1135,0.9707,0.9846,0.007121,0.3912,0,0.02044,1.843,1.602,0.4171,1.409,0,0
497,0.8473,0.6473,1,1118,0,84.82,50.86,9.81e-06,0.1061,0.9782,0.9866,0.004755,0.3811,0,0.01123,1.558,1.379,0.3137,0.7311,0,0
498,0.7571,0.558,1,1688,0,84.82,81.77,9.81e-06,0.1091,0.967,0.9829,0.007804,0.3817,0,0.01396,2.026,1.762,0.4929,1.425,-0.004785,0
499,0.8193,0.625,0.9911,2668,0.008929,84.82,98.39,9.81e-06,0.03361,0.9873,0.997,0.002372,0.3966,0,0.02014,1.397,1.345,0.2696,0.3968,-0.01939,0
500,0.8447,0.6473,1,2146,0,84.82,83.48,9.81e-06,0.03653,0.989,0.9962,0.001515,0.3992,0,0.01385,1.304,1.258,0.2191,0.4241,-0.01315,0
501,0.767,0.567,1,1521,0,57.79,75.81,9.81e-06,0.05082,0.9862,0.9955,0.002135,0.4279,0,0.01091,1.4,1.333,0.2615,1.027,0,0
502,0.7488,0.5491,1,1791,0,57.79,76.13,9.81e-06,0.03869,0.9871,0.9966,0.001685,0.3967,0,0.01124,1.375,1.323,0.2663,0.9329,-0.001561,0
503,0.7968,0.5982,0.9978,1590,0,57.79,83.65,9.81e-06,0.04603,0.9832,0.996,0.00264,0.4147,0,0.01083,1.519,1.438,0.3161,0.8144,-0.004815,0
504,0.8019,0.6027,1,1855,0,57.79,74.82,9.81e-06,0.04688,0.9834,0.9951,0.002832,0.4191,0,0.01572,1.439,1.365,0.2891,0.8998,-0.00383,0
505,0.8908,0.692,1,1288,0,57.79,75.66,9.81e-06,0.04823,0.9868,0.997,0.002229,0.4179,0,0.01163,1.356,1.293,0.2394,0.8651,-0.00606,0
506,0.9006,0.7009,1,1642,0,57.79,73.55,9.81e-06,0.04718,0.9877,0.9966,0.001536,0.3945,0,0.01119,1.38,1.318,0.2616,0.7279,-0.001221,0
507,0.9808,0.7812,1,1944,0,57.79,70.95,9.81e-06,0.03258,0.9878,0.9978,0.001343,0.3514,0,0.01657,1.472,1.427,0.3352,0.728,-0.002426,0
508,0.9897,0.7902,1,1774,0,57.79,74.88,9.81e-06,0.03497,0.9866,0.9975,0.001515,0.3661,0,0.01368,1.469,1.417,0.3247,0.6731,-0.002151,0
509,0.8325,0.6339,1,1927,0,57.79,91.85,9.81e-06,0.03831,0.9877,0.9968,0.001584,0.3926,0,0.01305,1.427,1.376,0.3045,0.4309,-0.00705,0
510,0.7611,0.5625,1,1928,0,57.79,92.72,9.8e-06,0.04906,0.9828,0.9929,0.002948,0.4055,0,0.01378,1.452,1.38,0.3136,0.3089,-0.00688,0
511,0.8292,0.6295,1,2063,0,57.79,76.47,9.8e-06,0.03979,0.9858,0.9957,0.00234,0.3985,0,0.01311,1.45,1.395,0.3217,0.5582,-0.001306,0
512,0.8245,0.625,1,1832,0,64.5,69.35,9.8e-06,0.09012,0.9694,0.9864,0.006897,0.3765,0,0.01379,1.924,1.715,0.4808,0.5911,-0.002518,0
513,0.604,0.4062,1,2224,0,64.5,81.24,9.8e-06,0.04342,0.9846,0.9956,0.002277,0.4191,0,0.014,1.594,1.512,0.3776,0.7958,-0.0111,0
514,0.7203,0.5223,1,1898,0,64.5,74.08,9.8e-06,0.06306,0.9744,0.9897,0.005762,0.3429,0,0.01299,1.781,1.62,0.4222,1.901,-0.01024,0
515,0.8155,0.6161,0.9978,1649,0,64.5,67.4,9.8e-06,0.09086,0.9645,0.9827,0.008793,0.4019,0,0.009672,2.122,1.851,0.5547,1.315,-0.0007891,0
516,0.8636,0.6652,1,2159,0,64.5,88.26,9.8e-06,0.05033,0.9803,0.9927,0.003991,0.3163,0,0.01139,1.608,1.502,0.363,1.294,-0.007732,0
517,0.6894,0.4911,1,2480,0,71.65,95.18,9.8e-06,0.02645,0.9885,0.9981,0.001468,0.3644,0,0.01288,1.402,1.367,0.2976,0.7738,-0.008586,0
518,0.5401,0.3438,0.9978,2759,0,71.65,69.66,9.8e-06,0.02655,0.9889,0.9977,0.00131,0.3593,0,0.01393,1.444,1.407,0.3193,1.066,-0.01589,0
519,0.6122,0.4152,0.9955,2223,0.004464,82.01,90.07,9.8e-06,0.03317,0.9887,0.9974,0.001728,0.364,0,0.01157,1.322,1.281,0.2342,0.8629,-0.01028,0
520,0.5977,0.4018,0.9978,2598,0,82.01,77.4,9.8e-06,0.03367,0.9865,0.996,0.002276,0.3777,0,0.01539,1.416,1.371,0.2986,0.8248,-0.01816,0
521,0.5626,0.3661,0.9933,2436,0,82.01,89.14,9.8e-06,0.0323,0.9886,0.997,0.001633,0.3455,0,0.01207,1.366,1.325,0.2659,0.9549,-0.01052,0
522,0.7257,0.5312,1,2403,0,82.01,71.47,9.8e-06,0.04351,0.983,0.9945,0.003364,0.3647,0,0.01473,1.519,1.434,0.3209,0.7304,-0.02777,0
523,0.7291,0.5402,0.9911,2184,0.008929,82.01,52.12,9.79e-06,0.06017,0.9802,0.9918,0.004242,0.4585,0,0.01434,1.587,1.468,0.3455,0.644,-0.04648,0
524,0.6757,0.4777,1,2044,0,82.01,60,9.79e-06,0.0545,0.9794,0.9928,0.003691,0.4224,0,0.01274,1.699,1.586,0.4039,0.7878,-0.00979,0
525,0.7466,0.558,0.9821,2207,0.01786,82.01,62,9.79e-06,0.05332,0.9829,0.9931,0.002997,0.4412,0,0.01604,1.552,1.461,0.3307,0.8766,-0.03942,0
526,0.7469,0.5625,0.9777,2724,0.02232,82.01,85.22,9.79e-06,0.05549,0.9823,0.9923,0.003361,0.4085,0,0.01726,1.508,1.407,0.3144,0.7293,-0.05548,0
527,0.726,0.5357,0.9821,2117,0.01786,82.01,39.9,9.79e-06,0.05421,0.9836,0.9949,0.003043,0.4155,0,0.01453,1.509,1.418,0.3047,0.6241,-0.03063,0
528,0.6284,0.442,0.971,2473,0.02679,82.01,95.64,9.79e-06,0.04928,0.9813,0.9938,0.003286,0.4406,0,0.01601,1.562,1.472,0.3446,0.8667,-0.03902,0
529,0.7643,0.5848,0.9688,2488,0.03125,82.01,71.01,9.79e-06,0.04752,0.9834,0.995,0.003136,0.4791,0,0.01408,1.548,1.456,0.3265,0.7359,-0.0712,0
530,0.711,0.5223,0.9821,3117,0.01786,82.01,90.63,9.79e-06,0.03953,0.9866,0.9963,0.001791,0.4698,0,0.01537,1.538,1.468,0.3515,0.8237,-0.03881,0
531,0.7139,0.5179,0.9955,2348,0.004464,82.01,44.05,9.79e-06,0.07565,0.9764,0.9888,0.004498,0.4045,0,0.01639,1.765,1.607,0.4169,0.8993,-0.01549,0
532,0.7689,0.5759,0.9911,2729,0.008929,82.01,89.27,9.79e-06,0.04428,0.9823,0.9934,0.002924,0.3804,0,0.01714,1.642,1.55,0.391,0.9355,-0.02589,0
533,0.5905,0.3973,0.9933,3130,0.004464,82.01,94.11,9.79e-06,0.04086,0.9836,0.9949,0.002641,0.4288,0,0.01719,1.593,1.511,0.3739,0.7831,-0.02727,0
534,0.5757,0.3795,1,3277,0,82.01,97.14,9.79e-06,0.03976,0.9857,0.9943,0.001976,0.4523,0,0.01586,1.529,1.464,0.3611,0.7495,-0.0186,0
535,0.5847,0.3884,0.9955,2919,0.004464,82.01,93.27,9.79e-06,0.03646,0.9834,0.9955,0.003058,0.4384,0,0.01712,1.555,1.492,0.3723,0.8305,-0.01387,0
536,0.7622,0.5625,1,2273,0,82.01,89.59,9.78e-06,0.0828,0.9758,0.9871,0.005361,0.4001,0,0.01595,1.616,1.469,0.3747,0.6884,-0.001454,0
537,0.6491,0.4509,1,2364,0,82.01,88.72,9.78e-06,0.09734,0.9679,0.9837,0.008044,0.3884,0,0.01547,2.025,1.761,0.4969,2.132,-0.009118,0
538,0.712,0.5134,0.9955,2371,0,82.01,81.87,9.78e-06,0.1025,0.9706,0.9833,0.006759,0.3721,0,0.01567,1.799,1.577,0.4053,1.438,-0.002544,0
539,0.7087,0.5089,1,1406,0,82.01,78.75,9.78e-06,0.1344,0.9601,0.9774,0.01024,0.378,0,0.01384,2.055,1.732,0.4818,2.11,-0.001184,0
540,0.7741,0.5759,1,2136,0,82.01,85.45,9.78e-06,0.07591,0.9753,0.9856,0.005093,0.403,0,0.01327,1.722,1.541,0.39,0.3789,-0.008959,0
541,0.9723,0.7723,1,2227,0,79.12,73.21,9.78e-06,0.03022,0.9883,0.9974,0.001632,0.3766,0,0.01329,1.382,1.342,0.2759,0.7189,0,0
542,0.654,0.4554,1,2447,0,79.12,82.25,9.78e-06,0.04388,0.9823,0.9939,0.003295,0.4542,0,0.01474,1.608,1.529,0.3967,0.8312,-0.006686,0
543,0.8781,0.6786,0.9978,1763,0,79.12,74.8,9.78e-06,0.038,0.9868,0.9968,0.001861,0.414,0,0.009974,1.432,1.38,0.2975,0.3544,-1.526e-05,0
544,0.8066,0.6071,1,1625,0,79.12,65.51,9.78e-06,0.06675,0.9749,0.9911,0.005422,0.4132,0,0.01272,1.76,1.623,0.4419,0.2995,-0.002936,0
545,0.6952,0.4955,1,2017,0,79.12,71.4,9.78e-06,0.04764,0.9804,0.9936,0.002906,0.4085,0,0.01092,1.639,1.552,0.4017,0.7628,-0.001611,0
546,0.8116,0.6116,1,2079,0,79.12,73.67,9.78e-06,0.04459,0.9811,0.9934,0.002879,0.4018,0,0.01354,1.714,1.614,0.433,1.338,0,0
547,0.7789,0.5804,1,2158,0,79.12,87.23,9.78e-06,0.0663,0.977,0.9916,0.004763,0.3597,0,0.01392,1.724,1.586,0.414,1.303,-0.007289,0
548,0.9316,0.7321,1,1861,0,79.12,74.24,9.77e-06,0.08145,0.9682,0.9849,0.007293,0.2755,0,0.01514,1.947,1.724,0.4814,1.935,-0.002747,0
549,0.7084,0.5089,1,2093,0,79.12,91.38,9.77e-06,0.05,0.9812,0.9928,0.003726,0.344,0,0.01227,1.592,1.483,0.3502,1.187,-0.002688,0
550,0.5616,0.3616,1,1878,0,79.12,46.93,9.77e-06,0.03731,0.9865,0.9979,0.001641,0.4294,0,0.012,1.535,1.48,0.3577,0.9852,0,0
551,0.6732,0.4732,1,1596,0,79.12,85.73,9.77e-06,0.08123,0.977,0.9883,0.005595,0.4347,0,0.01306,1.488,1.337,0.2666,0.539,-0.0003183,0
552,0.7711,0.5714,1,2027,0,79.12,81.79,9.77e-06,0.04233,0.9871,0.9961,0.001992,0.4145,0,0.01253,1.368,1.306,0.2489,0.576,-0.001685,0
553,0.6593,0.4598,1,1656,0,79.12,54.73,9.77e-06,0.06724,0.9798,0.9921,0.004049,0.3988,0,0.01177,1.683,1.534,0.3565,0.8453,-0.002367,0
554,0.6719,0.4777,0.9911,1823,0.008929,79.12,73.54,9.77e-06,0.05045,0.9843,0.9948,0.002743,0.4474,0,0.01267,1.467,1.383,0.2872,0.6596,-0.01999,0
555,0.7307,0.5357,0.9955,2314,0.004464,79.12,61.03,9.77e-06,0.04274,0.9844,0.995,0.002199,0.4103,0,0.01524,1.573,1.493,0.3594,0.9406,-0.02067,0
556,0.7576,0.567,0.9821,1956,0.01786,79.12,66.11,9.77e-06,0.06411,0.9783,0.9899,0.004318,0.4658,0,0.01514,1.597,1.472,0.3487,0.8984,-0.02886,0
557,0.6891,0.4955,0.9866,2008,0.01339,79.12,68.93,9.77e-06,0.06112,0.9808,0.9925,0.003914,0.4349,0,0.01484,1.593,1.475,0.3385,0.6183,-0.01855,0
558,0.7487,0.558,0.9821,2158,0.01786,79.12,66.81,9.77e-06,0.052,0.9816,0.9942,0.003167,0.42,0,0.01386,1.63,1.52,0.3526,1.036,-0.02868,0
559,0.7027,0.5089,0.9911,1687,0.008929,79.12,82.1,9.77e-06,0.07703,0.9784,0.9905,0.00414,0.4438,0,0.01352,1.605,1.465,0.3419,0.7039,-0.02237,0
560,0.7797,0.5848,1,2665,0,79.12,68,9.76e-06,0.03985,0.9852,0.996,0.002263,0.4165,0,0.01551,1.553,1.477,0.3442,0.9263,-0.02557,0
561,0.7192,0.5268,0.9888,2117,0.008929,79.12,69.29,9.76e-06,0.06856,0.9782,0.9921,0.004473,0.383,0,0.01342,1.723,1.57,0.3935,0.9267,-0.0269,0
562,0.564,0.3661,0.9955,2422,0,79.12,84.78,9.76e-06,0.06034,0.9791,0.9908,0.003945,0.4454,0,0.01659,1.69,1.564,0.3993,0.8941,-0.005975,0
563,0.5332,0.3348,1,2364,0,79.12,81.22,9.76e-06,0.07289,0.9718,0.9873,0.006455,0.4165,0,0.01612,1.852,1.668,0.4482,0.8137,-0.007945,0
564,0.6591,0.4598,1,1670,0,79.12,45.35,9.76e-06,0.07359,0.9729,0.9886,0.005997,0.4107,0,0.01515,1.78,1.62,0.4234,1.095,-0.00385,0
565,0.6671,0.4688,1,2652,0,79.12,73.94,9.76e-06,0.05392,0.9807,0.9934,0.003826,0.4286,0,0.01805,1.645,1.533,0.3868,0.812,-0.008231,0
566,0.7473,0.5491,1,2466,0,79.12,84.59,9.76e-06,0.03869,0.9842,0.9957,0.002546,0.458,0,0.01563,1.514,1.454,0.3537,0.7755,-0.008822,0
567,0.8027,0.6027,1,1522,0,79.12,65.24,9.76e-06,0.1148,0.972,0.9819,0.006314,0.3688,0,0.01358,1.623,1.425,0.3489,0.7054,0,0
568,0.5929,0.3929,1,1461,0,79.12,56.41,9.76e-06,0.117,0.9702,0.9821,0.006982,0.4291,0,0.01184,1.849,1.608,0.4282,1.406,0,0
569,0.69,0.4911,1,1678,0,79.12,73.38,9.76e-06,0.09916,0.9718,0.9867,0.006534,0.3732,0,0.01292,1.709,1.531,0.4104,0.7317,-0.005321,0
570,0.8116,0.6116,1,1593,0,79.12,62.36,9.76e-06,0.09441,0.9777,0.989,0.004567,0.3368,0,0.0111,1.587,1.429,0.3435,0.7601,0,0
571,0.7953,0.5982,1,2428,0,79.12,92.29,9.76e-06,0.03729,0.9847,0.9957,0.002145,0.4219,0,0.01412,1.455,1.398,0.31,0.4611,-0.01461,0
572,0.9321,0.7321,1,1930,0,79.12,80.86,9.75e-06,0.06693,0.9777,0.9915,0.004536,0.4123,0,0.01328,1.594,1.46,0.3356,0.4318,-0.0001046,0
573,0.9493,0.75,1,1985,0,79.12,61.66,9.75e-06,0.06739,0.9776,0.9899,0.005437,0.3695,0,0.01471,1.583,1.429,0.3132,0.4429,-0.003677,0
574,0.8677,0.6696,1,2164,0,66.81,86.84,9.75e-06,0.04436,0.9838,0.9956,0.002773,0.2871,0,0.01616,1.45,1.388,0.3082,0.2564,-0.009698,0
575,0.9265,0.7277,1,1924,0,70.08,71.99,9.75e-06,0.04693,0.9829,0.9959,0.002725,0.3635,0,0.01459,1.505,1.435,0.3372,0.5129,-0.005692,0
576,0.8555,0.6562,1,1733,0,70.08,66.7,9.75e-06,0.0639,0.9799,0.9926,0.004206,0.3641,0,0.01011,1.642,1.516,0.3717,0.2968,-0.003841,0
577,0.7976,0.5982,1,2034,0,72.07,71.71,9.75e-06,0.04568,0.9846,0.9965,0.002332,0.4198,0,0.01369,1.524,1.456,0.3402,0.4362,-0.002897,0
578,0.7788,0.5804,1,2547,0,72.07,87.49,9.75e-06,0.05092,0.9816,0.9934,0.003589,0.2813,0,0.01349,1.572,1.466,0.338,1.285,-0.007917,0
579,0.7439,0.5446,1,2347,0,72.07,78.35,9.75e-06,0.04739,0.9809,0.9939,0.003805,0.3929,0,0.01447,1.649,1.545,0.3919,1.336,-0.003819,0
580,0.6039,0.4062,0.9978,2474,0,72.07,78.64,9.75e-06,0.06336,0.9789,0.9916,0.004538,0.3348,0,0.01579,1.717,1.567,0.4107,0.6834,-0.009591,0
581,0.7319,0.5402,0.9955,2876,0.004464,72.07,97.02,9.75e-06,0.03055,0.9856,0.9977,0.001843,0.3228,0,0.01368,1.603,1.553,0.3971,0.7152,-0.03678,0
582,0.4694,0.2723,1,3019,0,72.07,96.29,9.75e-06,0.02598,0.9893,0.9978,0.001546,0.3307,0,0.01249,1.372,1.338,0.2706,0.805,-0.01463,0
583,0.5606,0.3616,1,2529,0,72.07,82.2,9.75e-06,0.03337,0.988,0.997,0.001741,0.391,0,0.01361,1.383,1.339,0.2718,0.7209,-0.005273,0
584,0.5922,0.3929,0.9978,2128,0,72.07,82.47,9.74e-06,0.0338,0.9874,0.9968,0.001854,0.3748,0,0.01297,1.366,1.322,0.2619,0.6902,-0.001048,0
585,0.5525,0.3527,1,2070,0,72.07,59.62,9.74e-06,0.037,0.9886,0.9966,0.001752,0.3915,0,0.0137,1.321,1.275,0.2265,0.6985,-0.0006758,0
586,0.7978,0.5982,1,2433,0,72.07,64.87,9.74e-06,0.03858,0.9846,0.9957,0.002539,0.4442,0,0.01885,1.491,1.433,0.3363,0.3516,-0.001868,0
587,0.7027,0.5089,0.9955,2238,0.004464,72.07,47.56,9.74e-06,0.07453,0.9766,0.9882,0.00508,0.4154,0,0.01564,1.627,1.472,0.344,0.6939,-0.02656,0
588,0.692,0.5,0.9911,2420,0.008929,72.07,68.18,9.74e-06,0.0705,0.977,0.99,0.005652,0.4026,0,0.01378,1.644,1.494,0.3593,0.7076,-0.03113,0
589,0.7255,0.5312,0.9955,1791,0.004464,72.07,67.88,9.74e-06,0.06712,0.9804,0.9931,0.003506,0.4346,0,0.01264,1.637,1.509,0.3628,0.9584,-0.02417,0
590,0.7142,0.5223,0.9911,2893,0.008929,83.7,102.8,9.74e-06,0.04317,0.9837,0.9948,0.00278,0.4239,0,0.01707,1.576,1.486,0.3514,0.7464,-0.03182,0
591,0.6722,0.4821,0.9866,2317,0.01339,83.7,87.59,9.74e-06,0.04343,0.9869,0.9961,0.001813,0.4541,0,0.01418,1.422,1.347,0.2546,0.7821,-0.03607,0
592,0.7296,0.5446,0.9777,2637,0.02232,83.7,96.99,9.74e-06,0.04645,0.9843,0.9956,0.002787,0.4645,0,0.01506,1.554,1.448,0.3104,0.7637,-0.05267,0
593,0.4754,0.2768,1,2967,0,83.7,84.4,9.74e-06,0.04251,0.9844,0.994,0.002547,0.4174,0,0.0149,1.499,1.431,0.343,0.8288,-0.006873,0
594,0.5939,0.3973,0.9933,2672,0.004464,83.7,69.58,9.74e-06,0.04848,0.9794,0.9923,0.00398,0.4034,0,0.01605,1.663,1.555,0.4009,0.7898,-0.01044,0
595,0.6811,0.4821,1,2472,0,83.7,82.7,9.73e-06,0.05494,0.9792,0.9915,0.004448,0.4436,0,0.01751,1.608,1.492,0.3624,0.702,-0.005367,0
596,0.6094,0.4107,1,2416,0,83.7,68.87,9.73e-06,0.06167,0.9772,0.9906,0.004306,0.4173,0,0.0206,1.718,1.584,0.4193,0.8307,-0.006372,0
597,0.8062,0.6071,0.9978,2853,0,83.7,88.03,9.73e-06,0.06545,0.9741,0.9878,0.005476,0.4441,0,0.01499,1.833,1.656,0.457,0.8374,-0.00269,0
598,0.7089,0.5089,1,1595,0,83.7,61.03,9.73e-06,0.1109,0.9755,0.9856,0.005087,0.4222,0,0.01205,1.581,1.401,0.3304,0.7513,0,0
599,0.7402,0.5402,1,1633,0,83.7,59.89,9.73e-06,0.15,0.9635,0.9745,0.009342,0.3673,0,0.01343,1.931,1.609,0.4466,1.399,0,0
600,0.6107,0.4107,1,1493,0,83.7,58.78,9.73e-06,0.1768,0.9543,0.9678,0.01183,0.3948,0,0.012,2.327,1.848,0.5323,2.091,0,0
601,0.6286,0.4286,1,1605,0,83.7,68.18,9.73e-06,0.1626,0.9638,0.9732,0.008405,0.386,0,0.01447,2.064,1.673,0.462,2.076,0,0
602,0.7978,0.5982,0.9978,2094,0,83.7,74.36,9.73e-06,0.03989,0.9877,0.9956,0.001927,0.41,0,0.01489,1.32,1.266,0.2176,0.4895,0,0
603,0.8102,0.6116,1,2281,0,83.7,71.18,9.73e-06,0.06329,0.9748,0.9868,0.005669,0.4179,0,0.01395,1.619,1.497,0.367,0.5621,-0.00725,0
604,0.9388,0.7411,0.9978,2164,0,83.7,78.62,9.73e-06,0.05036,0.9811,0.9938,0.00362,0.4274,0,0.01388,1.58,1.464,0.3195,0.4642,-0.009105,0
605,0.7987,0.6027,0.9955,2862,0.004464,83.7,96.95,9.73e-06,0.02301,0.9892,0.9985,0.001285,0.3354,0,0.01926,1.381,1.35,0.2705,0.5249,-0.01562,0
606,0.6684,0.4688,1,2168,0,66.51,80.14,9.73e-06,0.04934,0.9808,0.9943,0.003272,0.416,0,0.01559,1.501,1.426,0.3362,0.5743,-0.001986,0
607,0.95,0.75,1,1574,0,66.51,78.72,9.72e-06,0.09125,0.9746,0.9886,0.005155,0.3759,0,0.01619,1.674,1.485,0.3546,0.223,0,0
608,0.8067,0.6071,0.9978,1786,0,66.51,67.99,9.72e-06,0.04962,0.9834,0.9963,0.002611,0.3877,0,0.01141,1.488,1.411,0.3152,0.4492,0,0
609,0.8688,0.6696,0.9978,1994,0,66.51,76.29,9.72e-06,0.04653,0.984,0.996,0.002437,0.384,0,0.01302,1.458,1.394,0.3102,0.4309,-0.00189,0
610,0.7571,0.558,0.9955,2073,0,66.51,73.03,9.72e-06,0.05368,0.9779,0.9927,0.004823,0.3536,0,0.0173,1.632,1.51,0.3675,1.253,0,0
611,0.7179,0.5179,1,1667,0,66.51,61.91,9.72e-06,0.09209,0.9651,0.9871,0.008821,0.4017,0,0.014,1.956,1.713,0.4702,0.7294,0,0
612,0.8294,0.6295,1,1935,0,66.51,90.31,9.72e-06,0.06175,0.9776,0.9907,0.004408,0.3685,0,0.0115,1.628,1.489,0.3531,1.25,-0.0003618,0
613,0.5826,0.3839,0.9933,1594,0,66.51,48.01,9.72e-06,0.04797,0.9855,0.9955,0.002522,0.42,0,0.01247,1.4,1.332,0.26,0.7458,0,0
614,0.6688,0.4688,1,1486,0,66.51,42.67,9.72e-06,0.04946,0.9829,0.9957,0.002881,0.3961,0,0.01172,1.472,1.398,0.3096,0.7169,0,0
615,0.7487,0.5491,0.9978,1231,0,66.51,59.75,9.72e-06,0.09178,0.9759,0.9862,0.004967,0.4056,0,0.01029,1.608,1.42,0.3107,0.6623,0,0
616,0.5926,0.3929,1,1454,0,66.51,71.8,9.72e-06,0.07952,0.9721,0.9866,0.006804,0.431,0,0.01166,1.763,1.561,0.3712,0.7908,-0.001238,0
617,0.454,0.2545,0.9978,1518,0,66.51,47.85,9.72e-06,0.05616,0.9865,0.9946,0.00213,0.3943,0,0.01258,1.368,1.293,0.2362,0.5937,0,0
618,0.5318,0.3348,1,2455,0,66.51,90.46,9.71e-06,0.04087,0.9858,0.9954,0.002187,0.4163,0,0.01479,1.489,1.417,0.3134,0.8963,-0.01519,0
619,0.7399,0.5446,0.9933,2182,0.004464,66.51,61.54,9.71e-06,0.04961,0.9836,0.9954,0.003253,0.4253,0,0.01513,1.552,1.451,0.3221,0.7923,-0.01696,0
620,0.792,0.5938,0.9978,1751,0,66.51,58.39,9.71e-06,0.11,0.9733,0.9794,0.005479,0.406,0,0.0116,1.716,1.478,0.3616,0.7167,-0.006744,0
621,0.8479,0.6518,0.9933,1880,0.008929,66.51,100.7,9.71e-06,0.1053,0.9722,0.9816,0.006748,0.414,0,0.01907,1.747,1.514,0.3824,0.7696,-0.01269,0
622,0.8527,0.6562,0.9955,2089,0.004464,66.51,54.91,9.71e-06,0.05311,0.9854,0.9948,0.002447,0.4234,0,0.01324,1.423,1.337,0.2768,0.6484,-0.0132,0
623,0.7233,0.5268,1,2673,0,66.51,91.81,9.71e-06,0.03978,0.9831,0.9959,0.002807,0.4627,0,0.01442,1.621,1.534,0.3841,0.8535,-0.01727,0
624,0.6806,0.4821,0.9978,2223,0,66.51,72.11,9.71e-06,0.04675,0.9827,0.9926,0.00301,0.4608,0,0.01465,1.549,1.471,0.3705,0.752,-0.005598,0
625,0.664,0.4643,1,2113,0,66.51,69.52,9.71e-06,0.06727,0.9761,0.9894,0.005373,0.4399,0,0.01547,1.636,1.505,0.3848,0.7873,-0.001635,0
626,0.6549,0.4554,1,2131,0,66.51,78.84,9.71e-06,0.06701,0.9751,0.9885,0.00571,0.4278,0,0.01528,1.657,1.528,0.4011,0.8778,-0.002385,0
627,0.6061,0.4062,1,2638,0,66.51,79.6,9.71e-06,0.04714,0.9807,0.9929,0.003782,0.4639,0,0.01634,1.607,1.517,0.3974,0.9174,-0.0007019,0
628,0.6241,0.4241,1,1179,0,66.51,46.61,9.71e-06,0.1798,0.956,0.968,0.01121,0.3774,0,0.01292,2.203,1.761,0.5177,2.143,0,0
629,0.6973,0.5,0.9911,1518,0.004464,66.51,63.41,9.7e-06,0.09421,0.9707,0.9869,0.007115,0.361,0,0.01333,1.869,1.651,0.4559,1.373,-0.004464,0
630,0.7402,0.5402,1,1114,0,66.51,42.83,9.7e-06,0.2038,0.9517,0.9632,0.01236,0.3655,0,0.01226,2.489,1.995,0.6096,2.091,0,0
631,0.6237,0.4241,0.9978,1188,0,66.51,61.21,9.7e-06,0.203,0.9443,0.9596,0.0154,0.4118,0,0.009704,2.6,2.049,0.6466,2.212,0,0
632,0.8426,0.6429,1,1939,0,66.51,68.5,9.7e-06,0.07024,0.9805,0.9885,0.003628,0.4035,0,0.01462,1.537,1.42,0.3474,0.74,-0.001157,0
633,0.8813,0.683,0.9978,2386,0,66.51,81.16,9.7e-06,0.03655,0.9863,0.9956,0.002109,0.4038,0,0.01814,1.466,1.399,0.3093,0.6131,-0.006481,0
634,0.9025,0.7054,0.9955,2663,0.004464,66.51,81.39,9.7e-06,0.02185,0.99,0.9987,0.001019,0.4562,0,0.01568,1.449,1.41,0.2976,0.5698,-0.009803,0
635,0.8865,0.6875,1,2263,0,70.73,82.4,9.7e-06,0.04635,0.9823,0.9941,0.003583,0.3683,0,0.0143,1.566,1.467,0.336,0.5886,-0.004994,0
636,0.6101,0.4152,0.9933,2485,0.004464,70.73,89.9,9.7e-06,0.04543,0.9837,0.9946,0.002867,0.358,0,0.01482,1.518,1.434,0.3426,0.5389,-0.01893,0
637,0.7461,0.5491,0.9955,2448,0.004464,70.73,87.86,9.7e-06,0.03955,0.9842,0.994,0.002659,0.3703,0,0.0178,1.525,1.457,0.3652,0.6794,-0.01053,0
638,0.5731,0.375,0.9955,1826,0.004464,70.73,71.77,9.7e-06,0.08764,0.9712,0.9848,0.006705,0.3633,0,0.01465,1.874,1.665,0.4759,0.6895,-0.004909,0
639,0.4456,0.25,0.9888,2202,0.008929,70.73,83.23,9.69e-06,0.07718,0.9722,0.9867,0.006241,0.3418,0,0.01397,1.8,1.626,0.4637,0.6515,-0.01069,0
640,0.6425,0.4464,0.9911,2307,0.008929,74.28,88.75,9.69e-06,0.09734,0.9688,0.9827,0.007512,0.4055,0,0.01305,1.96,1.711,0.5137,0.8619,-0.01096,0
641,0.8295,0.6295,1,1895,0,64.71,81.79,9.69e-06,0.0424,0.9844,0.996,0.002388,0.4562,0,0.01447,1.585,1.515,0.3818,0.7241,0,0
642,0.7711,0.5714,1,2616,0,74.4,88.43,9.69e-06,0.03685,0.9852,0.9953,0.002198,0.4288,0,0.01632,1.555,1.502,0.3778,1.237,-0.001607,0
643,0.5701,0.3705,1,2563,0,74.4,84.14,9.69e-06,0.056,0.9774,0.9913,0.004613,0.4317,0,0.01575,1.822,1.684,0.476,1.217,-0.001949,0
644,0.6415,0.442,1,2417,0,74.4,93.73,9.69e-06,0.03752,0.9854,0.9966,0.002162,0.4425,0,0.01483,1.563,1.509,0.3812,1.178,-0.00226,0
645,0.6906,0.4911,1,2066,0,74.4,80.73,9.69e-06,0.04468,0.9796,0.9944,0.003601,0.4529,0,0.0152,1.63,1.555,0.4098,0.973,-0.002537,0
646,0.8467,0.6473,1,1878,0,74.4,73.87,9.69e-06,0.04877,0.9837,0.9919,0.002909,0.3606,0,0.01326,1.391,1.325,0.273,0.8574,-0.003187,0
647,0.8201,0.6205,0.9978,1619,0,74.4,61.77,9.69e-06,0.0719,0.972,0.9882,0.006985,0.3565,0,0.01228,1.788,1.597,0.3938,0.8563,0,0
648,0.8601,0.6607,0.9978,1835,0,74.4,84.29,9.69e-06,0.04173,0.9851,0.9964,0.002319,0.4256,0,0.01484,1.415,1.357,0.2851,1.009,-0.0008567,0
649,0.9004,0.7009,0.9978,1707,0,74.4,71.46,9.69e-06,0.08789,0.9694,0.9857,0.007424,0.4262,0,0.01445,1.941,1.717,0.4851,0.8506,-0.0004621,0
650,0.9356,0.7366,0.9955,1938,0,74.4,78.26,9.68e-06,0.06278,0.9765,0.9921,0.005121,0.4025,0,0.01463,1.754,1.594,0.4215,0.7831,-0.0006322,0
651,0.8826,0.683,1,1851,0,74.4,72.17,9.68e-06,0.04152,0.9863,0.995,0.002342,0.3965,0,0.01624,1.358,1.303,0.25,0.7265,-0.002324,0
652,1.029,0.8304,0.9955,1457,0.004464,74.4,76.83,9.68e-06,0.08842,0.9677,0.984,0.008158,0.3645,0,0.01119,1.846,1.625,0.4324,0.7646,-0.004464,0
653,0.7669,0.567,1,2104,0,74.4,79.5,9.68e-06,0.06756,0.9723,0.9894,0.006391,0.4107,0,0.01552,2.014,1.81,0.5337,0.8746,-0.0001569,0
654,0.9531,0.7545,1,2398,0,74.4,85.35,9.68e-06,0.03181,0.9866,0.9969,0.001816,0.3526,0,0.01688,1.455,1.411,0.3258,0.5273,-0.006757,0
655,0.7774,0.5804,1,2489,0,74.4,98.17,9.68e-06,0.03763,0.9829,0.9963,0.002759,0.2473,0,0.01299,1.557,1.499,0.3832,0.7352,-0.01503,0
656,0.9529,0.7545,0.9978,2383,0,74.4,78.37,9.68e-06,0.06463,0.9764,0.9901,0.00538,0.3708,0,0.01665,1.712,1.568,0.4062,0.6375,-0.005678,0
657,0.8102,0.6116,0.9978,1994,0,74.4,83.73,9.68e-06,0.06698,0.9768,0.9907,0.005609,0.3573,0,0.01255,1.673,1.52,0.3723,1.362,-0.004604,0
658,0.7012,0.5045,0.9911,2439,0.004464,74.4,105.7,9.68e-06,0.06791,0.9723,0.9889,0.006651,0.3041,0,0.01334,1.862,1.686,0.4756,1.819,-0.007296,0
659,0.7914,0.5938,1,2895,0,74.4,89.15,9.68e-06,0.02928,0.9872,0.997,0.001441,0.3604,0,0.01626,1.482,1.439,0.3415,0.7474,-0.01156,0
660,0.8765,0.6786,0.9978,1746,0,74.4,81.92,9.67e-06,0.09346,0.9634,0.9826,0.009269,0.3668,0,0.01241,2.072,1.818,0.5423,1.781,-0.008083,0
661,0.6212,0.4241,1,2809,0,74.69,87.53,9.67e-06,0.02836,0.987,0.9968,0.002185,0.3567,0,0.02081,1.399,1.362,0.2915,1.027,-0.01464,0
662,0.6621,0.4643,1,2882,0,74.69,72.66,9.67e-06,0.02988,0.9875,0.997,0.001885,0.401,0,0.01575,1.386,1.346,0.2838,0.8062,-0.01098,0
663,0.6583,0.4598,0.9955,2251,0,74.69,79.61,9.67e-06,0.07931,0.9796,0.9909,0.004551,0.3924,0,0.01564,2.051,1.42,0.3282,0.9574,-0.003326,0
664,0.5835,0.3839,0.9978,2672,0,74.69,61.41,9.67e-06,0.02893,0.9866,0.9976,0.001897,0.3872,0,0.01955,1.422,1.383,0.3066,0.9882,-0.0001003,0
665,0.7303,0.5312,0.9978,2298,0,74.69,62.56,9.67e-06,0.0411,0.9828,0.9936,0.002772,0.3929,0,0.01696,1.551,1.48,0.3725,0.5523,-0.002544,0
666,0.6549,0.4643,0.9911,2258,0.008929,74.69,103.9,9.67e-06,0.09628,0.9705,0.9838,0.007799,0.4168,0,0.01539,1.778,1.517,0.372,0.8714,-0.0382,0
667,0.7612,0.5759,0.9688,2502,0.03125,74.69,76.81,9.67e-06,0.05479,0.9792,0.9914,0.004643,0.4687,0,0.01489,1.64,1.496,0.351,0.8112,-0.04216,0
668,0.7826,0.5938,0.9888,2252,0.01339,74.69,99.25,9.67e-06,0.06475,0.9822,0.9934,0.003208,0.4359,0,0.01514,1.603,1.451,0.3442,0.7857,-0.04475,0
669,0.7265,0.5312,0.9955,2135,0.004464,74.69,71.31,9.67e-06,0.09503,0.9666,0.9823,0.008811,0.4472,0,0.01294,1.984,1.688,0.4471,0.7714,-0.01905,0
670,0.706,0.5134,0.9888,2346,0.008929,74.69,86.88,9.66e-06,0.07225,0.9758,0.9887,0.005527,0.4553,0,0.01795,1.735,1.562,0.4164,0.8337,-0.02557,0
671,0.6624,0.4688,0.9866,3317,0.01339,74.69,82,9.66e-06,0.02252,0.9873,0.9979,0.00172,0.4567,0,0.021,1.537,1.498,0.3783,0.8505,-0.01824,0
672,0.6676,0.4688,0.9978,2645,0,74.69,83.03,9.66e-06,0.04243,0.9855,0.9961,0.002205,0.4612,0,0.01628,1.545,1.466,0.366,0.8982,-0.003405,0
673,0.601,0.4018,1,2502,0,74.69,84.49,9.66e-06,0.05306,0.9812,0.9931,0.003631,0.4392,0,0.01738,1.658,1.549,0.4063,0.8594,-0.003911,0
674,0.6054,0.4062,1,2168,0,74.69,69.54,9.66e-06,0.07184,0.9745,0.9865,0.005926,0.3921,0,0.0173,1.687,1.517,0.3911,0.7787,-0.004194,0
675,0.8063,0.6071,1,1833,0,78.35,81.56,9.66e-06,0.08595,0.975,0.9879,0.005179,0.3727,0,0.02355,1.647,1.493,0.3824,0.84,-0.004028,0
676,0.7846,0.5848,1,1802,0,78.35,71.5,9.66e-06,0.1105,0.9689,0.9808,0.006968,0.4026,0,0.01435,1.804,1.545,0.4026,1.472,-0.001072,0
677,0.9054,0.7054,1,1841,0,78.35,63.28,9.66e-06,0.07359,0.9786,0.9922,0.004789,0.3564,0,0.01734,1.53,1.415,0.3366,0.8206,0,0
678,0.7304,0.5357,0.9955,2576,0.004464,78.35,97.63,9.66e-06,0.06182,0.9845,0.9936,0.002835,0.4192,0,0.01906,1.552,1.43,0.3136,0.6955,-0.02204,0
679,0.8105,0.6116,1,1792,0,78.35,71.1,9.66e-06,0.11,0.9654,0.9795,0.009681,0.3878,0,0.01339,1.895,1.594,0.4099,0.5623,-0.005351,0
680,0.9195,0.7232,0.9978,2894,0,78.35,90.82,9.65e-06,0.0211,0.9903,0.9988,0.0011,0.3322,0,0.01403,1.326,1.298,0.2482,0.4384,-0.01628,0
681,0.9373,0.7455,0.9866,2620,0.01339,78.35,90.47,9.65e-06,0.08312,0.9709,0.9836,0.007353,0.3598,0,0.01775,1.82,1.573,0.3999,0.558,-0.02778,0
682,0.7387,0.5402,1,2492,0,78.36,89.52,9.65e-06,0.09485,0.9685,0.9811,0.008675,0.3303,0,0.01789,1.872,1.593,0.4195,0.5175,-0.007531,0
683,0.9406,0.7589,0.9866,2848,0.01339,65.56,109.4,9.65e-06,0.02676,0.9884,0.9986,0.0015,0.3309,0,0.02271,1.4,1.364,0.2916,0.6848,-0.07821,0
684,0.949,0.7545,0.9955,2586,0.004464,65.56,87.42,9.65e-06,0.03085,0.9877,0.998,0.001435,0.3654,0,0.01957,1.485,1.444,0.3367,0.719,-0.02298,0
685,0.8827,0.6964,0.9777,2829,0.02232,65.56,109.1,9.65e-06,0.03179,0.9865,0.9965,0.001977,0.3444,0,0.018,1.422,1.379,0.3072,0.4692,-0.04615,0
686,0.857,0.6652,0.9888,2932,0.008929,69.03,114.5,9.65e-06,0.03077,0.9852,0.9967,0.002175,0.2903,0,0.02349,1.47,1.427,0.343,0.5475,-0.02979,0
687,0.7954,0.6027,0.9911,2423,0.008929,69.03,115.8,9.65e-06,0.06437,0.9766,0.9908,0.005129,0.3901,0,0.01513,1.622,1.502,0.375,0.7369,-0.02727,0
688,0.6175,0.4509,0.9464,3988,0.04911,84.87,120.9,9.65e-06,0.02384,0.988,0.9979,0.0017,0.3922,0,0.02035,1.514,1.475,0.3645,0.6659,-0.1134,0
689,0.8345,0.6473,0.9866,2722,0.01339,84.87,94.34,9.65e-06,0.06306,0.9783,0.9907,0.005121,0.2955,0,0.01724,1.621,1.479,0.3492,1.287,-0.05049,0
690,0.8012,0.6161,0.9777,3915,0.02232,84.87,107.2,9.64e-06,0.03853,0.9848,0.9954,0.002689,0.2982,0,0.02176,1.618,1.518,0.3798,0.7715,-0.05208,0
691,0.7767,0.6027,0.9665,3620,0.03125,84.87,113.2,9.64e-06,0.04875,0.9803,0.9916,0.004384,0.3603,0,0.02277,1.645,1.526,0.3897,1.279,-0.09651,0
692,0.6541,0.4687,0.9844,3001,0.01339,84.87,80.69,9.64e-06,0.03025,0.9882,0.9966,0.001542,0.355,0,0.01718,1.375,1.336,0.2706,0.8299,-0.05739,0
693,0.6733,0.4955,0.9598,2996,0.04018,84.87,83.28,9.64e-06,0.05659,0.978,0.9911,0.004839,0.4093,0,0.01632,1.598,1.47,0.3543,0.8017,-0.07086,0
694,0.6429,0.4777,0.9442,3611,0.05804,84.87,115.6,9.64e-06,0.06897,0.9728,0.9853,0.007372,0.3972,0,0.02055,1.778,1.584,0.4282,0.9297,-0.118,0
695,0.5993,0.4196,0.9732,3103,0.02679,84.87,83.13,9.64e-06,0.03266,0.9877,0.9967,0.001967,0.3976,0,0.01614,1.354,1.312,0.2579,0.9219,-0.07487,0
696,0.5553,0.375,0.9821,3321,0.01786,84.87,82.26,9.64e-06,0.0296,0.9874,0.9974,0.001724,0.3788,0,0.01576,1.435,1.395,0.3145,0.7466,-0.08043,0
697,0.701,0.5223,0.9688,3562,0.03125,84.88,106.2,9.64e-06,0.02537,0.9881,0.9976,0.001821,0.4032,0,0.01824,1.451,1.415,0.3232,1.027,-0.07555,0
698,0.7829,0.6161,0.9375,2970,0.0625,84.88,108.6,9.64e-06,0.04919,0.9835,0.9934,0.003458,0.3842,0,0.0179,1.489,1.38,0.2929,0.7843,-0.1033,0
699,0.6863,0.5179,0.9397,3014,0.0625,84.88,77.91,9.64e-06,0.04749,0.9856,0.9949,0.002543,0.3706,0,0.02145,1.507,1.412,0.3165,0.7868,-0.09768,0
700,0.665,0.5045,0.9241,3096,0.07589,84.88,115.4,9.63e-06,0.05408,0.982,0.9917,0.003221,0.4219,0,0.02257,1.533,1.422,0.3372,0.7116,-0.1216,0
701,0.7705,0.6205,0.8906,3752,0.1116,84.88,113.1,9.63e-06,0.05457,0.9817,0.9913,0.004127,0.4504,0,0.02082,1.567,1.43,0.3246,0.6787,-0.1408,0
702,0.7786,0.6161,0.9286,3216,0.07143,84.88,108.5,9.63e-06,0.04677,0.9823,0.9923,0.003374,0.473,0,0.02232,1.515,1.422,0.331,0.6793,-0.1159,0
703,0.6933,0.5313,0.9375,3855,0.0625,84.88,110.4,9.63e-06,0.05311,0.9797,0.9905,0.004174,0.4289,0,0.01913,1.784,1.626,0.4375,0.8179,-0.1273,0
704,0.5859,0.4241,0.9509,4280,0.04911,84.88,124.7,9.63e-06,0.03673,0.9839,0.9945,0.002727,0.4545,0,0.01991,1.598,1.515,0.3817,0.7812,-0.1418,0
705,0.5685,0.4062,0.933,3974,0.06696,84.88,109.2,9.63e-06,0.03474,0.9854,0.9952,0.002391,0.4749,0,0.02229,1.568,1.504,0.381,0.8194,-0.122,0
706,0.6252,0.4688,0.933,4357,0.06696,84.93,112.6,9.63e-06,0.04706,0.9829,0.9927,0.003301,0.3895,0,0.02147,1.656,1.547,0.4026,0.8312,-0.1508,0
707,0.6896,0.5045,0.9866,3441,0.01339,84.93,107.4,9.63e-06,0.09236,0.9726,0.9821,0.006757,0.4364,0,0.02157,1.758,1.537,0.4022,1.421,-0.06098,0
708,0.8117,0.6339,0.9821,3844,0.01786,84.41,114.6,9.63e-06,0.03713,0.9849,0.9947,0.002521,0.4071,0,0.01987,1.526,1.466,0.3574,0.9164,-0.09311,0
709,0.6661,0.5045,0.9464,4337,0.05357,84.41,92.44,9.63e-06,0.02413,0.9882,0.9981,0.001499,0.4137,0,0.01979,1.509,1.475,0.3587,0.8604,-0.1382,0
710,0.7749,0.6071,0.9464,3823,0.05804,84.41,110.3,9.62e-06,0.02819,0.9882,0.997,0.001617,0.3862,0,0.02114,1.41,1.372,0.2967,0.9457,-0.1078,0
711,0.821,0.6295,0.9866,3107,0.01339,84.41,92.81,9.62e-06,0.03721,0.9856,0.9964,0.002136,0.3447,0,0.02416,1.518,1.44,0.3421,0.8438,-0.02903,0
712,0.9022,0.7366,0.9375,2998,0.0625,84.41,105.5,9.62e-06,0.08783,0.9701,0.9815,0.007599,0.39,0,0.01826,1.769,1.515,0.3711,0.8236,-0.1097,0
713,0.8014,0.6071,0.9955,2336,0.004464,84.41,87.73,9.62e-06,0.03983,0.9866,0.9953,0.002042,0.3579,0,0.01863,1.339,1.284,0.2396,0.8434,-0.02406,0
714,0.8055,0.6116,0.9911,2783,0.008929,84.41,92.51,9.62e-06,0.03387,0.9867,0.9964,0.001752,0.4343,0,0.02052,1.472,1.421,0.3241,0.8253,-0.02182,0
715,0.9678,0.7812,0.9777,2609,0.02232,84.41,101.3,9.62e-06,0.03226,0.9877,0.9976,0.001561,0.3461,0,0.0188,1.372,1.331,0.2678,0.7575,-0.04474,0
716,0.9176,0.7634,0.9219,3245,0.07589,84.41,107.9,9.62e-06,0.02666,0.9885,0.998,0.001511,0.3833,0,0.02011,1.384,1.348,0.2814,0.7588,-0.1508,0
717,0.842,0.6652,0.9665,3534,0.03571,84.41,100.8,9.62e-06,0.05183,0.9806,0.9906,0.004006,0.4349,0,0.01813,1.614,1.482,0.3649,0.7677,-0.0825,0
718,0.7754,0.5938,0.9732,3063,0.02679,84.41,124.7,9.62e-06,0.03283,0.987,0.9971,0.001806,0.3515,0,0.01897,1.437,1.393,0.314,0.5773,-0.0649,0
719,0.7612,0.5714,0.9866,3227,0.01339,85.29,99.27,9.61e-06,0.09493,0.9675,0.9772,0.008525,0.2685,0,0.01926,1.921,1.613,0.4358,0.7856,-0.03793,0
720,0.6507,0.4598,0.9955,3019,0.004464,85.29,102.4,9.61e-06,0.07979,0.9721,0.9822,0.00716,0.2932,0,0.02852,1.81,1.584,0.4267,0.5018,-0.04115,0
721,0.7069,0.5179,0.9821,2898,0.01786,85.29,113.7,9.61e-06,0.09354,0.9679,0.9814,0.008647,0.3372,0,0.0324,1.921,1.649,0.4583,0.4849,-0.037,0
722,0.6325,0.4643,0.9397,3872,0.05804,85.29,116.2,9.61e-06,0.02367,0.9867,0.9974,0.001977,0.3451,0,0.02068,1.514,1.479,0.3757,0.7532,-0.0988,0
723,0.6938,0.5357,0.9353,3922,0.0625,85.29,112.7,9.61e-06,0.02431,0.9882,0.9981,0.001747,0.3522,0,0.02129,1.497,1.462,0.3586,0.7651,-0.1446,0
724,0.7575,0.5714,0.9821,3334,0.01786,85.29,107.7,9.61e-06,0.05421,0.9801,0.9904,0.004381,0.2927,0,0.01415,1.612,1.48,0.3596,1.292,-0.05171,0
725,0.8447,0.6875,0.9196,3595,0.08036,85.29,117.8,9.61e-06,0.0472,0.9815,0.9924,0.003982,0.3476,0,0.02636,1.586,1.474,0.3617,1.261,-0.1336,0
726,0.6498,0.4687,0.9665,3155,0.03125,85.29,70.17,9.61e-06,0.04929,0.9796,0.9902,0.005159,0.3353,0,0.01472,1.603,1.463,0.3378,0.5186,-0.06124,0
727,0.6247,0.4598,0.9464,4003,0.05357,85.29,97.6,9.61e-06,0.02305,0.9885,0.9972,0.001926,0.3601,0,0.01812,1.372,1.341,0.2803,0.8876,-0.1222,0
728,0.677,0.5134,0.9554,4808,0.04464,85.29,127,9.6e-06,0.01814,0.9879,0.9971,0.00183,0.423,0,0.02151,1.486,1.459,0.3631,0.9164,-0.1371,0
729,0.6229,0.4554,0.9509,3970,0.04911,85.29,86.23,9.6e-06,0.02334,0.9885,0.9976,0.001758,0.4498,0,0.02153,1.444,1.411,0.3365,0.7231,-0.1133,0
730,0.5112,0.3348,0.9643,3943,0.03571,85.29,92.28,9.6e-06,0.02665,0.987,0.9968,0.002212,0.3683,0,0.01786,1.433,1.386,0.3138,0.8842,-0.08225,0
731,0.6334,0.4598,0.9643,3553,0.03571,85.29,86.13,9.6e-06,0.05509,0.9773,0.9884,0.004713,0.3336,0,0.01909,1.781,1.627,0.4597,1.147,-0.09616,0
732,0.8328,0.6473,0.9866,3451,0.01339,85.29,75.9,9.6e-06,0.02324,0.9894,0.998,0.001395,0.3546,0,0.02424,1.399,1.367,0.3033,0.8624,-0.05909,0
733,0.835,0.6875,0.8973,3515,0.1027,85.29,86.44,9.6e-06,0.03756,0.9862,0.9946,0.00234,0.4553,0,0.01799,1.499,1.428,0.344,0.7051,-0.1597,0
734,0.8948,0.7232,0.9509,3406,0.04911,85.29,108.7,9.6e-06,0.03441,0.9859,0.9954,0.002381,0.4358,0,0.02226,1.495,1.433,0.3492,0.8537,-0.09291,0
735,0.8155,0.6473,0.9375,3755,0.0625,85.29,106.5,9.6e-06,0.03366,0.9871,0.9959,0.00254,0.2907,0,0.01517,1.449,1.373,0.2956,0.5397,-0.0965,0
736,0.7556,0.6071,0.8884,3396,0.1116,85.29,87.61,9.6e-06,0.0702,0.977,0.9865,0.005451,0.4496,0,0.01719,1.733,1.533,0.3957,0.7385,-0.1459,0
737,0.8028,0.6384,0.9375,3627,0.0625,85.29,81.73,9.6e-06,0.05614,0.9796,0.9885,0.004734,0.4051,0,0.0176,1.72,1.56,0.4145,1.311,-0.1155,0
738,0.8354,0.6562,0.9754,3847,0.02679,85.29,116.7,9.59e-06,0.02612,0.9857,0.9964,0.002305,0.4114,0,0.01799,1.575,1.533,0.4133,0.4993,-0.07963,0
739,0.9235,0.7455,0.9754,3863,0.02232,81.89,90.3,9.59e-06,0.02147,0.9885,0.9983,0.001713,0.353,0,0.02084,1.47,1.44,0.35,1.079,-0.08581,0
740,0.7325,0.5536,0.9866,4173,0.01339,81.89,113,9.59e-06,0.0243,0.9865,0.9972,0.00215,0.3631,0,0.01751,1.556,1.521,0.4046,1.148,-0.09173,0
741,0.6795,0.4955,0.9911,3962,0.008929,81.89,112.1,9.59e-06,0.07661,0.9704,0.9826,0.007602,0.3809,0,0.01995,1.962,1.733,0.5171,1.186,-0.07111,0
742,0.6816,0.4911,0.9955,3758,0.004464,81.89,102.9,9.59e-06,0.03418,0.9858,0.9957,0.002344,0.3302,0,0.02314,1.601,1.548,0.4181,1.111,-0.04284,0
743,0.848,0.6741,0.9576,3641,0.04018,85.55,114.1,9.59e-06,0.02555,0.9873,0.9974,0.001865,0.3762,0,0.01875,1.542,1.496,0.3839,1.076,-0.08818,0
744,1.019,0.8259,0.9955,3089,0,85.55,101.6,9.59e-06,0.02757,0.9885,0.9979,0.001462,0.2813,0,0.01469,1.508,1.463,0.3631,1.131,-0.03167,0
745,1.013,0.8214,0.9933,2949,0.008929,85.55,112.7,9.59e-06,0.03499,0.9864,0.9966,0.001945,0.3113,0,0.01942,1.451,1.4,0.3335,1.046,-0.03714,0
746,0.8653,0.6696,0.9955,2647,0,85.55,97.86,9.59e-06,0.03096,0.9857,0.9964,0.002188,0.3107,0,0.01482,1.509,1.463,0.368,1.008,-0.01746,0
747,0.9388,0.7455,0.9933,2750,0.004464,85.55,99.3,9.58e-06,0.05726,0.9794,0.9891,0.004672,0.3626,0,0.02448,1.683,1.545,0.4061,0.9019,-0.02716,0
748,0.9849,0.7902,1,2909,0,85.55,92.34,9.58e-06,0.02536,0.9874,0.9985,0.001827,0.3953,0,0.01912,1.532,1.495,0.3878,0.9235,-0.02654,0
749,0.8571,0.6696,0.9911,3875,0.008929,85.55,110.6,9.58e-06,0.0241,0.9868,0.9973,0.00156,0.4161,0,0.01909,1.695,1.643,0.4795,0.9269,-0.05379,0
750,0.9682,0.7723,1,2874,0,85.55,97,9.58e-06,0.03457,0.9879,0.997,0.001412,0.3016,0,0.01451,1.537,1.491,0.3837,0.7585,-0.02047,0
751,0.9389,0.7455,0.9866,2579,0.008929,85.55,94,9.58e-06,0.05802,0.9832,0.9942,0.002848,0.383,0,0.01829,1.623,1.532,0.4178,0.5704,-0.01993,0
752,0.6199,0.4286,0.9888,3583,0.008929,85.55,104.3,9.58e-06,0.02547,0.988,0.9977,0.001468,0.3229,0,0.0215,1.54,1.502,0.4005,0.6966,-0.03216,0
753,0.9197,0.7277,0.9911,2787,0.008929,85.55,104,9.58e-06,0.03796,0.986,0.9967,0.002361,0.3398,0,0.01579,1.502,1.448,0.3699,0.5933,-0.03076,0
754,0.8083,0.6116,1,3243,0,85.55,104.3,9.58e-06,0.02301,0.9883,0.998,0.001247,0.2445,0,0.02216,1.5,1.467,0.3745,0.7978,-0.01656,0
755,0.6811,0.4911,0.9866,2933,0.01339,85.55,98.75,9.58e-06,0.06664,0.9691,0.9854,0.007917,0.3244,0,0.01611,1.954,1.76,0.5226,1.902,-0.03649,0
756,0.7912,0.5982,0.9933,2613,0.004464,85.55,94.93,9.57e-06,0.05063,0.9768,0.9919,0.005274,0.2829,0,0.01251,1.677,1.553,0.4081,1.411,-0.02844,0
757,0.8452,0.6518,0.9955,2942,0,85.55,98.57,9.57e-06,0.06978,0.9704,0.9849,0.006986,0.3219,0,0.0164,1.857,1.654,0.465,1.88,-0.02867,0
758,0.7963,0.6027,0.9911,2878,0.004464,85.55,99.98,9.57e-06,0.03136,0.984,0.9964,0.002708,0.4124,0,0.01911,1.616,1.56,0.4107,1.083,-0.02296,0
759,0.734,0.5357,1,2442,0,85.55,66.25,9.57e-06,0.06833,0.9688,0.9857,0.007817,0.3857,0,0.02,1.876,1.665,0.4562,1.605,-0.008543,0
760,0.7709,0.5759,0.9955,2935,0.004464,85.55,82.45,9.57e-06,0.067,0.9703,0.9843,0.007304,0.3696,0,0.02086,1.77,1.598,0.4483,0.7457,-0.02036,0
761,0.6886,0.4955,0.9933,3222,0.004464,85.55,92.4,9.57e-06,0.02419,0.9849,0.9974,0.002626,0.3744,0,0.02028,1.399,1.367,0.302,1.027,-0.02786,0
762,0.6388,0.442,0.9955,2629,0.004464,85.55,98.94,9.57e-06,0.04399,0.9798,0.9939,0.004282,0.408,0,0.01641,1.576,1.487,0.3714,0.8225,-0.01119,0
763,0.7538,0.5625,0.9911,2721,0.008929,85.55,105.1,9.57e-06,0.03769,0.9828,0.9953,0.002886,0.3828,0,0.01815,1.491,1.427,0.342,0.926,-0.03482,0
764,0.9479,0.7545,0.9955,2719,0.004464,85.55,72.97,9.57e-06,0.04805,0.9799,0.9955,0.004199,0.383,0,0.02283,1.591,1.493,0.3715,0.7801,-0.02823,0
765,0.8091,0.6161,0.9888,2784,0.008929,85.55,91.66,9.56e-06,0.03425,0.9821,0.9956,0.00305,0.4589,0,0.01871,1.555,1.486,0.372,0.8944,-0.02362,0
766,0.7742,0.5804,1,2846,0,85.55,104,9.56e-06,0.063,0.9744,0.9896,0.005521,0.398,0,0.01926,1.82,1.646,0.4613,0.8097,-0.03075,0
767,0.8137,0.6205,0.9911,2862,0.008929,85.55,104.3,9.56e-06,0.04189,0.9801,0.9942,0.00365,0.4616,0,0.01989,1.604,1.509,0.386,0.7651,-0.02506,0
768,0.7512,0.558,0.9866,3197,0.01339,85.55,89.88,9.56e-06,0.02955,0.9818,0.997,0.003007,0.429,0,0.02102,1.625,1.578,0.4399,0.9728,-0.02085,0
769,0.6858,0.4911,0.9955,3214,0.004464,85.55,110.3,9.56e-06,0.02707,0.9799,0.9967,0.003521,0.4281,0,0.02052,1.66,1.611,0.4618,0.9895,-0.02172,0
770,0.6632,0.4643,1,3149,0,85.55,92.25,9.56e-06,0.03229,0.9801,0.995,0.003635,0.4176,0,0.01993,1.705,1.642,0.4715,1.017,-0.005382,0
771,0.665,0.4688,1,2827,0,85.55,78.06,9.56e-06,0.04149,0.9785,0.9942,0.003985,0.3832,0,0.0196,1.74,1.648,0.4612,0.9576,-0.0185,0
772,0.716,0.5179,1,3116,0,84.94,97.02,9.56e-06,0.03211,0.9779,0.9956,0.004276,0.4317,0,0.02037,1.591,1.542,0.4191,1.217,-0.00912,0
773,0.8026,0.6027,1,2383,0,84.94,91.09,9.56e-06,0.04474,0.975,0.9942,0.004855,0.4292,0,0.01637,1.628,1.561,0.428,1.2,-0.0002071,0
774,0.9542,0.7545,1,2085,0,84.94,76.71,9.55e-06,0.03625,0.977,0.9953,0.004681,0.4009,0,0.0178,1.529,1.476,0.38,1.113,-0.001114,0
775,0.9517,0.7545,1,2582,0,84.94,107.6,9.55e-06,0.03506,0.98,0.9956,0.004142,0.3404,0,0.02507,1.427,1.378,0.3118,1.09,-0.01379,0
776,1.017,0.817,1,1837,0,84.94,74.08,9.55e-06,0.04647,0.9782,0.9948,0.004736,0.3511,0,0.02111,1.44,1.377,0.3056,1.031,0,0
777,1.017,0.817,1,2430,0,84.94,82.7,9.55e-06,0.04349,0.9732,0.9924,0.005649,0.3517,0,0.01975,1.603,1.536,0.4172,1.165,-0.000558,0
778,0.896,0.6964,1,2169,0,84.94,108.8,9.55e-06,0.03719,0.9789,0.9969,0.003677,0.3617,0,0.01831,1.589,1.53,0.3944,0.4488,-0.002352,0
779,0.9672,0.7679,1,1969,0,84.94,85.12,9.55e-06,0.03736,0.9809,0.9958,0.003088,0.3101,0,0.01763,1.472,1.419,0.3342,0.7968,-0.003154,0
780,0.8503,0.6518,1,2675,0,84.94,87.29,9.55e-06,0.03058,0.9806,0.9966,0.00314,0.4101,0,0.02272,1.555,1.507,0.3959,0.9125,-0.007486,0
781,0.9188,0.7188,1,1516,0,84.94,56.05,9.55e-06,0.07496,0.9722,0.9877,0.006149,0.3864,0,0.01847,1.686,1.531,0.4111,0.5656,0,0
782,0.7958,0.5982,1,3051,0,84.94,117,9.55e-06,0.03058,0.9792,0.9956,0.003173,0.4213,0,0.02442,1.715,1.663,0.4812,0.9043,-0.0123,0
783,0.819,0.6205,0.9978,2122,0,84.94,93.18,9.54e-06,0.05514,0.9724,0.9908,0.006342,0.2889,0,0.01737,1.695,1.571,0.4224,1.401,-0.005242,0
784,0.8196,0.6205,0.9978,2073,0,84.94,89.29,9.54e-06,0.07069,0.9659,0.9859,0.008378,0.3267,0,0.01757,1.926,1.728,0.4982,1.967,-0.002326,0
785,0.7933,0.5938,0.9978,1701,0,84.94,66.46,9.54e-06,0.04543,0.9766,0.9955,0.004689,0.3677,0,0.01719,1.565,1.496,0.3836,0.8006,0,0
786,0.8562,0.6562,1,1910,0,84.94,74.39,9.54e-06,0.08022,0.9627,0.9833,0.008794,0.3591,0,0.01753,1.93,1.728,0.511,1.867,-4.142e-05,0
787,0.8283,0.6295,1,2253,0,84.94,85.61,9.54e-06,0.05615,0.9732,0.9898,0.006719,0.3673,0,0.01707,1.618,1.49,0.3656,1.266,-0.005951,0
788,0.6731,0.4732,1,2193,0,84.94,56.85,9.54e-06,0.04183,0.9821,0.9945,0.003707,0.3977,0,0.01854,1.391,1.336,0.2789,0.8226,-0.0006692,0
789,0.8295,0.6295,1,2076,0,84.94,83.21,9.54e-06,0.04207,0.9783,0.9946,0.004197,0.4039,0,0.02476,1.587,1.522,0.4023,0.7753,0,0
790,0.6949,0.4955,1,2638,0,84.94,84.16,9.54e-06,0.03045,0.985,0.9969,0.00267,0.3964,0,0.01826,1.386,1.346,0.2839,1.025,-0.002973,0
791,0.7665,0.567,1,2237,0,84.94,93.42,9.53e-06,0.05839,0.9827,0.9923,0.003111,0.4265,0,0.01854,1.413,1.33,0.2785,0.812,-0.00225,0
792,0.7383,0.5446,1,2918,0,84.94,84.46,9.53e-06,0.03945,0.9828,0.9959,0.002888,0.3743,0,0.02163,1.568,1.497,0.3786,0.801,-0.03179,0
793,0.7785,0.5848,0.9911,2680,0.008929,84.94,99.3,9.53e-06,0.06025,0.9775,0.9876,0.004506,0.4299,0,0.02578,1.623,1.491,0.3807,0.7506,-0.02257,0
794,0.8907,0.692,1,2469,0,84.94,71.33,9.53e-06,0.06295,0.9751,0.9903,0.005457,0.4115,0,0.02185,1.845,1.674,0.4567,0.7153,-0.006435,0
795,0.8411,0.6429,1,2457,0,84.94,87.2,9.53e-06,0.05526,0.9804,0.9917,0.00405,0.439,0,0.01944,1.616,1.482,0.359,0.7921,-0.008765,0
796,0.8043,0.6071,0.9955,2348,0.004464,84.94,68.11,9.53e-06,0.04093,0.9848,0.9962,0.002779,0.3675,0,0.01855,1.473,1.395,0.3065,0.6586,-0.009504,0
797,0.7391,0.5402,1,2772,0,84.94,76.73,9.53e-06,0.04032,0.9793,0.9943,0.004021,0.3505,0,0.01977,1.735,1.649,0.4812,0.939,-0.005406,0
798,0.7975,0.5982,0.9978,2017,0,84.94,56.98,9.53e-06,0.05635,0.9816,0.9928,0.003488,0.3526,0,0.03131,1.595,1.488,0.3598,1.018,-0.00133,0
799,0.7384,0.5402,0.9978,2902,0,84.94,106.4,9.53e-06,0.04179,0.9778,0.9925,0.004461,0.4428,0,0.03139,1.676,1.589,0.4364,0.8908,-0.006814,0
800,0.7214,0.5223,0.9978,2425,0,84.94,85.8,9.52e-06,0.06424,0.9729,0.9878,0.0064,0.3966,0,0.01719,1.724,1.594,0.4531,0.8572,-0.002483,0
801,0.825,0.625,1,1976,0,84.94,75.57,9.52e-06,0.06696,0.9759,0.9887,0.005394,0.3969,0,0.01795,1.718,1.596,0.3951,1.152,0,0
802,0.7223,0.5223,1,2059,0,84.94,69.63,9.52e-06,0.07816,0.9722,0.9878,0.005831,0.4362,0,0.01699,2.065,1.887,0.5221,1.405,0,0
803,0.6688,0.4688,1,2406,0,84.94,72.07,9.52e-06,0.07789,0.9708,0.9855,0.00667,0.4629,0,0.01789,1.819,1.67,0.5,0.974,0,0
804,0.642,0.442,1,2137,0,84.94,72.1,9.52e-06,0.0857,0.9699,0.9855,0.007322,0.4436,0,0.01497,1.928,1.726,0.4923,1.471,0,0
805,0.7769,0.5804,0.9933,3182,0.004464,84.94,108.8,9.52e-06,0.01862,0.9891,0.9985,0.001419,0.4494,0,0.01795,1.371,1.346,0.2861,0.5604,-0.01038,0
806,0.8777,0.6786,1,2401,0,84.94,84.93,9.52e-06,0.03149,0.9869,0.9956,0.002348,0.3556,0,0.01824,1.349,1.305,0.2581,0.5708,-0.00448,0
807,0.8416,0.6429,1,2490,0,84.94,91.86,9.52e-06,0.03122,0.9874,0.9978,0.001997,0.3832,0,0.01875,1.393,1.352,0.2808,0.6093,-0.006407,0
808,0.7465,0.5491,0.9978,2860,0,84.94,91.69,9.51e-06,0.06368,0.9753,0.9849,0.005532,0.396,0,0.0219,1.637,1.499,0.4035,0.7824,-0.01096,0
809,0.9762,0.7768,1,1844,0,65.41,75.34,9.51e-06,0.05773,0.9724,0.9883,0.006608,0.3452,0,0.01448,1.646,1.539,0.4328,0.9672,-0.002757,0
810,0.8071,0.6071,1,1667,0,65.41,70.88,9.51e-06,0.07638,0.9694,0.9875,0.007317,0.3947,0,0.01714,1.985,1.784,0.5169,0.8594,0,0
811,0.9763,0.7768,1,2189,0,65.41,81,9.51e-06,0.03385,0.9842,0.9959,0.002259,0.3177,0,0.02133,1.528,1.479,0.3801,0.8944,-0.002531,0
812,1.003,0.8036,1,2041,0,65.41,79.24,9.51e-06,0.02941,0.9854,0.9976,0.002173,0.3699,0,0.01687,1.545,1.501,0.3888,0.8978,-0.0008283,0
813,0.851,0.6518,1,2139,0,65.41,118.7,9.51e-06,0.1052,0.9646,0.9793,0.008852,0.3612,0,0.01846,2.04,1.776,0.5358,1.098,-0.004116,0
814,0.8518,0.6518,1,2501,0,65.41,85.34,9.51e-06,0.05281,0.9749,0.99,0.005656,0.3805,0,0.02194,1.695,1.598,0.4537,0.64,0,0
815,0.721,0.5223,0.9955,1948,0,65.41,77.22,9.51e-06,0.07571,0.9711,0.9888,0.007155,0.3142,0,0.01241,1.851,1.685,0.4982,0.5406,-0.00238,0
816,0.7389,0.5402,0.9978,2952,0,65.41,87.98,9.51e-06,0.06086,0.9704,0.9845,0.007291,0.3963,0,0.02667,1.871,1.725,0.5419,1.419,-0.003919,0
817,0.783,0.5848,0.9933,1850,0,65.41,77.66,9.5e-06,0.05917,0.9751,0.9917,0.005196,0.3449,0,0.01393,1.864,1.734,0.5158,1.008,-0.002568,0
818,0.6941,0.4955,1,2637,0,65.41,90.59,9.5e-06,0.05669,0.9759,0.9914,0.005965,0.3335,0,0.01672,1.813,1.675,0.4902,1.49,-0.00739,0
819,0.8012,0.6027,0.9978,2252,0,78.54,84.96,9.5e-06,0.05504,0.9758,0.9887,0.005625,0.3459,0,0.01479,1.744,1.619,0.4552,1.315,-0.005341,0
820,0.6784,0.4821,0.9933,2671,0,78.54,70.51,9.5e-06,0.04699,0.9793,0.9921,0.004596,0.3633,0,0.016,1.729,1.614,0.4499,1.555,-0.01208,0
821,0.6524,0.4554,0.9933,2494,0.004464,78.54,73.8,9.5e-06,0.04687,0.9782,0.9918,0.00499,0.4052,0,0.01902,1.808,1.689,0.4911,0.8906,-0.007974,0
822,0.6984,0.5,0.9955,2501,0,78.54,61.49,9.5e-06,0.04693,0.9809,0.9922,0.004186,0.4077,0,0.02138,1.635,1.543,0.4247,0.9738,-0.00369,0
823,0.7701,0.5714,1,2390,0,83.43,86.69,9.5e-06,0.04536,0.9814,0.9929,0.004202,0.4053,0,0.02031,1.615,1.525,0.4043,0.4691,-0.006533,0
824,0.6525,0.4554,0.9955,2447,0.004464,83.43,70.98,9.5e-06,0.04387,0.9855,0.9947,0.002945,0.4116,0,0.01466,1.455,1.392,0.3217,0.9349,-0.00977,0
825,0.751,0.5536,1,2302,0,83.43,98.76,9.49e-06,0.03387,0.9873,0.9965,0.002281,0.4646,0,0.01532,1.445,1.395,0.3192,0.4129,-0.01277,0
826,0.5945,0.4063,0.9911,3423,0.008929,84.91,89.63,9.49e-06,0.04098,0.9806,0.9918,0.0045,0.3721,0,0.02199,1.73,1.623,0.4592,1.051,-0.04962,0
827,0.8164,0.625,0.9866,2597,0.01339,84.91,87.53,9.49e-06,0.04609,0.9817,0.9936,0.003548,0.4393,0,0.01567,1.754,1.633,0.4341,0.8676,-0.0295,0
828,0.7969,0.6027,0.9888,2813,0.004464,84.91,77.66,9.49e-06,0.06078,0.9794,0.9912,0.004733,0.3921,0,0.01715,1.755,1.607,0.4413,0.8637,-0.01778,0
829,0.7551,0.567,0.9777,2431,0.02232,84.91,69.26,9.49e-06,0.06353,0.9764,0.9891,0.005054,0.4142,0,0.01754,1.918,1.744,0.5009,1.002,-0.03722,0
830,0.7723,0.5804,0.9866,2351,0.01339,84.91,88.92,9.49e-06,0.07397,0.9667,0.9855,0.009272,0.4352,0,0.01581,2.146,1.921,0.6044,1.538,-0.02677,0
831,0.8129,0.6205,0.9866,3016,0.01339,84.91,97.22,9.49e-06,0.0457,0.982,0.9936,0.003699,0.382,0,0.01882,1.796,1.673,0.4658,0.9484,-0.02477,0
832,0.6623,0.4643,0.9978,2382,0,84.91,57.37,9.49e-06,0.05691,0.9779,0.9908,0.005174,0.4374,0,0.01772,1.781,1.667,0.4661,0.8259,-0.00747,0
833,0.6795,0.4821,0.9978,2916,0,84.91,88.11,9.48e-06,0.06189,0.9719,0.9858,0.006885,0.4237,0,0.01843,2.024,1.864,0.6007,1.118,-0.01107,0
834,0.7017,0.5045,0.9978,2913,0,84.91,101.9,9.48e-06,0.05888,0.9734,0.9876,0.006366,0.3917,0,0.01793,1.954,1.805,0.5712,1.013,-0.01144,0
835,0.6896,0.4911,0.9978,2439,0,84.91,45.19,9.48e-06,0.04702,0.9796,0.9924,0.004157,0.3549,0,0.01372,1.774,1.671,0.484,0.8227,-0.005354,0
836,0.7028,0.5045,0.9955,2429,0,84.91,82.5,9.48e-06,0.04832,0.9794,0.9904,0.00455,0.4047,0,0.01731,1.773,1.662,0.4778,0.8016,-0.004052,0
837,0.7206,0.5223,0.9978,2520,0,84.91,79.35,9.48e-06,0.06538,0.9776,0.9886,0.004551,0.4131,0,0.02022,2.019,1.873,0.5607,1.164,-0.006463,0
838,0.7223,0.5223,1,1509,0,84.91,67.17,9.48e-06,0.1208,0.9568,0.975,0.01124,0.4226,0,0.01416,2.593,2.238,0.6962,2.259,-0.0002703,0
839,0.642,0.442,1,1408,0,84.91,67.91,9.48e-06,0.1344,0.9625,0.9754,0.009332,0.3733,0,0.01184,2.318,1.98,0.5661,2.138,0,0
840,0.832,0.6339,0.9933,2164,0,84.91,89.32,9.48e-06,0.0866,0.9723,0.9846,0.006594,0.3815,0,0.01408,2.048,1.855,0.5331,1.47,-0.002799,0
841,0.7683,0.5759,0.9866,2302,0.01339,84.91,90.51,9.48e-06,0.0838,0.9703,0.9857,0.007754,0.425,0,0.01383,1.96,1.754,0.5258,0.9025,-0.02468,0
842,0.8661,0.6741,0.9911,2686,0.008929,84.91,91.75,9.47e-06,0.0385,0.9826,0.9934,0.003854,0.4011,0,0.01528,1.532,1.458,0.3639,0.7955,-0.03098,0
843,0.8683,0.6696,1,2454,0,70.68,94.09,9.47e-06,0.02637,0.9869,0.997,0.002062,0.3525,0,0.01801,1.537,1.499,0.3976,1.012,-0.006932,0
844,0.999,0.7991,1,2605,0,70.68,112.1,9.47e-06,0.026,0.9861,0.9971,0.002128,0.3635,0,0.02081,1.564,1.525,0.4138,0.9998,-0.0007106,0
845,0.7917,0.5938,1,2910,0,70.68,88.78,9.47e-06,0.04124,0.9823,0.9955,0.003081,0.3973,0,0.0168,1.849,1.761,0.5456,0.9052,-0.01003,0
846,0.8191,0.6205,1,2878,0,78.76,88.2,9.47e-06,0.04032,0.9843,0.9945,0.002955,0.3501,0,0.0155,1.563,1.495,0.3983,0.9218,-0.00703,0
847,0.7526,0.5536,0.9955,3013,0,78.76,78.87,9.47e-06,0.04234,0.9829,0.9945,0.003567,0.4305,0,0.01877,1.651,1.574,0.447,0.7751,-0.0005057,0
848,0.7148,0.5268,0.9844,3512,0.01786,78.76,111.9,9.47e-06,0.05709,0.9787,0.9893,0.004587,0.4356,0,0.01851,1.816,1.686,0.5276,0.8784,-0.04418,0
849,0.7347,0.5357,1,2106,0,78.76,82.71,9.47e-06,0.0488,0.9789,0.9926,0.004505,0.3541,0,0.01461,1.743,1.643,0.4717,1.217,-0.004977,0
850,0.7604,0.567,0.9955,2412,0.004464,78.76,102.4,9.46e-06,0.0698,0.9699,0.9871,0.007042,0.3649,0,0.01591,2.016,1.827,0.569,1.956,-0.0283,0
851,0.6985,0.5,1,2382,0,78.76,84.39,9.46e-06,0.06035,0.9725,0.9878,0.00657,0.2837,0,0.01765,1.943,1.771,0.5349,1.973,-0.007507,0
852,0.7696,0.5714,0.9978,2154,0,78.76,74.07,9.46e-06,0.08436,0.9665,0.9828,0.00895,0.3477,0,0.0143,1.959,1.738,0.5164,1.508,-0.006999,0
853,0.7465,0.5491,1,2424,0,78.76,50,9.46e-06,0.07897,0.9751,0.9862,0.006124,0.3838,0,0.014,1.71,1.546,0.4217,0.8572,-0.01314,0
854,0.7452,0.5491,0.9911,2367,0.004464,78.76,95.35,9.46e-06,0.06679,0.9786,0.9887,0.004462,0.3882,0,0.01376,1.655,1.516,0.3992,1.046,-0.01083,0
855,0.6003,0.4062,0.9933,3398,0.008929,78.76,94.2,9.46e-06,0.03204,0.9859,0.9961,0.002458,0.411,0,0.01883,1.564,1.509,0.3947,1.192,-0.02283,0
856,0.7914,0.5938,0.9978,2824,0,78.76,64.93,9.46e-06,0.06003,0.9772,0.9866,0.004949,0.3875,0,0.01755,1.608,1.497,0.3963,0.7508,-0.009301,0
857,0.5992,0.4062,0.9955,3328,0.004464,84.46,96.23,9.46e-06,0.02841,0.986,0.9968,0.002152,0.385,0,0.01821,1.575,1.532,0.403,1.121,-0.03084,0
858,0.7669,0.5759,0.9955,2834,0.004464,84.46,69.75,9.45e-06,0.03559,0.9826,0.9965,0.002968,0.4215,0,0.01867,1.615,1.555,0.422,1.159,-0.04032,0
859,0.748,0.5536,0.9955,2858,0.004464,84.46,91.58,9.45e-06,0.09656,0.9649,0.9797,0.009514,0.3864,0,0.02019,2.093,1.792,0.5151,1.008,-0.02351,0
860,0.8463,0.6607,0.9821,3264,0.01786,84.46,134.9,9.45e-06,0.0611,0.9762,0.9895,0.005854,0.3986,0,0.02184,1.775,1.596,0.407,0.8557,-0.05432,0
861,0.7897,0.6027,0.9821,2617,0.01786,84.46,105.3,9.45e-06,0.1002,0.9598,0.9786,0.01075,0.4708,0,0.0164,2.259,1.94,0.5854,0.7881,-0.04706,0
862,0.8427,0.6518,0.9911,3271,0.01339,84.93,97.22,9.45e-06,0.06813,0.9761,0.9893,0.005711,0.4099,0,0.02069,1.9,1.689,0.4649,0.7765,-0.03655,0
863,0.7232,0.5312,0.9866,3416,0.008929,84.93,104.3,9.45e-06,0.04969,0.9816,0.99,0.003642,0.4252,0,0.03624,1.651,1.546,0.4129,0.9342,-0.02707,0
864,0.833,0.6384,0.9978,3161,0,84.93,96.33,9.45e-06,0.04361,0.9825,0.9919,0.003258,0.3793,0,0.0175,1.555,1.477,0.3675,0.9638,-0.0248,0
865,0.6957,0.5134,0.9732,4431,0.02679,84.93,119.2,9.45e-06,0.04457,0.9823,0.9911,0.003395,0.3784,0,0.01724,1.75,1.64,0.4657,0.9806,-0.06157,0
866,0.5781,0.3839,0.9955,3690,0.004464,84.93,100.3,9.44e-06,0.04702,0.9775,0.9912,0.004846,0.3836,0,0.02285,1.844,1.729,0.5118,0.9434,-0.02479,0
867,0.639,0.4554,0.971,2705,0.02679,84.93,101.7,9.44e-06,0.1129,0.9585,0.9782,0.01025,0.4184,0,0.02023,2.799,2.44,0.7074,1.946,-0.05254,0
868,0.6817,0.4821,1,2005,0,84.93,81.07,9.44e-06,0.1522,0.95,0.9683,0.01472,0.3957,0,0.01797,2.66,2.208,0.6486,1.642,-0.002134,0
869,0.5089,0.3125,1,2337,0,84.93,86.11,9.44e-06,0.1447,0.9534,0.9682,0.01295,0.3662,0,0.02183,2.569,2.138,0.6411,1.906,-0.0182,0
870,0.6339,0.4464,0.9888,2904,0.008929,84.93,103.6,9.44e-06,0.1035,0.9648,0.9791,0.009517,0.3472,0,0.01883,2.381,2.062,0.5507,1.811,-0.05147,0
871,0.9448,0.7455,1,2212,0,84.91,78.92,9.44e-06,0.123,0.9553,0.9708,0.01185,0.3458,0,0.01815,2.052,1.723,0.5061,1.113,-0.003595,0
872,0.7158,0.5179,1,2563,0,84.91,122.7,9.44e-06,0.04568,0.9779,0.9933,0.004476,0.4062,0,0.02159,1.703,1.598,0.4063,0.9769,-0.01012,0
873,0.7714,0.5714,1,2590,0,84.91,87.32,9.44e-06,0.05952,0.9774,0.9919,0.004748,0.3478,0,0.01857,1.587,1.488,0.3781,1.1,-0.0002572,0
874,0.9302,0.7366,0.9955,2798,0.004464,84.91,103,9.43e-06,0.03312,0.9861,0.9962,0.002054,0.3808,0,0.02247,1.458,1.413,0.3304,0.8441,-0.0276,0
875,0.7733,0.5804,0.9911,2906,0.008929,84.91,94.17,9.43e-06,0.02877,0.986,0.9972,0.001999,0.3016,0,0.01635,1.492,1.451,0.3529,0.798,-0.02621,0
876,0.81,0.6116,1,2618,0,84.91,101.1,9.43e-06,0.05828,0.9761,0.9911,0.005755,0.3143,0,0.01906,1.672,1.531,0.3879,0.8049,-0.008231,0
877,0.8809,0.683,1,2431,0,84.91,85.18,9.43e-06,0.08762,0.9623,0.982,0.009545,0.3656,0,0.02196,2.019,1.786,0.5369,0.784,-0.01051,0
878,0.7974,0.6027,1,2448,0,84.91,90.89,9.43e-06,0.1104,0.9631,0.9778,0.009672,0.432,0,0.01612,2.066,1.755,0.5194,0.6876,-0.02654,0
879,0.8,0.6027,1,3063,0,84.91,104.6,9.43e-06,0.03523,0.9816,0.9957,0.002988,0.3277,0,0.01742,1.586,1.519,0.3925,0.6169,-0.01354,0
880,0.7785,0.5893,0.9866,3239,0.01339,84.91,106.7,9.43e-06,0.04977,0.9825,0.9935,0.00296,0.2748,0,0.02333,1.54,1.46,0.3702,0.5867,-0.04035,0
881,0.9129,0.7188,0.9911,3173,0.008929,84.91,94.57,9.43e-06,0.06813,0.9738,0.9874,0.006532,0.3581,0,0.01989,1.782,1.611,0.4418,0.7574,-0.02031,0
882,0.8193,0.6295,0.9844,3779,0.01339,84.91,104.7,9.42e-06,0.02655,0.9853,0.9971,0.002164,0.2568,0,0.02701,1.522,1.475,0.3642,0.8258,-0.03521,0
883,0.8544,0.6607,1,3430,0,84.91,97.09,9.42e-06,0.04869,0.978,0.9909,0.00409,0.27,0,0.01598,1.724,1.602,0.4335,1.317,-0.03149,0
884,0.5447,0.3661,0.9576,3498,0.04464,84.91,104.2,9.42e-06,0.06184,0.9763,0.9906,0.005571,0.3094,0,0.02178,1.909,1.711,0.4668,1.206,-0.0646,0
885,0.6275,0.433,0.9955,2887,0.004464,84.91,92.77,9.42e-06,0.1083,0.9672,0.9785,0.008432,0.2799,0,0.01691,2.002,1.69,0.4446,1.332,-0.0234,0
886,0.5779,0.3929,0.9888,3974,0.008929,84.91,119.8,9.42e-06,0.0275,0.9855,0.9964,0.002397,0.4186,0,0.02202,1.442,1.401,0.32,0.9828,-0.06362,0
887,0.6136,0.4286,0.9777,3163,0.01786,84.91,81.52,9.42e-06,0.03135,0.9833,0.9964,0.002746,0.3959,0,0.01911,1.454,1.408,0.3201,0.8558,-0.05232,0
888,0.7424,0.558,0.9754,3408,0.02232,84.91,82.42,9.42e-06,0.0335,0.9854,0.9967,0.002358,0.3895,0,0.02228,1.479,1.426,0.326,0.6427,-0.05371,0
889,0.6418,0.4464,0.9955,3007,0.004464,84.91,72.63,9.41e-06,0.04328,0.9792,0.993,0.003859,0.4032,0,0.0214,1.583,1.51,0.383,1.043,-0.01857,0
890,0.6306,0.442,0.9821,3302,0.01786,84.91,102.3,9.41e-06,0.03273,0.9839,0.9971,0.002534,0.3851,0,0.02052,1.453,1.406,0.3203,1.039,-0.03886,0
891,0.7954,0.6071,0.9911,3143,0.008929,84.91,102.3,9.41e-06,0.05141,0.9786,0.9919,0.004373,0.391,0,0.02037,1.569,1.45,0.3371,0.7771,-0.04993,0
892,0.8653,0.6786,0.9888,2985,0.01339,84.91,110.7,9.41e-06,0.07694,0.9723,0.9862,0.006142,0.431,0,0.02014,1.779,1.552,0.3791,0.7009,-0.05532,0
893,0.8818,0.6964,0.9866,3430,0.01339,84.91,107.3,9.41e-06,0.06946,0.9748,0.9872,0.005962,0.4339,0,0.02737,1.743,1.539,0.3723,0.6714,-0.05969,0
894,0.9151,0.7321,0.9888,3352,0.008929,84.91,115.5,9.41e-06,0.0762,0.9716,0.9852,0.006946,0.3872,0,0.02319,1.748,1.532,0.3662,0.6669,-0.07392,0
895,0.7361,0.5446,0.9911,3262,0.008929,84.91,103.2,9.41e-06,0.06211,0.9755,0.9899,0.005152,0.4156,0,0.02326,1.753,1.599,0.4139,0.7647,-0.03368,0
896,0.6882,0.4955,0.9911,3462,0.004464,84.91,111.4,9.41e-06,0.08374,0.9706,0.9826,0.007188,0.3665,0,0.02817,1.707,1.526,0.4033,0.8013,-0.02761,0
897,0.641,0.4509,0.9933,3610,0.004464,84.91,110.7,9.4e-06,0.06441,0.9719,0.9874,0.006428,0.3607,0,0.0238,1.771,1.63,0.4544,0.8072,-0.0426,0
898,0.6517,0.4598,0.9978,3149,0,84.91,110.5,9.4e-06,0.09354,0.9639,0.9792,0.009156,0.3899,0,0.02198,1.919,1.691,0.4858,0.8523,-0.03833,0
899,0.799,0.6027,1,3706,0,69.51,92.66,9.4e-06,0.0355,0.9817,0.9956,0.002809,0.3504,0,0.02539,1.565,1.512,0.3841,1.037,-0.01846,0
900,0.732,0.5357,1,3615,0,75.77,106.3,9.4e-06,0.03228,0.9814,0.9962,0.002899,0.39,0,0.02124,1.598,1.55,0.4047,1.085,-0.01847,0
901,0.8732,0.6786,0.9955,3422,0.004464,75.77,102.5,9.4e-06,0.02757,0.9837,0.9969,0.002382,0.3873,0,0.02368,1.514,1.474,0.3581,1.092,-0.02239,0
902,0.8199,0.625,0.9955,2431,0.004464,75.77,119.3,9.4e-06,0.06054,0.9721,0.9901,0.005958,0.3576,0,0.01783,1.735,1.592,0.4165,0.9943,-0.02106,0
903,1.061,0.8616,1,1843,0,75.77,80.4,9.4e-06,0.1421,0.951,0.9693,0.01374,0.3013,0,0.01337,2.157,1.761,0.5037,1.031,-0.002516,0
904,0.7769,0.5804,0.9955,2381,0.004464,75.77,112.8,9.4e-06,0.0864,0.9701,0.9854,0.006525,0.4209,0,0.01895,1.782,1.566,0.3957,0.5357,-0.01274,0
905,0.8227,0.6339,0.9866,2867,0.01339,75.77,144,9.39e-06,0.04107,0.9821,0.9946,0.002502,0.36,0,0.02173,1.653,1.564,0.3916,0.745,-0.04282,0
906,0.86,0.6607,1,2234,0,75.77,97.47,9.39e-06,0.09257,0.9719,0.9836,0.007116,0.3683,0,0.01967,1.633,1.445,0.3557,0.7452,-0.003675,0
907,0.7626,0.567,0.9933,2852,0.004464,75.77,109.4,9.39e-06,0.07418,0.9704,0.9865,0.006675,0.3913,0,0.02175,1.768,1.612,0.4519,0.6467,-0.01504,0
908,0.8129,0.6161,1,3623,0,78.49,98.22,9.39e-06,0.03248,0.9842,0.9964,0.002454,0.3632,0,0.02502,1.606,1.547,0.4027,0.8457,-0.01561,0
909,0.7705,0.5714,1,2636,0,78.49,79.45,9.39e-06,0.121,0.9629,0.9769,0.009656,0.3547,0,0.02044,1.977,1.65,0.4683,0.6802,-0.004501,0
910,0.85,0.6518,1,2812,0,78.49,120.3,9.39e-06,0.04226,0.9795,0.994,0.003821,0.2727,0,0.02109,1.558,1.488,0.3835,0.6244,-0.008918,0
911,0.8098,0.6116,1,2572,0,78.49,91.27,9.39e-06,0.06938,0.9716,0.9877,0.006618,0.3501,0,0.01888,1.719,1.57,0.4196,1.341,-0.00907,0
912,0.7528,0.5536,1,2605,0,78.49,82.17,9.38e-06,0.04813,0.9761,0.9931,0.005056,0.3193,0,0.01627,1.701,1.599,0.4257,0.8449,-0.003908,0
913,0.7562,0.5625,0.9911,3489,0.008929,78.49,98.95,9.38e-06,0.04539,0.9785,0.9915,0.004657,0.3615,0,0.01999,1.679,1.555,0.4026,1.247,-0.02236,0
914,0.6278,0.4375,0.9888,3156,0.01339,78.49,109.7,9.38e-06,0.07861,0.9711,0.984,0.006755,0.3457,0,0.02072,1.772,1.567,0.4006,1.349,-0.03752,0
915,0.6501,0.4598,0.9866,2958,0.01339,84.86,99.7,9.38e-06,0.0907,0.9688,0.9822,0.008319,0.4038,0,0.02037,1.737,1.513,0.3814,0.8151,-0.03542,0
916,0.7322,0.5357,0.9955,3050,0.004464,84.86,68.99,9.38e-06,0.05022,0.9775,0.9914,0.005123,0.3836,0,0.02047,1.603,1.484,0.3602,1.298,-0.01324,0
917,0.7055,0.5268,0.9688,3766,0.03125,84.86,89.38,9.38e-06,0.02174,0.9875,0.9978,0.001861,0.4621,0,0.02329,1.37,1.341,0.2755,0.7409,-0.07495,0
918,0.6613,0.4688,0.9955,3194,0.004464,84.86,66.79,9.38e-06,0.02791,0.9842,0.997,0.002448,0.3372,0,0.01906,1.461,1.421,0.3257,0.9829,-0.03276,0
919,0.5906,0.3973,0.9911,2780,0.008929,84.86,69.33,9.38e-06,0.06146,0.9737,0.9905,0.005801,0.4014,0,0.02127,1.672,1.545,0.4018,1.103,-0.02485,0
920,0.6924,0.5,0.9955,3388,0.004464,84.86,98.35,9.37e-06,0.05206,0.9782,0.9926,0.004603,0.4429,0,0.01929,1.585,1.461,0.3435,0.654,-0.0336,0
921,0.8971,0.7054,0.9911,3148,0.008929,84.86,97.41,9.37e-06,0.09151,0.9674,0.9827,0.008402,0.3683,0,0.02383,1.87,1.6,0.406,0.6136,-0.03258,0
922,0.9557,0.7634,0.9866,2897,0.01339,84.86,98.75,9.37e-06,0.07715,0.9739,0.9887,0.006918,0.3836,0,0.02138,1.678,1.458,0.3153,0.6272,-0.02522,0
923,0.9162,0.7277,0.9821,2972,0.01786,84.86,97.66,9.37e-06,0.1029,0.9641,0.978,0.009756,0.3766,0,0.01627,1.8,1.521,0.3659,0.6174,-0.03976,0
924,0.9147,0.7188,1,2296,0,84.86,58.45,9.37e-06,0.06666,0.9784,0.9891,0.004986,0.3544,0,0.01877,1.507,1.343,0.2423,0.4555,-0.0201,0
925,0.7464,0.558,0.9866,3243,0.01339,84.86,112.1,9.37e-06,0.1056,0.9637,0.9806,0.009965,0.4115,0,0.02652,1.912,1.635,0.4473,0.8064,-0.04461,0
926,0.6441,0.4554,0.9888,4063,0.008929,84.86,103.9,9.37e-06,0.03124,0.9811,0.9951,0.003132,0.3763,0,0.0263,1.58,1.524,0.3892,0.855,-0.04531,0
927,0.6876,0.5,0.9844,3822,0.01786,84.86,110.9,9.36e-06,0.04626,0.9764,0.992,0.004655,0.4348,0,0.02697,1.579,1.497,0.3794,0.7951,-0.04652,0
928,0.75,0.558,0.9933,3348,0.004464,84.86,101.7,9.36e-06,0.07963,0.969,0.9821,0.006843,0.3762,0,0.02208,1.674,1.522,0.4037,0.7888,-0.03367,0
929,0.5536,0.3571,1,2881,0,84.86,88.17,9.36e-06,0.1074,0.9636,0.9793,0.009174,0.4044,0,0.01961,1.917,1.652,0.4645,1.38,-0.01793,0
930,0.6938,0.5,0.9911,2784,0.008929,84.86,94.63,9.36e-06,0.1006,0.9635,0.9811,0.008756,0.4467,0,0.02076,1.999,1.698,0.4276,1.551,-0.02207,0
931,0.4949,0.308,0.9821,2889,0.01786,84.86,126.5,9.36e-06,0.1226,0.958,0.9746,0.01098,0.3394,0,0.02432,2.122,1.766,0.502,1.319,-0.04791,0
932,0.7657,0.5714,1,3673,0,77.85,108.2,9.36e-06,0.03828,0.9815,0.9954,0.002992,0.3006,0,0.02484,1.537,1.482,0.3668,1.026,-0.02854,0
933,0.903,0.7054,1,3224,0,77.85,101.8,9.36e-06,0.03627,0.9807,0.9951,0.003201,0.3347,0,0.02197,1.459,1.407,0.3202,0.7904,-0.01186,0
934,0.8414,0.6429,1,2575,0,77.85,82.19,9.36e-06,0.05692,0.9754,0.9925,0.00458,0.3726,0,0.02004,1.688,1.57,0.3967,0.88,-0.007435,0
935,0.9424,0.7455,1,3035,0,77.85,104.1,9.35e-06,0.07312,0.9739,0.9878,0.006052,0.3733,0,0.02364,1.569,1.42,0.3223,1.01,-0.01593,0
936,0.9567,0.7589,0.9955,2347,0.004464,84.93,129.9,9.35e-06,0.0437,0.9798,0.9942,0.003782,0.1946,0.4286,0.02172,1.406,1.345,0.272,0.854,-0.006655,0
937,0.7701,0.5714,1,2404,0,84.93,82.84,9.35e-06,0.045,0.9781,0.9946,0.004131,0.3286,0,0.02207,1.458,1.393,0.3047,0.6231,-0.006786,0
938,0.9122,0.7143,1,2077,0,84.93,88.61,9.35e-06,0.1514,0.9546,0.9717,0.01326,0.3879,0,0.02145,2.05,1.646,0.4303,0.3526,-0.01059,0
939,0.9895,0.7902,1,2889,0,84.93,87.33,9.35e-06,0.03041,0.981,0.9971,0.002718,0.3095,0,0.02352,1.526,1.476,0.3511,0.6434,-0.003553,0
940,0.8863,0.6875,1,2525,0,84.93,80.14,9.35e-06,0.07299,0.9754,0.988,0.004588,0.3241,0,0.01944,1.51,1.388,0.3104,0.6659,-0.005971,0
941,0.7798,0.5804,1,2431,0,84.93,83.86,9.35e-06,0.0503,0.9782,0.9946,0.003881,0.3677,0,0.02476,1.518,1.447,0.3421,0.6041,-0.002596,0
942,0.7744,0.5759,1,2941,0,84.93,86.29,9.34e-06,0.03277,0.9804,0.9968,0.002936,0.3762,0,0.02187,1.53,1.481,0.3634,0.7078,-0.007287,0
943,0.9134,0.7143,1,2717,0,84.93,104.4,9.34e-06,0.06766,0.9721,0.9877,0.00635,0.3902,0,0.01961,1.618,1.485,0.3626,0.5684,-0.004414,0
944,0.7988,0.6027,1,3075,0,84.93,98.08,9.34e-06,0.02801,0.9822,0.9966,0.002991,0.3444,0,0.02111,1.386,1.347,0.2731,0.6893,-0.01955,0
945,0.7831,0.5848,1,2861,0,84.93,111.7,9.34e-06,0.05456,0.9762,0.9909,0.005463,0.3187,0,0.02116,1.574,1.434,0.3117,0.468,-0.008643,0
946,0.8408,0.6429,1,2577,0,84.93,109.1,9.34e-06,0.06634,0.9714,0.9882,0.00682,0.275,0,0.01904,1.698,1.53,0.3692,1.211,-0.01045,0
947,0.7176,0.5179,1,2934,0,84.93,72.15,9.34e-06,0.06365,0.9721,0.9872,0.006905,0.4071,0,0.02276,1.615,1.458,0.3314,0.7358,-0.001395,0
948,0.6893,0.4911,1,3032,0,84.93,79.86,9.34e-06,0.0415,0.9788,0.9942,0.003867,0.419,0,0.02248,1.545,1.476,0.3553,0.929,-0.008608,0
949,0.6933,0.4955,1,3129,0,84.93,78.05,9.33e-06,0.03077,0.9834,0.996,0.002833,0.3725,0,0.02218,1.371,1.33,0.2645,0.8567,-0.01131,0
950,0.6148,0.4196,0.9955,3231,0.004464,84.93,97.17,9.33e-06,0.03656,0.9825,0.9952,0.00304,0.3553,0,0.02221,1.424,1.372,0.2996,0.8215,-0.01997,0
951,0.6276,0.4286,1,3039,0,84.93,73.09,9.33e-06,0.03102,0.9836,0.9961,0.002895,0.3862,0,0.02138,1.365,1.323,0.2597,0.8706,-0.005062,0
952,0.7213,0.5268,0.9955,3470,0.004464,84.93,113.9,9.33e-06,0.07053,0.9733,0.9873,0.006092,0.374,0,0.02255,1.659,1.469,0.347,0.5384,-0.0231,0
953,0.8751,0.6786,1,2867,0,84.93,96.73,9.33e-06,0.08337,0.9703,0.9866,0.007008,0.3513,0,0.02108,1.734,1.501,0.3526,0.5203,-0.01712,0
954,0.8402,0.6473,0.9911,2772,0.008929,84.93,95.83,9.33e-06,0.1142,0.9613,0.9758,0.01057,0.3583,0,0.02296,1.827,1.524,0.3789,0.5178,-0.02689,0
955,0.8806,0.6875,0.9955,3160,0.004464,84.93,105.7,9.33e-06,0.08568,0.9706,0.984,0.007392,0.3687,0,0.01863,1.706,1.47,0.3377,0.5723,-0.03026,0
956,0.7783,0.5804,1,2936,0,84.93,101,9.33e-06,0.08322,0.9678,0.982,0.008044,0.378,0,0.02359,1.727,1.526,0.3891,0.7036,-0.01017,0
957,0.7301,0.5357,0.9955,3363,0,84.93,110.6,9.32e-06,0.04176,0.9793,0.9933,0.003719,0.3636,0,0.02283,1.574,1.492,0.3663,0.7541,-0.02351,0
958,0.7162,0.5179,1,3336,0,84.93,89,9.32e-06,0.0418,0.9781,0.9931,0.004359,0.3689,0,0.02171,1.569,1.485,0.3631,0.808,-0.008357,0
959,0.8451,0.6473,1,3191,0,84.93,95.9,9.32e-06,0.02945,0.9844,0.9966,0.002268,0.3321,0,0.02037,1.433,1.389,0.2994,0.7562,-0.01105,0
960,0.5602,0.3616,0.9978,2712,0,84.93,79.99,9.32e-06,0.08619,0.9669,0.9838,0.007709,0.3735,0,0.01913,1.913,1.685,0.4777,1.291,-0.004783,0
961,0.5166,0.317,1,2485,0,84.93,112.2,9.32e-06,0.1048,0.9611,0.9775,0.01057,0.3651,0,0.01678,1.962,1.643,0.4479,1.318,-0.001905,0
962,0.5501,0.3571,0.9866,2231,0.01339,84.93,107.6,9.32e-06,0.1709,0.9468,0.9624,0.01516,0.3111,0,0.01361,2.334,1.801,0.5442,1.845,-0.02197,0
963,0.8686,0.6741,1,3185,0,84.93,98.52,9.32e-06,0.03457,0.9847,0.9953,0.002563,0.3681,0,0.02157,1.428,1.377,0.3011,0.524,-0.02771,0
964,0.9007,0.7009,1,2889,0,73.27,89.91,9.31e-06,0.03465,0.9823,0.9951,0.003232,0.4195,0,0.0232,1.505,1.453,0.3495,1.047,-0.0008676,0
965,0.8031,0.6116,0.9911,3142,0.008929,73.27,102.7,9.31e-06,0.05473,0.9781,0.9937,0.004749,0.389,0,0.02257,1.573,1.488,0.3729,1.043,-0.03359,0
966,0.8514,0.6518,1,2418,0,73.27,82.74,9.31e-06,0.0433,0.9825,0.9941,0.003589,0.4124,0,0.01996,1.392,1.332,0.2691,0.978,-0.001857,0
967,0.9392,0.7411,1,3183,0,73.27,97.85,9.31e-06,0.02499,0.9821,0.9968,0.003033,0.3935,0,0.02566,1.513,1.473,0.3598,0.9983,-0.009275,0
968,0.7845,0.5848,1,2942,0,73.27,85.23,9.31e-06,0.02289,0.9843,0.9977,0.002399,0.3247,0,0.02668,1.478,1.444,0.3455,1.012,-0.001792,0
969,0.7902,0.5938,0.9978,2282,0.004464,73.27,107.1,9.31e-06,0.05524,0.9794,0.9898,0.004069,0.3352,0,0.02238,1.47,1.386,0.322,0.7139,-0.01546,0
970,0.7828,0.5848,0.9955,2681,0,73.27,99.32,9.31e-06,0.069,0.9696,0.9865,0.006629,0.4319,0,0.02023,1.844,1.688,0.4859,0.7777,-0.005683,0
971,0.9052,0.7098,0.9955,2944,0.004464,73.27,109.5,9.3e-06,0.02639,0.9847,0.9977,0.002411,0.397,0,0.01831,1.502,1.464,0.3568,0.7635,-0.01882,0
972,0.9138,0.7143,1,2864,0,73.27,83.46,9.3e-06,0.06781,0.9732,0.9821,0.005759,0.3877,0,0.01957,1.617,1.503,0.4065,0.6917,-0.002583,0
973,0.7093,0.5134,0.9978,3190,0,76.39,90.63,9.3e-06,0.05999,0.9767,0.9887,0.005505,0.2838,0,0.02138,1.759,1.582,0.4276,0.6832,-0.01839,0
974,0.7817,0.5848,1,3563,0,76.39,97.17,9.3e-06,0.02533,0.9841,0.9968,0.002189,0.3992,0,0.02225,1.573,1.534,0.4147,0.7683,-0.01566,0
975,0.6758,0.4777,1,3127,0,76.39,93.53,9.3e-06,0.02751,0.9839,0.997,0.002735,0.3641,0,0.01646,1.553,1.512,0.401,0.6846,-0.009273,0
976,0.7481,0.5491,0.9978,2620,0,76.39,84.22,9.3e-06,0.06558,0.9723,0.9885,0.007099,0.3314,0,0.0189,1.794,1.619,0.4453,1.288,-0.002997,0
977,0.6185,0.4196,0.9978,2673,0,76.39,84.79,9.3e-06,0.02694,0.9839,0.9975,0.002263,0.3473,0,0.01802,1.627,1.584,0.4421,0.7078,-0.003387,0
978,0.7452,0.5491,0.9933,2886,0.004464,76.39,101.1,9.29e-06,0.087,0.9679,0.9806,0.00834,0.2664,0,0.01121,1.894,1.63,0.4467,1.737,-0.01281,0
979,0.7882,0.5893,0.9955,2584,0,76.39,80.62,9.29e-06,0.02273,0.9875,0.9982,0.001661,0.3338,0,0.01832,1.467,1.435,0.3435,0.7062,-0.001035,0
980,0.6579,0.4598,1,3190,0,76.4,77.99,9.29e-06,0.0245,0.9868,0.9972,0.002259,0.3653,0,0.02084,1.423,1.389,0.3166,1.032,-0.00979,0
981,0.7473,0.5491,1,3100,0,76.4,96.52,9.29e-06,0.02369,0.9868,0.9976,0.002062,0.381,0,0.01808,1.413,1.381,0.3104,0.8935,-0.009227,0
982,0.6445,0.4464,1,3225,0,76.4,98.31,9.29e-06,0.02241,0.9869,0.9976,0.002057,0.4133,0,0.02007,1.448,1.417,0.3306,0.7951,-0.00946,0
983,0.7369,0.5402,0.9955,3371,0,76.4,70.81,9.29e-06,0.02339,0.9855,0.9972,0.002298,0.3694,0,0.02298,1.478,1.444,0.3559,0.8424,-0.0119,0
984,0.6605,0.4643,0.9978,3266,0,79.4,74.01,9.29e-06,0.02274,0.9866,0.9979,0.002242,0.3739,0,0.01742,1.429,1.397,0.3227,1.015,-0.0169,0
985,0.7302,0.5312,1,2487,0,79.4,78.83,9.28e-06,0.0586,0.9779,0.9918,0.004254,0.3732,0,0.01575,1.773,1.631,0.4551,0.7353,-0.005478,0
986,0.8804,0.6875,0.9911,3353,0.008929,79.4,99.37,9.28e-06,0.07697,0.9733,0.9849,0.007245,0.4056,0,0.0241,1.824,1.568,0.3892,0.7033,-0.02672,0
987,0.7969,0.6027,0.9955,3377,0,81.2,103.7,9.28e-06,0.05322,0.9794,0.9921,0.004533,0.3917,0,0.0221,1.842,1.677,0.4748,0.7485,-0.02444,0
988,0.8465,0.6518,0.9955,3079,0,81.2,107.5,9.28e-06,0.0824,0.9723,0.9834,0.007481,0.3502,0,0.02086,1.785,1.553,0.4013,0.8181,-0.02199,0
989,0.8512,0.6562,1,2969,0,81.2,78.18,9.28e-06,0.03989,0.9828,0.9936,0.003217,0.364,0,0.02328,1.637,1.541,0.4064,0.8837,-0.02522,0
990,0.6422,0.4464,1,3515,0,81.2,102.3,9.28e-06,0.02014,0.9876,0.998,0.00139,0.3622,0,0.01839,1.629,1.597,0.4548,0.8621,-0.02102,0
991,0.7768,0.5848,0.9955,3503,0.004464,81.2,110.4,9.28e-06,0.02303,0.9881,0.9978,0.001799,0.3731,0,0.01894,1.56,1.521,0.4098,1.02,-0.03576,0
992,0.77,0.5714,1,3169,0,81.2,69.78,9.27e-06,0.02561,0.9872,0.9976,0.001804,0.3348,0,0.02008,1.625,1.58,0.4411,0.9572,-0.007041,0
993,0.8454,0.6473,1,3124,0,81.2,95.69,9.27e-06,0.02808,0.9869,0.9969,0.001829,0.3737,0,0.02015,1.567,1.523,0.4085,0.8802,-0.009794,0
994,0.7845,0.5893,0.9955,2582,0,81.2,81.66,9.27e-06,0.07483,0.9717,0.9863,0.007299,0.3386,0,0.01455,1.953,1.743,0.5252,1.499,-0.01959,0
995,0.7071,0.5089,0.9955,1785,0,81.2,64.42,9.27e-06,0.2564,0.9149,0.9318,0.02667,0.3947,0,0.01257,3.14,2.26,0.8119,2.062,-0.004713,0
996,0.5822,0.3884,0.9955,2575,0.004464,81.2,114.4,9.27e-06,0.1424,0.9515,0.9685,0.01462,0.3661,0,0.01874,2.447,1.955,0.6306,2.147,-0.02631,0
997,0.6419,0.442,1,2346,0,81.2,72.32,9.27e-06,0.09492,0.9675,0.9805,0.008296,0.3744,0,0.02035,1.974,1.716,0.5147,1.57,-0.0003575,0
998,0.7782,0.5848,0.9933,2633,0.004464,81.2,98.59,9.27e-06,0.08089,0.9694,0.9808,0.008437,0.3677,0,0.01696,1.914,1.652,0.4579,0.6462,-0.02635,0
999,0.9091,0.7188,0.9911,2562,0.008929,81.2,93.05,9.26e-06,0.02665,0.9906,0.9985,0.001493,0.3466,0,0.01398,1.329,1.296,0.2512,0.6233,-0.0391,0
1000,1.099,0.9062,1,3243,0,81.2,88.61,9.26e-06,0.02214,0.988,0.9972,0.001855,0.2639,0,0.02176,1.475,1.442,0.353,0.6646,-0.03412,0
1001,0.9422,0.7545,0.9821,2756,0.01786,81.2,87.87,9.26e-06,0.03636,0.9884,0.9958,0.001943,0.3413,0,0.01571,1.487,1.429,0.3361,0.6531,-0.04323,0
1002,0.4604,0.2679,0.9955,3657,0.004464,81.2,110.5,9.26e-06,0.08376,0.9672,0.98,0.009854,0.3674,0,0.02023,2.009,1.73,0.5115,0.7942,-0.03261,0
1003,0.5766,0.3839,0.9911,3715,0.008929,81.2,131.1,9.26e-06,0.0305,0.9855,0.995,0.002734,0.4063,0,0.02004,1.652,1.592,0.4598,0.7797,-0.02759,0
1004,0.6616,0.4643,0.9955,2610,0.004464,81.2,90.31,9.26e-06,0.09423,0.9672,0.9809,0.009505,0.3565,0,0.01751,1.965,1.699,0.5025,0.8052,-0.008715,0
1005,0.6843,0.4866,1,3305,0,81.2,101.5,9.26e-06,0.02746,0.9848,0.9968,0.002357,0.4016,0,0.01942,1.808,1.752,0.5351,0.9793,-0.01143,0
1006,0.7675,0.5759,0.9866,2901,0.01339,84.88,97.88,9.25e-06,0.05211,0.9768,0.9909,0.005392,0.3334,0,0.01996,1.861,1.72,0.4999,1.124,-0.02853,0
1007,0.7084,0.5179,0.9866,3604,0.01339,84.89,138.5,9.25e-06,0.02326,0.9882,0.9972,0.001635,0.3435,0,0.02487,1.592,1.558,0.4315,1.126,-0.03376,0
1008,0.7397,0.5446,0.9955,3330,0,84.89,93.78,9.25e-06,0.01746,0.9896,0.9987,0.001158,0.4,0,0.01866,1.502,1.476,0.3714,0.8891,-0.0202,0
1009,0.8507,0.6518,0.9978,3222,0,84.89,85.58,9.25e-06,0.01819,0.9883,0.9984,0.001406,0.4502,0,0.01979,1.614,1.584,0.437,0.699,-0.003355,0
1010,0.8903,0.692,1,3228,0,84.89,93.67,9.25e-06,0.02027,0.9884,0.9984,0.001459,0.3872,0,0.019,1.584,1.551,0.4165,0.6783,-0.008187,0
1011,0.8722,0.6741,1,3318,0,84.89,98.68,9.25e-06,0.05276,0.9796,0.9893,0.004572,0.4231,0,0.01847,1.785,1.633,0.4649,0.6928,-0.009567,0
1012,0.8309,0.6339,1,3387,0,84.89,96.79,9.25e-06,0.0529,0.9796,0.9902,0.004568,0.3717,0,0.02157,1.832,1.667,0.4798,0.7394,-0.01491,0
1013,0.8326,0.6339,1,2964,0,84.89,92.81,9.24e-06,0.05105,0.9775,0.9899,0.00523,0.3643,0,0.01791,1.736,1.593,0.4424,0.6964,-0.006694,0
1014,0.8268,0.6295,1,3251,0,84.89,107.5,9.24e-06,0.05417,0.9796,0.9889,0.004454,0.4046,0,0.01808,1.762,1.597,0.4402,0.6855,-0.01329,0
1015,0.8993,0.7009,0.9978,2584,0,84.89,82.06,9.24e-06,0.08559,0.9703,0.9803,0.007793,0.3,0,0.0168,1.917,1.639,0.4531,0.5956,-0.005541,0
1016,0.8406,0.6429,1,2814,0,84.89,98.54,9.24e-06,0.09653,0.9675,0.9785,0.008877,0.3799,0,0.01809,2.021,1.691,0.4813,0.9091,-0.01106,0
1017,0.775,0.5759,0.9978,2931,0,84.89,91.72,9.24e-06,0.02563,0.9853,0.9965,0.002238,0.3533,0,0.0186,1.56,1.52,0.4057,1.155,-0.001988,0
1018,0.7491,0.5491,1,3359,0,84.89,92.44,9.24e-06,0.02347,0.9855,0.9966,0.002297,0.3833,0,0.0188,1.636,1.597,0.4552,1.192,0,0
1019,0.7837,0.5848,1,3501,0,84.89,71.53,9.24e-06,0.02462,0.9861,0.9966,0.002098,0.3318,0,0.02041,1.558,1.519,0.4049,1.188,-0.005386,0
1020,0.7215,0.5223,1,2663,0,84.89,82.99,9.23e-06,0.1116,0.9629,0.977,0.009936,0.4049,0,0.01575,2.071,1.726,0.5053,0.8972,-0.004076,0
1021,0.8738,0.6741,1,2037,0,84.89,91.79,9.23e-06,0.08208,0.972,0.9832,0.007492,0.3274,0,0.01518,1.808,1.583,0.4353,0.4002,-0.001707,0
1022,0.867,0.6741,0.9911,2680,0.008929,84.89,90.33,9.23e-06,0.08465,0.9716,0.9789,0.006713,0.3741,0,0.017,1.789,1.547,0.414,0.4486,-0.02686,0
1023,0.8612,0.6696,0.9933,2919,0.004464,84.89,111.8,9.23e-06,0.09511,0.9686,0.9785,0.008961,0.3579,0,0.02808,1.902,1.601,0.4268,1.011,-0.03565,0
1024,0.5698,0.3705,1,2781,0,84.89,96.87,9.23e-06,0.0447,0.9831,0.9922,0.003033,0.3999,0,0.01824,1.514,1.441,0.3654,0.8658,-0.003869,0
1025,0.7305,0.5312,1,2417,0,84.89,91.27,9.23e-06,0.04561,0.982,0.9937,0.003358,0.3802,0,0.01763,1.564,1.481,0.3801,0.8348,-0.003605,0
1026,0.7025,0.5045,1,2614,0,84.89,88.43,9.23e-06,0.04283,0.9841,0.9956,0.002713,0.4111,0,0.01644,1.516,1.45,0.3651,0.8821,-0.009672,0
1027,0.5508,0.3527,1,3147,0,84.89,92.68,9.22e-06,0.0341,0.982,0.9954,0.003247,0.4231,0,0.01777,1.598,1.543,0.4234,0.8718,-0.009519,0
1028,0.8712,0.6741,1,2984,0,84.89,88.04,9.22e-06,0.09179,0.9692,0.9802,0.00839,0.4041,0,0.01615,1.982,1.655,0.4548,0.9161,-0.01465,0
1029,0.8949,0.7009,0.9933,2573,0,84.89,95.84,9.22e-06,0.1179,0.9626,0.9749,0.01038,0.4021,0,0.01727,2.06,1.678,0.4707,1.371,-0.02306,0
1030,0.7316,0.5357,0.9955,2405,0.004464,84.89,89.79,9.22e-06,0.09876,0.9671,0.9794,0.009335,0.3588,0,0.01866,1.971,1.636,0.4436,0.8937,-0.01611,0
1031,0.7625,0.5625,1,2249,0,84.89,79.38,9.22e-06,0.1251,0.9604,0.972,0.01095,0.4372,0,0.01659,2.151,1.735,0.5114,0.6992,-0.0001068,0
1032,0.8016,0.6027,1,2536,0,84.89,85.52,9.22e-06,0.02309,0.9881,0.9982,0.001665,0.3758,0,0.01841,1.491,1.456,0.3539,1.292,-0.005229,0
1033,0.8517,0.6562,0.9955,2869,0.004464,84.89,94.03,9.22e-06,0.02135,0.9902,0.9985,0.001221,0.4036,0,0.01888,1.454,1.423,0.3334,1.269,-0.01845,0
1034,0.7701,0.5714,1,2746,0,84.89,94.05,9.21e-06,0.02549,0.988,0.997,0.001855,0.3707,0,0.01862,1.518,1.48,0.3691,1.282,-0.006548,0
1035,0.8356,0.6384,1,3269,0,84.89,90.45,9.21e-06,0.01896,0.9893,0.9985,0.001375,0.3964,0,0.01822,1.482,1.454,0.3563,1.222,-0.01374,0
1036,0.9484,0.75,0.9978,2342,0,73.7,84.9,9.21e-06,0.02869,0.988,0.9982,0.001415,0.3722,0,0.01816,1.586,1.543,0.424,0.6781,-0.005936,0
1037,0.8529,0.6562,0.9955,2542,0.004464,73.7,116.4,9.21e-06,0.0499,0.9798,0.9908,0.004504,0.3163,0,0.01841,1.756,1.631,0.4718,0.8628,-0.01221,0
1038,0.7431,0.5446,1,3069,0,73.7,90.01,9.21e-06,0.09458,0.9683,0.979,0.008881,0.3065,0,0.01613,2.025,1.719,0.5115,0.6472,-0.007948,0
1039,0.7773,0.5804,1,2803,0,73.7,88.63,9.21e-06,0.03439,0.9821,0.9949,0.003662,0.3971,0,0.01844,1.674,1.603,0.4514,0.8356,-0.01517,0
1040,0.8644,0.6652,1,2313,0,73.7,121.4,9.2e-06,0.1074,0.9646,0.9773,0.009649,0.3644,0,0.01516,1.993,1.668,0.4745,0.7962,-0.003647,0
1041,0.7395,0.5402,1,2719,0,73.7,113.1,9.2e-06,0.08909,0.9696,0.9796,0.007961,0.324,0,0.01431,1.938,1.656,0.4623,1.229,-0.003632,0
1042,0.7618,0.5625,1,2071,0,73.7,83.08,9.2e-06,0.04912,0.9815,0.9943,0.00362,0.3968,0,0.01574,1.554,1.465,0.3635,0.734,-0.003564,0
1043,0.6446,0.4464,0.9978,2799,0,79.04,92.04,9.2e-06,0.02284,0.9887,0.9974,0.001729,0.4087,0,0.01659,1.384,1.353,0.2959,0.8054,-0.006705,0
1044,0.702,0.5045,0.9978,2840,0,79.04,73.56,9.2e-06,0.03448,0.9855,0.9947,0.002472,0.4143,0,0.01724,1.595,1.53,0.4079,1.098,-0.0103,0
1045,0.8604,0.6607,1,2072,0,79.04,48.56,9.2e-06,0.06561,0.9773,0.9877,0.005923,0.3729,0,0.01338,1.684,1.499,0.3743,0.8768,-0.001781,0
1046,0.5997,0.4018,1,2998,0,79.04,103.3,9.2e-06,0.02229,0.9878,0.9979,0.001903,0.4646,0,0.01671,1.467,1.436,0.3529,0.8698,-0.0103,0
1047,0.8315,0.6339,0.9978,2916,0,79.04,68.63,9.19e-06,0.02195,0.989,0.9977,0.00168,0.3562,0,0.01916,1.448,1.417,0.337,0.846,-0.009774,0
1048,0.9217,0.7232,1,2460,0,80.18,81.99,9.19e-06,0.07172,0.9789,0.9889,0.004704,0.3891,0,0.01458,1.717,1.523,0.3957,0.697,-0.007677,0
1049,0.8596,0.6607,0.9955,2763,0,80.18,70.73,9.19e-06,0.04745,0.9821,0.9922,0.003457,0.4029,0,0.01995,1.676,1.548,0.4088,0.7356,-0.001328,0
1050,0.8584,0.6607,0.9978,2679,0,80.18,95.61,9.19e-06,0.06149,0.9779,0.9894,0.005498,0.3709,0,0.01619,1.759,1.577,0.4154,0.691,-0.009164,0
1051,0.8187,0.6205,1,2852,0,80.18,79.63,9.19e-06,0.0633,0.9777,0.9885,0.004662,0.4625,0,0.03628,1.823,1.637,0.4611,0.6636,-0.009131,0
1052,0.7979,0.5982,1,2667,0,80.18,80.5,9.19e-06,0.07353,0.9712,0.9855,0.007892,0.416,0,0.01601,1.922,1.689,0.4889,0.8531,-0.00155,0
1053,0.824,0.625,1,3125,0,80.18,77.94,9.19e-06,0.01913,0.9894,0.9985,0.001347,0.372,0,0.01808,1.509,1.479,0.3739,0.897,-0.005238,0
1054,0.7045,0.5045,1,2621,0,80.18,74.94,9.18e-06,0.04744,0.9824,0.9947,0.003482,0.4165,0,0.02044,1.692,1.581,0.4356,0.9466,0,0
1055,0.7613,0.5625,1,2760,0,80.18,80.03,9.18e-06,0.02706,0.9876,0.9968,0.001654,0.4194,0,0.02252,1.584,1.536,0.414,0.8969,-0.006241,0
1056,0.8224,0.625,0.9933,2487,0.004464,80.18,72.81,9.18e-06,0.04655,0.9827,0.9945,0.002986,0.395,0,0.02034,1.641,1.544,0.415,0.9607,-0.006457,0
1057,0.8512,0.6518,1,1899,0,80.18,60.57,9.18e-06,0.136,0.9568,0.9692,0.01269,0.3779,0,0.01495,1.992,1.613,0.453,1.84,-0.003054,0
1058,0.7179,0.5179,1,1989,0,80.18,73.47,9.18e-06,0.1186,0.9596,0.9754,0.01116,0.3976,0,0.01525,2.092,1.734,0.5122,2.029,0,0
1059,0.6731,0.4732,1,2276,0,80.18,82.15,9.18e-06,0.1101,0.9608,0.9754,0.01147,0.3916,0,0.01678,2.089,1.743,0.52,2.037,-0.0004926,0
1060,0.7131,0.5134,1,2187,0,80.18,72.29,9.17e-06,0.08436,0.9716,0.9845,0.007924,0.3851,0,0.02079,1.784,1.562,0.411,1.478,-0.00155,0
1061,0.7833,0.5848,0.9933,2344,0,80.18,73.36,9.17e-06,0.06494,0.9743,0.9882,0.00592,0.3995,0,0.01612,1.707,1.525,0.3855,1.3,-0.0009657,0
1062,0.9304,0.7321,1,2820,0,80.18,85.57,9.17e-06,0.02674,0.9903,0.9976,0.001171,0.3817,0,0.02055,1.339,1.305,0.2556,0.594,-0.008647,0
1063,0.9298,0.7321,1,3342,0,80.18,93.99,9.17e-06,0.0235,0.9884,0.9969,0.001711,0.364,0,0.03038,1.496,1.452,0.3536,0.5486,-0.01159,0
1064,0.8696,0.6696,1,2496,0,80.18,81.27,9.17e-06,0.02554,0.9887,0.9982,0.00148,0.3897,0,0.01809,1.382,1.347,0.2863,0.5467,-0.0004403,0
1065,0.9093,0.7098,1,2730,0,80.18,82.47,9.17e-06,0.03442,0.9867,0.9951,0.002455,0.3822,0,0.02006,1.41,1.361,0.2947,0.6427,-0.00271,0
1066,0.6822,0.4866,0.9911,2878,0.008929,81.34,96.45,9.17e-06,0.04801,0.9804,0.9928,0.004012,0.3838,0,0.01606,1.758,1.651,0.4769,0.7444,-0.01324,0
1067,0.5154,0.3214,0.9911,2460,0.008929,81.34,90.56,9.16e-06,0.1408,0.9533,0.9668,0.014,0.3264,0,0.0189,2.206,1.752,0.5276,0.6508,-0.021,0
1068,0.5635,0.3705,0.9844,3221,0.01786,81.34,101.2,9.16e-06,0.03566,0.982,0.9934,0.003719,0.3903,0,0.02054,1.601,1.534,0.4164,0.7038,-0.01957,0
1069,0.6261,0.4286,0.9955,2461,0.004464,81.34,81.9,9.16e-06,0.05101,0.9803,0.9922,0.004118,0.3595,0,0.01655,1.619,1.519,0.3939,0.8646,-0.008061,0
1070,0.6906,0.4911,0.9978,1867,0,81.34,69.15,9.16e-06,0.03561,0.9868,0.9969,0.001783,0.4128,0,0.01517,1.436,1.387,0.3102,0.8975,0,0
1071,0.7357,0.5357,1,1821,0,81.34,63.58,9.16e-06,0.0573,0.9811,0.9896,0.00374,0.3875,0,0.01639,1.481,1.38,0.3048,0.9178,0,0
1072,0.7446,0.5446,1,2246,0,81.34,70.47,9.16e-06,0.04024,0.9835,0.9925,0.00305,0.3832,0,0.01861,1.434,1.371,0.3039,0.9014,-0.0001352,0
1073,0.7044,0.5045,1,2395,0,81.34,76.14,9.16e-06,0.08368,0.9712,0.9806,0.007332,0.4163,0,0.0175,1.642,1.449,0.3524,0.7399,-0.0003052,0
1074,0.7534,0.5536,1,2609,0,81.34,72.63,9.15e-06,0.06201,0.9769,0.9882,0.005322,0.4179,0,0.01707,1.639,1.489,0.3776,0.6741,-0.001035,0
1075,0.9009,0.7009,1,2220,0,81.34,72.53,9.15e-06,0.04606,0.9806,0.993,0.003673,0.4401,0,0.01465,1.525,1.452,0.3552,0.5732,0,0
1076,0.9009,0.7009,1,2666,0,81.34,77.67,9.15e-06,0.02819,0.9844,0.9964,0.002649,0.4198,0,0.02103,1.489,1.444,0.3488,0.6005,0,0
1077,0.8518,0.6518,1,2499,0,81.34,82.04,9.15e-06,0.06013,0.9742,0.9877,0.006356,0.354,0,0.02782,1.696,1.538,0.4008,0.592,-0.0001221,0
1078,0.7446,0.5446,1,2136,0,81.34,67.98,9.15e-06,0.09046,0.969,0.9806,0.008204,0.3425,0,0.01274,1.818,1.559,0.4083,0.5627,-9.373e-05,0
1079,0.6777,0.4777,1,1927,0,81.34,72.56,9.15e-06,0.104,0.9618,0.9775,0.01029,0.3163,0,0.01272,2.019,1.713,0.5019,0.5651,0,0
1080,0.7982,0.5982,1,2204,0,81.34,72.66,9.14e-06,0.06027,0.9753,0.9888,0.005795,0.3842,0,0.01999,1.718,1.564,0.4158,0.5104,0,0
1081,0.8873,0.6875,1,1727,0,81.34,74.59,9.14e-06,0.08916,0.9738,0.9855,0.006592,0.3573,0,0.01765,1.653,1.456,0.3403,0.8129,-0.001142,0
1082,0.7665,0.567,0.9978,2330,0,81.34,72.51,9.14e-06,0.03792,0.9804,0.9945,0.003767,0.3942,0,0.01799,1.48,1.425,0.3408,1.064,0,0
1083,0.8205,0.6205,1,2323,0,81.34,79.45,9.14e-06,0.03828,0.9812,0.9942,0.003249,0.3748,0,0.01754,1.533,1.477,0.3722,1.089,0,0
1084,0.8692,0.6696,0.9978,2073,0,81.34,71.27,9.14e-06,0.04886,0.9812,0.993,0.003389,0.3581,0,0.01804,1.484,1.414,0.3377,0.9852,0,0
1085,0.9411,0.7411,1,1697,0,81.34,58.19,9.14e-06,0.1257,0.9607,0.9715,0.01015,0.3705,0,0.01685,1.981,1.604,0.4249,0.5829,0,0
1086,0.7982,0.5982,1,1359,0,81.34,64.64,9.14e-06,0.1399,0.955,0.9685,0.01169,0.4239,0,0.01392,2.128,1.737,0.5208,1.742,0,0
1087,0.7623,0.5625,1,2432,0,81.34,82.54,9.13e-06,0.1279,0.9588,0.9708,0.01223,0.3822,0,0.01603,2.034,1.652,0.461,0.9053,-0.0009962,0
1088,0.8563,0.6562,1,1725,0,81.34,53.63,9.13e-06,0.06655,0.9761,0.9887,0.005223,0.385,0,0.01407,1.554,1.418,0.3294,0.1096,0,0
1089,0.7888,0.5893,1,1934,0,81.34,83.53,9.13e-06,0.06772,0.9766,0.9913,0.005523,0.401,0,0.01773,1.522,1.4,0.3219,0.4321,-0.002526,0
1090,0.6598,0.4598,1,2154,0,81.34,70.98,9.13e-06,0.04811,0.9814,0.9951,0.003397,0.3858,0,0.01725,1.481,1.412,0.3323,0.7276,0,0
1091,0.633,0.433,1,2229,0,81.34,78.07,9.13e-06,0.05367,0.9805,0.9908,0.003377,0.402,0,0.01676,1.486,1.397,0.3238,0.7177,0,0
1092,0.7446,0.5446,1,2134,0,81.34,58.38,9.13e-06,0.04069,0.9813,0.9952,0.003474,0.3703,0,0.01584,1.444,1.383,0.307,0.7756,0,0
1093,0.7526,0.5536,0.9978,2016,0,81.34,76.09,9.12e-06,0.07758,0.9735,0.9854,0.006508,0.4243,0,0.01665,1.599,1.399,0.3077,0.5333,-0.002805,0
1094,0.7621,0.5625,0.9978,2241,0,81.34,67.63,9.12e-06,0.1132,0.9617,0.975,0.01001,0.3776,0,0.01526,2.006,1.638,0.4491,0.5482,0,0
1095,0.7662,0.567,0.9978,2300,0,81.34,70.4,9.12e-06,0.1068,0.9662,0.9765,0.008856,0.4439,0,0.0191,1.931,1.59,0.4278,0.7687,-0.001345,0
1096,0.7893,0.5893,1,1804,0,81.34,61.74,9.12e-06,0.1184,0.961,0.9746,0.0106,0.4134,0,0.01656,1.952,1.585,0.4237,0.5928,0,0
1097,0.637,0.4375,1,2125,0,81.34,79.03,9.12e-06,0.07371,0.9735,0.986,0.005614,0.4152,0,0.0179,1.74,1.538,0.3971,0.9499,-0.002592,0
1098,0.7089,0.5089,1,1836,0,81.34,62.06,9.12e-06,0.04224,0.9838,0.9951,0.002717,0.4315,0,0.01566,1.394,1.337,0.2652,1.088,-0.0001243,0
1099,0.82,0.6205,0.9978,2095,0,81.34,78.8,9.11e-06,0.06925,0.9752,0.9874,0.005675,0.4401,0,0.01704,1.693,1.521,0.3824,1.123,-0.0003313,0
1100,0.7844,0.5848,0.9978,2176,0,81.34,82.47,9.11e-06,0.04859,0.9781,0.9925,0.004246,0.4421,0,0.01671,1.596,1.505,0.371,1.12,0,0
1101,0.7357,0.5357,1,2433,0,81.34,81.95,9.11e-06,0.04237,0.9785,0.9921,0.004258,0.3979,0,0.01915,1.494,1.427,0.3333,1.124,0,0
1102,0.713,0.5134,1,2359,0,81.34,82.61,9.11e-06,0.03636,0.9824,0.9958,0.002884,0.4274,0,0.01977,1.495,1.44,0.3271,1.164,-0.001927,0
1103,0.7402,0.5402,1,1761,0,81.34,76.64,9.11e-06,0.05355,0.9789,0.9913,0.003944,0.3855,0,0.01958,1.489,1.405,0.3166,1.117,0,0
1104,0.64,0.4464,0.9955,2475,0.004464,81.34,96.73,9.11e-06,0.03321,0.9836,0.9967,0.002593,0.4043,0,0.01807,1.438,1.39,0.307,1.11,-0.02763,0
1105,0.7934,0.5938,1,2608,0,81.34,86.32,9.11e-06,0.03257,0.9841,0.9959,0.002706,0.4247,0,0.01816,1.435,1.386,0.3084,1.073,-0.001635,0
1106,0.8333,0.6339,0.9978,2832,0,81.34,78.73,9.1e-06,0.0269,0.9851,0.9969,0.00232,0.428,0,0.02117,1.409,1.372,0.3001,0.9668,-0.001155,0
1107,0.8247,0.625,1,3066,0,81.34,96.35,9.1e-06,0.02315,0.9864,0.9981,0.001768,0.4022,0,0.02685,1.479,1.445,0.3461,0.9829,-0.00143,0
1108,0.8558,0.6562,1,2838,0,81.34,92.07,9.1e-06,0.02514,0.9858,0.9975,0.002102,0.4273,0,0.02316,1.4,1.365,0.2926,0.957,-0.002298,0
1109,0.8826,0.683,1,2879,0,81.34,92.08,9.1e-06,0.03602,0.9843,0.9967,0.0025,0.4016,0,0.02042,1.425,1.373,0.2995,0.8185,-0.002404,0
1110,0.9139,0.7143,1,2878,0,58.96,101.2,9.1e-06,0.04306,0.9829,0.9952,0.00319,0.4281,0,0.01936,1.406,1.346,0.2825,0.8684,-0.00182,0
1111,0.7307,0.5313,1,2334,0,58.96,82.61,9.1e-06,0.04828,0.9769,0.9926,0.004629,0.4397,0,0.01934,1.576,1.491,0.3748,0.8751,-0.002537,0
1112,0.9444,0.7455,1,2187,0,58.96,100.1,9.09e-06,0.07433,0.9738,0.9851,0.006693,0.3436,0,0.02519,1.626,1.415,0.3132,0.4553,-0.005463,0
1113,0.9722,0.7723,1,2110,0,58.96,65.16,9.09e-06,0.07159,0.9741,0.9853,0.006229,0.3173,0,0.01817,1.556,1.386,0.3017,0.3544,-0.0005515,0
1114,0.9677,0.7679,1,1772,0,58.96,114.6,9.09e-06,0.08093,0.9716,0.9826,0.006973,0.1969,0.4286,0.01323,1.573,1.397,0.3135,0.6107,-0.0007411,0
1115,0.8057,0.6071,1,2344,0,58.96,86.07,9.09e-06,0.05352,0.9805,0.9914,0.003621,0.3781,0,0.01985,1.417,1.342,0.2836,0.8513,-0.007294,0
1116,0.82,0.6205,1,2255,0,58.96,102.2,9.09e-06,0.05026,0.9786,0.9932,0.003823,0.3568,0,0.01992,1.572,1.495,0.3807,0.73,-0.002847,0
1117,0.8534,0.6562,1,2738,0,67.52,93.46,9.09e-06,0.03159,0.9844,0.9957,0.002487,0.351,0,0.0228,1.439,1.395,0.3203,0.7393,-0.01421,0
1118,0.7843,0.5848,1,1957,0,67.52,73.45,9.09e-06,0.1886,0.9423,0.9547,0.01704,0.384,0,0.01704,2.452,1.841,0.5725,0.6512,-0.002463,0
1119,0.7308,0.5312,1,2319,0,67.52,79.63,9.08e-06,0.07549,0.9704,0.9863,0.006616,0.3326,0,0.0155,1.757,1.571,0.4216,1.107,-0.002356,0
1120,0.771,0.5714,1,2519,0,67.52,77.77,9.08e-06,0.02654,0.9846,0.9972,0.002432,0.3831,0,0.01699,1.394,1.358,0.2935,0.6489,-0.00208,0
1121,0.7915,0.5938,0.9978,2686,0,67.52,72.97,9.08e-06,0.02869,0.9842,0.997,0.002573,0.4284,0,0.02195,1.423,1.383,0.3035,0.8092,-0.008811,0
1122,0.8673,0.6696,0.9955,2713,0.004464,67.53,64.1,9.08e-06,0.07496,0.9718,0.9856,0.006124,0.4077,0,0.01896,1.722,1.562,0.422,0.9799,-0.007224,0
1123,0.7966,0.5982,1,2767,0,83.96,103.1,9.08e-06,0.02886,0.9846,0.9968,0.002966,0.4176,0,0.0192,1.319,1.282,0.2373,0.6857,-0.008129,0
1124,0.6893,0.4911,1,2420,0,83.96,52.63,9.08e-06,0.03303,0.9843,0.9958,0.002977,0.441,0,0.02007,1.324,1.282,0.2374,0.7057,-0.009057,0
1125,0.8111,0.6116,1,1997,0,83.96,59.71,9.07e-06,0.07912,0.974,0.9857,0.006102,0.4104,0,0.01932,1.555,1.376,0.2933,0.7764,-0.002457,0
1126,0.8644,0.6652,1,2644,0,83.96,100.1,9.07e-06,0.0731,0.9761,0.9871,0.00539,0.4144,0,0.01967,1.56,1.4,0.3218,0.8943,-0.003767,0
1127,0.8503,0.6518,1,2457,0,83.96,88.3,9.07e-06,0.07717,0.9726,0.9853,0.006685,0.3591,0,0.02194,1.59,1.411,0.3159,0.6305,-0.007335,0
1128,1.012,0.8125,1,2538,0,83.96,82.25,9.07e-06,0.07267,0.974,0.9887,0.00652,0.3481,0,0.02338,1.57,1.401,0.3058,0.552,-0.0048,0
1129,0.9433,0.7455,1,2349,0,83.96,77.8,9.07e-06,0.06326,0.9757,0.9911,0.005512,0.4043,0,0.02094,1.545,1.411,0.316,0.5968,-0.01114,0
1130,0.9314,0.7321,1,2457,0,83.96,79.97,9.07e-06,0.06197,0.9768,0.991,0.00531,0.3808,0,0.02065,1.554,1.415,0.3133,0.6265,-0.00373,0
1131,0.7621,0.5625,1,3289,0,83.96,109.6,9.06e-06,0.02384,0.9837,0.9967,0.002556,0.3871,0,0.02051,1.443,1.406,0.3235,0.7607,-0.001997,0
1132,0.6816,0.4821,0.9978,2576,0,83.96,61.69,9.06e-06,0.04367,0.9784,0.9941,0.004111,0.3561,0,0.03401,1.601,1.521,0.3872,0.7831,-0.0004839,0
1133,0.725,0.5268,1,2252,0,83.96,90.99,9.06e-06,0.07978,0.9728,0.985,0.006544,0.3795,0,0.01878,1.702,1.503,0.3669,0.9313,-0.009109,0
1134,0.784,0.5848,0.9978,2585,0,83.96,86.3,9.06e-06,0.03274,0.982,0.9962,0.003051,0.3491,0,0.02125,1.511,1.462,0.3554,0.7674,-0.001818,0
1135,0.6554,0.4554,1,1794,0,83.96,63.3,9.06e-06,0.2062,0.9404,0.9532,0.0178,0.4257,0,0.01466,2.297,1.691,0.4877,1.196,-1.09e-05,0
1136,0.6595,0.4598,1,2121,0,83.96,107.3,9.06e-06,0.1996,0.9406,0.9528,0.01778,0.3977,0,0.0186,2.364,1.732,0.5197,1.678,-0.001397,0
1137,0.8709,0.6741,0.9933,2574,0.004464,83.96,124.3,9.05e-06,0.08058,0.9711,0.984,0.00702,0.3685,0,0.0233,1.663,1.443,0.3414,1.115,-0.009423,0
1138,0.9138,0.7188,0.9955,2496,0.004464,83.96,100.6,9.05e-06,0.07082,0.9777,0.9889,0.005441,0.3467,0,0.02176,1.403,1.292,0.2502,0.4324,-0.02024,0
1139,0.8848,0.6875,1,3176,0,83.96,95.93,9.05e-06,0.02673,0.9872,0.9968,0.001967,0.4123,0,0.02464,1.323,1.29,0.2457,0.4968,-0.01331,0
1140,0.7725,0.5759,0.9933,3280,0.004464,83.96,86.89,9.05e-06,0.04148,0.9805,0.9922,0.003725,0.3861,0,0.04284,1.456,1.395,0.3257,0.5276,-0.01035,0
1141,0.4949,0.2991,0.9911,2915,0.004464,83.96,91.8,9.05e-06,0.05743,0.9778,0.9917,0.004633,0.3414,0,0.02048,1.577,1.463,0.3663,0.6672,-0.01215,0
1142,0.4752,0.2768,1,2961,0,83.96,84.32,9.05e-06,0.05295,0.9758,0.9892,0.005316,0.3253,0,0.01841,1.561,1.479,0.3769,0.5953,-0.008139,0
1143,0.612,0.4152,0.9955,3336,0.004464,83.96,98.96,9.05e-06,0.02402,0.9837,0.997,0.002659,0.3708,0,0.02421,1.486,1.451,0.3545,0.5791,-0.01155,0
1144,0.778,0.5804,1,3215,0,83.96,115,9.04e-06,0.03517,0.9788,0.9938,0.003748,0.4231,0,0.02041,1.63,1.566,0.4274,0.733,-0.01201,0
1145,0.6717,0.4732,0.9955,2556,0,83.96,82.12,9.04e-06,0.0326,0.9808,0.9963,0.00356,0.3737,0,0.02093,1.504,1.455,0.3505,0.8637,-0.002967,0
1146,0.6502,0.4509,1,2925,0,83.96,117.5,9.04e-06,0.02429,0.9831,0.9971,0.002852,0.3805,0,0.02292,1.474,1.439,0.347,0.886,-0.003435,0
1147,0.8329,0.6339,1,2464,0,83.96,88.56,9.04e-06,0.1144,0.9635,0.9774,0.01001,0.4394,0,0.02034,1.827,1.549,0.4032,0.6033,-0.005105,0
1148,0.7119,0.5134,0.9978,2623,0,83.96,87.88,9.04e-06,0.1042,0.9644,0.9759,0.009376,0.3675,0,0.0206,1.907,1.592,0.4235,0.6432,-0.005031,0
1149,0.7924,0.5938,1,3089,0,83.96,87.39,9.04e-06,0.02969,0.9841,0.9966,0.002636,0.4505,0,0.02269,1.447,1.404,0.3174,0.6037,-0.006997,0
1150,0.927,0.7277,1,2948,0,83.96,86.72,9.03e-06,0.04174,0.9806,0.9942,0.00327,0.3986,0,0.02044,1.522,1.457,0.3509,0.6443,-0.003398,0
1151,0.9633,0.7634,1,1904,0,83.96,74.78,9.03e-06,0.1146,0.9654,0.9767,0.008788,0.3887,0,0.02063,1.731,1.467,0.3576,0.623,-0.0003771,0
1152,0.6947,0.4955,1,1913,0,83.96,67.69,9.03e-06,0.2227,0.9374,0.9448,0.01874,0.3489,0,0.01707,2.444,1.729,0.5115,0.6325,-0.003987,0
1153,0.7977,0.5982,1,2542,0,83.96,91.82,9.03e-06,0.09092,0.9663,0.9794,0.008995,0.3944,0,0.01895,1.744,1.5,0.3717,0.6875,-0.002681,0
1154,0.7179,0.5179,1,2435,0,83.96,75.64,9.03e-06,0.09656,0.9631,0.9777,0.009627,0.3814,0,0.01732,1.81,1.554,0.414,0.5417,0,0
1155,0.7134,0.5134,1,2549,0,83.96,81.73,9.03e-06,0.03457,0.9764,0.9949,0.004325,0.4116,0,0.02046,1.595,1.54,0.4104,1.048,0,0
1156,0.8205,0.6205,1,2668,0,83.96,76.66,9.02e-06,0.04969,0.9736,0.9902,0.005433,0.3947,0,0.02074,1.565,1.487,0.3863,1.091,0,0
1157,0.8648,0.6652,1,2889,0,83.96,91.71,9.02e-06,0.06901,0.9674,0.9836,0.007005,0.386,0,0.02177,1.726,1.569,0.441,1.088,-0.001829,0
1158,0.7804,0.5804,1,2632,0,83.96,84.14,9.02e-06,0.05204,0.9703,0.9895,0.006615,0.4452,0,0.02221,1.616,1.532,0.4181,1.11,0,0
1159,0.8652,0.6652,1,2134,0,83.96,66.32,9.02e-06,0.05873,0.97,0.9897,0.006154,0.3815,0,0.02258,1.674,1.569,0.4393,0.6639,0,0
1160,0.9723,0.7723,1,1669,0,83.96,86.49,9.02e-06,0.1686,0.9451,0.9572,0.01589,0.3573,0,0.01248,2.071,1.608,0.4596,0.3949,0,0
1161,0.9679,0.7679,1,1943,0,83.96,61.14,9.02e-06,0.09539,0.9615,0.9764,0.009969,0.3952,0,0.02095,1.728,1.514,0.4114,0.9023,0,0
1162,0.6464,0.4464,1,2065,0,83.96,72.98,9.01e-06,0.09456,0.9613,0.9775,0.009938,0.3988,0,0.01991,1.684,1.505,0.4224,0.8196,0,0
1163,0.6909,0.4911,1,2019,0,83.96,71.98,9.01e-06,0.09927,0.9621,0.9757,0.01031,0.398,0,0.01752,1.652,1.46,0.3935,0.81,-0.0006605,0
1164,0.642,0.442,1,2058,0,83.96,77.11,9.01e-06,0.06047,0.9693,0.9887,0.007886,0.4202,0,0.01758,1.537,1.438,0.3661,0.8289,0,0
1165,0.5344,0.3348,1,2546,0,83.96,77.34,9.01e-06,0.04071,0.974,0.9923,0.006234,0.399,0,0.01809,1.471,1.412,0.3441,0.8319,-0.001925,0
1166,0.9272,0.7277,0.9978,2061,0,83.96,68.52,9.01e-06,0.08001,0.9618,0.9816,0.01018,0.3956,0,0.02131,1.749,1.565,0.4494,0.9384,0,0
1167,0.8427,0.6429,1,1992,0,83.96,69.02,9.01e-06,0.1048,0.9572,0.9754,0.01199,0.3959,0,0.02246,1.855,1.584,0.4596,0.731,-0.0008283,0
1168,0.6911,0.4911,1,2245,0,83.96,82.37,9e-06,0.1026,0.9555,0.9765,0.01231,0.4414,0,0.01904,1.99,1.713,0.5338,0.9458,0,0
1169,0.815,0.6161,0.9955,2117,0,83.96,75,9e-06,0.06929,0.9644,0.9838,0.008828,0.414,0,0.01766,1.8,1.636,0.4977,1.105,-0.0009417,0
1170,0.7804,0.5804,1,1934,0,83.96,64.83,9e-06,0.06034,0.9684,0.9862,0.00821,0.4059,0,0.01969,1.647,1.524,0.4238,1.246,0,0
1171,0.7804,0.5804,1,2139,0,83.96,68.34,9e-06,0.03866,0.9772,0.9937,0.004914,0.4153,0,0.01739,1.529,1.473,0.3848,1.272,0,0
1172,0.8424,0.6429,0.9978,2336,0,83.96,78.23,9e-06,0.03372,0.9769,0.9928,0.004647,0.3726,0,0.02144,1.553,1.498,0.4005,1.331,0,0
1173,0.8652,0.6652,1,1896,0,83.96,67.06,9e-06,0.04075,0.973,0.9917,0.006524,0.3755,0,0.01861,1.533,1.469,0.386,1.28,0,0
1174,0.7664,0.567,0.9978,2307,0,83.96,72.27,8.99e-06,0.05179,0.9679,0.9865,0.008161,0.4264,0,0.02263,1.593,1.511,0.4323,1.122,-0.0004076,0
1175,0.8027,0.6027,1,1801,0,83.96,60.49,8.99e-06,0.05549,0.9702,0.9879,0.007355,0.3937,0,0.01992,1.554,1.466,0.3905,1.296,0,0
1176,0.7804,0.5804,1,1962,0,83.96,67.19,8.99e-06,0.06525,0.9637,0.9824,0.009263,0.4208,0,0.02491,1.664,1.555,0.4606,1.357,0,0
1177,0.767,0.567,1,2153,0,83.96,78.93,8.99e-06,0.04709,0.9711,0.989,0.007143,0.4676,0,0.02054,1.544,1.471,0.4014,1.252,0,0
1178,0.825,0.625,1,2252,0,83.96,61.44,8.99e-06,0.05093,0.9686,0.9878,0.007628,0.4542,0,0.01984,1.562,1.484,0.413,1.124,0,0
1179,0.7313,0.5312,1,2461,0,83.96,89.21,8.99e-06,0.03797,0.9728,0.9926,0.006151,0.4443,0,0.02481,1.56,1.502,0.4049,1.161,0,0
1180,0.7714,0.5714,1,2097,0,83.96,54.91,8.98e-06,0.04769,0.968,0.9883,0.007602,0.4245,0,0.01665,1.676,1.599,0.4773,1.048,0,0
1181,0.8696,0.6696,1,2123,0,83.96,57.06,8.98e-06,0.05318,0.9648,0.9855,0.009272,0.4307,0,0.0212,1.607,1.522,0.4469,1.023,0,0
1182,0.9009,0.7009,1,2000,0,83.96,59.74,8.98e-06,0.05907,0.9671,0.986,0.008542,0.3791,0,0.01972,1.543,1.451,0.3836,0.9612,0,0
1183,0.7313,0.5312,1,2044,0,83.96,59.61,8.98e-06,0.0549,0.9661,0.9866,0.008422,0.4014,0,0.02162,1.587,1.499,0.4097,1.02,0,0
1184,0.6018,0.4018,1,1788,0,83.96,71.02,8.98e-06,0.07994,0.964,0.9809,0.009181,0.3757,0,0.02144,1.634,1.493,0.4088,1.014,0,0
1185,0.5884,0.3884,1,1716,0,83.96,74.8,8.98e-06,0.08746,0.967,0.9838,0.008036,0.3301,0,0.01767,1.577,1.441,0.3626,0.8651,0,0
1186,0.829,0.6295,0.9978,1735,0,83.96,58.47,8.97e-06,0.1265,0.9547,0.9707,0.01289,0.3524,0,0.02204,1.818,1.525,0.408,0.755,0,0
1187,0.6152,0.4152,1,1657,0,83.96,77.41,8.97e-06,0.107,0.9561,0.9737,0.01202,0.4176,0,0.02037,1.73,1.504,0.4093,0.7592,0,0
1188,0.6777,0.4777,1,1538,0,83.96,65.68,8.97e-06,0.1169,0.9598,0.9721,0.01148,0.3634,0,0.01708,1.712,1.435,0.3555,0.6605,0,0
1189,0.8563,0.6562,1,1855,0,83.96,74.09,8.97e-06,0.1145,0.9576,0.9724,0.01253,0.3993,0,0.02688,1.766,1.484,0.3916,0.6438,0,0
1190,0.7179,0.5179,1,1805,0,83.96,65.59,8.97e-06,0.1133,0.9587,0.9728,0.01216,0.4109,0,0.02097,1.791,1.51,0.4102,0.6234,0,0
1191,0.6018,0.4018,1,1963,0,83.96,65.03,8.97e-06,0.1312,0.9546,0.9661,0.01123,0.4671,0,0.02315,1.942,1.651,0.5083,0.7976,0,0
1192,0.9366,0.7366,1,1783,0,55.49,61.94,8.96e-06,0.05474,0.973,0.9899,0.006927,0.3526,0,0.03558,1.413,1.339,0.2863,0.9415,0,0
1193,0.7446,0.5446,1,2153,0,55.49,56.34,8.96e-06,0.05328,0.9672,0.9887,0.008437,0.4136,0,0.02302,1.491,1.414,0.3382,0.8488,0,0
1194,0.8518,0.6518,1,1769,0,55.49,87.24,8.96e-06,0.06264,0.9664,0.9855,0.008475,0.3889,0,0.02371,1.525,1.431,0.3567,0.6206,0,0
1195,0.9545,0.7545,1,1563,0,61.7,96.6,8.96e-06,0.1166,0.9559,0.9694,0.01274,0.2134,0.4286,0.03002,1.643,1.41,0.3544,0.7752,0,0
1196,0.7841,0.5848,1,2183,0,82.69,82.22,8.96e-06,0.1252,0.9499,0.9661,0.01449,0.3771,0,0.02007,1.857,1.543,0.4338,0.9016,-0.003845,0
1197,0.874,0.6741,1,2089,0,82.69,81.64,8.96e-06,0.06546,0.9632,0.9835,0.009906,0.3247,0,0.02039,1.568,1.467,0.398,0.8715,-0.0006496,0
1198,0.8602,0.6607,0.9978,1594,0,82.69,71.63,8.95e-06,0.1655,0.9376,0.9544,0.01852,0.3408,0,0.07375,2.118,1.7,0.5482,1.384,-0.0005101,0
1199,0.892,0.692,1,1573,0,82.69,75.62,8.95e-06,0.1135,0.9511,0.9716,0.01407,0.3376,0,0.01973,1.939,1.656,0.4877,1.278,0,0
1200,0.833,0.6339,0.9955,1742,0,82.69,68.45,8.95e-06,0.09499,0.9536,0.9742,0.01308,0.3605,0,0.02062,1.763,1.56,0.4548,1.241,0,0
1201,0.7402,0.5402,1,1612,0,82.69,50.01,8.95e-06,0.06565,0.9671,0.9846,0.008464,0.3917,0,0.02092,1.475,1.38,0.3308,0.937,0,0
1202,0.6866,0.4866,1,1897,0,82.69,48.14,8.95e-06,0.08741,0.9562,0.9761,0.01248,0.4538,0,0.0199,1.7,1.517,0.4261,0.9564,0,0
1203,0.6598,0.4598,1,1745,0,82.69,48.06,8.95e-06,0.07142,0.9628,0.9816,0.01052,0.4418,0,0.02694,1.539,1.434,0.3764,1.09,0,0
1204,0.6821,0.4821,1,1855,0,82.69,45.07,8.94e-06,0.06608,0.9646,0.982,0.01002,0.4311,0,0.02208,1.485,1.39,0.3461,1.147,0,0
1205,0.6902,0.4911,0.9955,1764,0,82.69,44.75,8.94e-06,0.09487,0.9524,0.9744,0.01455,0.3979,0,0.02995,1.782,1.565,0.4493,0.9602,0,0
1206,0.5973,0.3973,1,1531,0,82.69,40.92,8.94e-06,0.09466,0.9535,0.9742,0.01384,0.4099,0,0.01838,1.775,1.567,0.4527,1.639,0,0
1207,0.7179,0.5179,1,1567,0,82.69,58.31,8.94e-06,0.08183,0.9557,0.9787,0.01242,0.4712,0,0.02527,1.732,1.593,0.4724,1.254,0,0
1208,0.7625,0.5625,1,1656,0,82.69,50.64,8.94e-06,0.1186,0.9438,0.9697,0.01698,0.3786,0,0.02211,1.982,1.7,0.5266,0.8972,0,0
1209,0.9228,0.7232,0.9978,1598,0,82.69,43.5,8.94e-06,0.09006,0.9561,0.9765,0.0128,0.3452,0,0.02575,1.705,1.53,0.4239,0.8339,0,0
1210,0.7179,0.5179,1,1635,0,82.69,49.68,8.93e-06,0.1116,0.947,0.97,0.01648,0.3803,0,0.0209,1.908,1.636,0.4909,1.272,0,0
1211,0.9545,0.7545,1,1516,0,82.69,58.09,8.93e-06,0.09339,0.9504,0.9764,0.01519,0.3992,0,0.01938,1.801,1.611,0.4781,0.8527,0,0
1212,0.6554,0.4554,1,1764,0,82.69,48.57,8.93e-06,0.08827,0.9499,0.9773,0.01484,0.4157,0,0.02399,1.848,1.674,0.5233,1.384,0,0
1213,0.7799,0.5804,0.9978,1708,0,82.69,46.48,8.93e-06,0.08819,0.9479,0.9741,0.01535,0.4308,0,0.02349,1.804,1.648,0.5183,1.144,0,0
1214,0.7268,0.5268,1,1691,0,82.69,48.81,8.93e-06,0.08144,0.9544,0.9767,0.01312,0.3751,0,0.02521,1.732,1.594,0.4782,1.124,0,0
1215,0.6911,0.4911,1,1728,0,82.69,40.05,8.93e-06,0.08593,0.9497,0.9759,0.01462,0.4114,0,0.01739,1.827,1.668,0.5293,1.189,0,0
1216,0.6777,0.4777,1,1765,0,82.69,52.19,8.92e-06,0.103,0.944,0.9702,0.01618,0.4126,0,0.02122,2.012,1.775,0.5924,1.087,0,0
1217,0.7357,0.5357,1,1380,0,82.69,56.33,8.92e-06,0.1369,0.9387,0.9624,0.01833,0.3856,0,0.01959,2.133,1.77,0.5869,1.537,0,0
1218,0.825,0.625,1,979.3,0,82.69,40.36,8.92e-06,0.1466,0.9371,0.964,0.02074,0.3172,0,0.01124,2.151,1.775,0.5653,2.191,0,0
1219,0.6866,0.4866,1,1232,0,82.69,46.14,8.92e-06,0.1454,0.9311,0.9603,0.02163,0.3832,0,0.01666,2.238,1.875,0.6546,1.618,0,0
1220,0.8205,0.6205,1,1752,0,82.69,53.64,8.92e-06,0.07163,0.9577,0.9803,0.01257,0.3616,0,0.0272,1.602,1.488,0.4164,0.7841,0,0
1221,0.8384,0.6384,1,1829,0,82.69,54.41,8.92e-06,0.07978,0.9552,0.9747,0.01316,0.4172,0,0.02337,1.625,1.493,0.4362,0.8057,0,0
1222,0.8696,0.6696,1,1710,0,82.69,50.25,8.91e-06,0.079,0.954,0.9761,0.01322,0.4375,0,0.01959,1.708,1.576,0.4818,0.9541,0,0
1223,0.9362,0.7366,0.9978,1578,0,82.69,43.59,8.91e-06,0.08142,0.9545,0.9771,0.01377,0.3778,0,0.01682,1.605,1.477,0.4276,0.9554,0,0
1224,0.6551,0.4554,1,1357,0,82.69,79.47,8.91e-06,0.1487,0.9339,0.9574,0.02019,0.3584,0,0.01726,2.358,1.955,0.6824,0.9721,-0.001066,0
1225,0.6374,0.4375,1,1347,0,82.69,56.09,8.91e-06,0.1432,0.9341,0.9592,0.01941,0.3414,0,0.01856,2.289,1.935,0.6831,0.8368,-0.000364,0
1226,0.4567,0.2589,0.9911,1532,0,82.69,74.04,8.91e-06,0.1403,0.9329,0.9572,0.01985,0.3122,0,0.01414,2.346,1.987,0.7295,0.9069,-0.002258,0
1227,0.4946,0.2946,1,1429,0,82.69,69.91,8.91e-06,0.09091,0.9499,0.9737,0.0145,0.4101,0,0.01619,1.906,1.74,0.5908,1.074,0,0
1228,0.6862,0.4866,0.9978,1845,0,82.69,70.91,8.9e-06,0.05881,0.9594,0.985,0.01121,0.3751,0,0.02318,1.761,1.661,0.5235,1.374,0,0
1229,0.6866,0.4866,1,1297,0,82.69,40.75,8.9e-06,0.06187,0.9652,0.9854,0.00967,0.3685,0,0.02203,1.589,1.496,0.4117,1.319,0,0
1230,0.9134,0.7143,0.9955,1551,0,82.69,49.09,8.9e-06,0.07577,0.9525,0.9794,0.01366,0.4119,0,0.02082,1.912,1.771,0.5767,0.9725,0,0
1231,0.8286,0.6295,0.9955,1578,0,82.69,43.11,8.9e-06,0.06583,0.9564,0.9826,0.01207,0.3924,0,0.02006,1.893,1.767,0.5703,0.8657,0,0
1232,0.9455,0.7455,1,1396,0,82.69,43.58,8.9e-06,0.0759,0.9534,0.9804,0.01309,0.4033,0,0.01891,1.931,1.786,0.5889,0.989,0,0
1233,0.9455,0.7455,1,1344,0,82.69,40.85,8.89e-06,0.08072,0.9521,0.9762,0.01357,0.4125,0,0.02321,1.89,1.742,0.5723,1.067,0,0
1234,0.758,0.558,1,1098,0,82.69,43.37,8.89e-06,0.1195,0.9472,0.9682,0.01639,0.4102,0,0.01617,1.929,1.663,0.5065,1.079,0,0
1235,0.8155,0.6161,1,1331,0,82.69,56.62,8.89e-06,0.1266,0.9364,0.9618,0.02006,0.3634,0,0.02093,2.065,1.786,0.6257,1.246,-0.00262,0
1236,0.646,0.4464,0.9978,1242,0,82.69,45.33,8.89e-06,0.1178,0.9375,0.9668,0.01841,0.3923,0,0.01619,2.315,2.03,0.7408,1.295,0,0
1237,0.8429,0.6429,1,1443,0,82.69,51.32,8.89e-06,0.09115,0.9484,0.9747,0.01533,0.426,0,0.01982,1.924,1.731,0.5732,1.098,0,0
1238,0.8116,0.6116,1,1662,0,82.69,51.23,8.89e-06,0.0856,0.9489,0.9753,0.01517,0.4299,0,0.02325,1.924,1.763,0.591,1.517,0,0
1239,0.7442,0.5446,0.9978,1583,0,82.69,57.31,8.88e-06,0.09095,0.9438,0.9717,0.01643,0.4162,0,0.02547,1.976,1.802,0.6355,1.426,0,0
1240,0.8518,0.6518,1,1635,0,82.69,63.01,8.88e-06,0.08494,0.9488,0.974,0.01419,0.3628,0,0.02168,1.919,1.765,0.599,1.56,0,0
1241,0.7223,0.5223,1,2039,0,82.69,48.53,8.88e-06,0.06933,0.9532,0.9796,0.01332,0.3864,0,0.02744,1.871,1.747,0.5883,1.437,0,0
1242,0.7179,0.5179,1,1559,0,82.69,59.13,8.88e-06,0.1385,0.9396,0.9621,0.01799,0.3842,0,0.01991,2.064,1.746,0.5762,0.8048,0,0
1243,0.7,0.5,1,1504,0,82.69,45.98,8.88e-06,0.08432,0.9561,0.977,0.01255,0.385,0,0.02279,1.719,1.572,0.4473,0.5824,0,0
1244,0.9188,0.7188,1,1444,0,82.69,50.99,8.88e-06,0.08636,0.9561,0.9775,0.0125,0.3741,0,0.02391,1.715,1.566,0.4533,0.4863,0,0
1245,0.825,0.625,1,1415,0,82.69,41.49,8.87e-06,0.07483,0.9619,0.9792,0.01162,0.4205,0,0.0221,1.51,1.4,0.3575,0.5446,0,0
1246,0.7045,0.5045,1,1466,0,82.69,50.85,8.87e-06,0.1003,0.9519,0.97,0.01403,0.4034,0,0.0223,1.707,1.54,0.4609,0.7028,0,0
1247,0.6402,0.442,0.9955,1997,0.004464,82.69,73.33,8.87e-06,0.0867,0.9553,0.9724,0.01322,0.4713,0,0.01902,1.578,1.448,0.3961,0.9076,-0.004464,0
1248,0.6375,0.4375,1,2108,0,82.69,63.73,8.87e-06,0.08906,0.9569,0.974,0.01234,0.4106,0,0.03348,1.56,1.429,0.383,0.9063,0,0
1249,0.5929,0.3929,1,1796,0,82.69,59.37,8.87e-06,0.09323,0.9552,0.9731,0.01359,0.4071,0,0.02173,1.544,1.405,0.3616,0.8951,0,0
1250,0.6018,0.4018,1,1645,0,82.69,58.14,8.87e-06,0.1168,0.9486,0.9669,0.01519,0.4351,0,0.03158,1.742,1.514,0.4291,0.8535,0,0
1251,0.8116,0.6116,1,1669,0,82.69,71.12,8.86e-06,0.1328,0.9468,0.9642,0.01575,0.4017,0,0.022,1.772,1.486,0.408,0.7449,0,0
1252,0.8942,0.6964,0.9933,1723,0.004464,82.69,67.87,8.86e-06,0.1036,0.955,0.972,0.01313,0.3985,0,0.02232,1.593,1.403,0.3469,0.4886,-0.004499,0
1253,0.8786,0.6786,1,1283,0,82.69,54.3,8.86e-06,0.1503,0.9446,0.9608,0.01704,0.3652,0,0.01971,1.765,1.454,0.3833,0.7649,0,0
1254,0.7125,0.5134,0.9955,1933,0,82.69,64.62,8.86e-06,0.05457,0.9665,0.9865,0.008528,0.414,0,0.02348,1.54,1.459,0.3662,1.098,0,0
1255,0.6241,0.4241,1,1871,0,82.69,59.7,8.86e-06,0.06673,0.9603,0.9846,0.01031,0.465,0,0.0247,1.614,1.508,0.3993,1.04,0,0
1256,0.7089,0.5089,1,1969,0,82.69,82.97,8.85e-06,0.06198,0.9662,0.9845,0.009102,0.4116,0,0.02357,1.457,1.369,0.31,1.08,0,0
1257,0.7357,0.5357,1,1555,0,82.69,55.06,8.85e-06,0.1044,0.9527,0.9686,0.01395,0.4181,0,0.02226,1.56,1.396,0.3578,1,0,0
1258,0.7179,0.5179,1,1489,0,82.69,45.93,8.85e-06,0.09451,0.9589,0.9737,0.01198,0.4323,0,0.02254,1.455,1.32,0.3012,0.8536,0,0
1259,0.825,0.625,1,1812,0,82.69,70.35,8.85e-06,0.09463,0.9558,0.9716,0.01273,0.378,0,0.03266,1.52,1.374,0.3437,1.28,0,0
1260,0.7536,0.5536,1,2301,0,82.69,70.63,8.85e-06,0.07123,0.9607,0.9795,0.01107,0.4179,0,0.04029,1.489,1.381,0.339,1.051,0,0
1261,0.7223,0.5223,1,2124,0,82.69,62.26,8.85e-06,0.0662,0.9625,0.9828,0.01013,0.4221,0,0.04684,1.47,1.376,0.3259,0.9012,0,0
1262,0.7268,0.5268,1,2088,0,82.69,88.21,8.84e-06,0.09663,0.9531,0.9741,0.01371,0.448,0,0.02698,1.645,1.452,0.3696,0.8508,0,0
1263,0.7795,0.5804,0.9955,1940,0,82.69,61.41,8.84e-06,0.07562,0.96,0.9792,0.0115,0.428,0,0.03826,1.488,1.379,0.3396,0.8822,0,0
1264,0.9054,0.7054,1,2337,0,82.69,61.76,8.84e-06,0.067,0.9603,0.9815,0.01103,0.3839,0,0.02663,1.533,1.433,0.3676,0.9161,0,0
1265,0.7179,0.5179,1,2097,0,82.69,60.74,8.84e-06,0.08265,0.9543,0.9763,0.01258,0.4062,0,0.03016,1.603,1.475,0.403,0.9865,0,0
1266,0.7804,0.5804,1,1838,0,82.69,64.47,8.84e-06,0.08032,0.9566,0.9788,0.01229,0.3714,0,0.0309,1.556,1.434,0.3699,0.9417,0,0
1267,0.8205,0.6205,1,2026,0,82.69,67.51,8.84e-06,0.08343,0.9572,0.9763,0.01212,0.3951,0,0.02626,1.554,1.425,0.3697,0.9209,0,0
1268,0.7134,0.5134,1,1661,0,82.69,57.42,8.83e-06,0.1474,0.9468,0.9635,0.01562,0.3125,0,0.03352,1.899,1.562,0.4211,0.7215,0,0
1269,0.8652,0.6652,1,1840,0,82.69,88.1,8.83e-06,0.08662,0.9639,0.9787,0.01046,0.1812,0.4286,0.03463,1.419,1.297,0.2683,0.8334,0,0
1270,0.508,0.308,1,1666,0,82.69,73.42,8.83e-06,0.1244,0.9486,0.9676,0.01522,0.3478,0,0.02358,1.665,1.43,0.365,0.681,0,0
1271,0.7357,0.5357,1,1847,0,82.69,60.97,8.83e-06,0.1288,0.949,0.9649,0.01558,0.3584,0,0.02185,1.685,1.428,0.3582,0.5312,0,0
1272,0.7045,0.5045,1,1537,0,82.69,59.63,8.83e-06,0.145,0.9458,0.961,0.0157,0.3402,0,0.02546,1.77,1.471,0.3795,0.5503,0,0
1273,0.8027,0.6027,1,1421,0,82.69,55.03,8.82e-06,0.1429,0.9463,0.9622,0.0166,0.3636,0,0.02877,1.714,1.429,0.3552,0.5446,0,0
1274,0.8027,0.6027,1,1546,0,82.69,95.21,8.82e-06,0.1018,0.9563,0.9749,0.01333,0.2895,0.2857,0.04652,1.49,1.339,0.3049,0.3673,0,0
1275,0.8339,0.6339,1,1654,0,82.69,69.4,8.82e-06,0.09739,0.9566,0.9747,0.01252,0.4112,0,0.02868,1.551,1.405,0.3576,0.7712,0,0
1276,0.8603,0.6607,0.9978,1603,0,82.69,59.27,8.82e-06,0.09951,0.9498,0.9701,0.01486,0.4092,0,0.03566,1.584,1.434,0.3851,0.9003,0,0
1277,0.8339,0.6339,1,2213,0,82.69,82.55,8.82e-06,0.08215,0.957,0.975,0.01259,0.379,0,0.02931,1.466,1.348,0.3253,0.9035,0,0
1278,0.8607,0.6607,1,1423,0,82.69,52.67,8.82e-06,0.1188,0.954,0.9691,0.01416,0.3295,0,0.02562,1.496,1.328,0.3108,0.6512,0,0
1279,0.7576,0.558,0.9978,1683,0,82.69,67.77,8.81e-06,0.09842,0.9512,0.9723,0.01453,0.4135,0,0.02556,1.596,1.445,0.3948,0.888,0,0
1280,0.7045,0.5045,1,1569,0,82.69,60.14,8.81e-06,0.09587,0.9584,0.9766,0.01206,0.4018,0,0.02544,1.516,1.379,0.3339,0.8952,0,0
1281,0.7179,0.5179,1,1594,0,82.69,51.87,8.81e-06,0.08686,0.9609,0.9795,0.01188,0.3861,0,0.01959,1.471,1.349,0.3129,0.7344,0,0
1282,0.6554,0.4554,1,1983,0,82.69,62.73,8.81e-06,0.08162,0.9594,0.978,0.01154,0.4448,0,0.02106,1.564,1.442,0.3785,0.8871,0,0
1283,0.6643,0.4643,1,1738,0,82.69,56.85,8.81e-06,0.06623,0.9625,0.9847,0.0104,0.3672,0,0.02235,1.552,1.452,0.3743,0.6715,0,0
1284,0.7759,0.5759,1,1662,0,82.69,66.93,8.81e-06,0.09213,0.9536,0.9747,0.01287,0.4161,0,0.01975,1.645,1.5,0.4207,0.6885,0,0
1285,0.6286,0.4286,1,1735,0,82.69,51.42,8.8e-06,0.07242,0.9584,0.983,0.01116,0.4578,0,0.02094,1.683,1.566,0.4529,0.7011,0,0
1286,0.7804,0.5804,1,1861,0,82.69,55.17,8.8e-06,0.07634,0.9556,0.979,0.01246,0.4171,0,0.02455,1.615,1.497,0.424,0.7154,0,0
1287,0.7134,0.5134,1,1127,0,82.69,47.96,8.8e-06,0.1582,0.9433,0.956,0.0166,0.4141,0,0.01554,1.788,1.506,0.4381,1.226,0,0
1288,0.5393,0.3393,1,1558,0,82.69,66.24,8.8e-06,0.1443,0.9361,0.9564,0.01926,0.3799,0,0.0207,1.996,1.701,0.5767,1.169,0,0
1289,0.7223,0.5223,1,1259,0,82.69,43.43,8.8e-06,0.1599,0.9379,0.9533,0.01907,0.389,0,0.01767,1.892,1.585,0.4993,0.692,0,0
1290,0.8027,0.6027,1,1561,0,82.69,55.87,8.79e-06,0.1587,0.9362,0.9558,0.01902,0.4227,0,0.0234,2.039,1.685,0.5356,1.171,0,0
1291,0.6911,0.4911,1,1261,0,82.69,59.07,8.79e-06,0.1381,0.9461,0.9615,0.01596,0.3366,0,0.01894,1.744,1.505,0.4394,0.2626,0,0
1292,0.8027,0.6027,1,1222,0,82.69,64.57,8.79e-06,0.1302,0.9539,0.9672,0.01364,0.3871,0,0.0196,1.541,1.354,0.3343,0.6231,0,0
1293,0.7974,0.5982,0.9978,1484,0,82.69,62.5,8.79e-06,0.1123,0.9575,0.9697,0.01263,0.3708,0,0.01911,1.528,1.365,0.3377,0.5041,-0.002058,0
1294,0.7982,0.5982,1,1036,0,82.69,43.86,8.79e-06,0.1649,0.9428,0.9562,0.01782,0.3463,0,0.02128,1.71,1.428,0.3904,0.3096,0,0
1295,0.6951,0.4955,0.9978,1672,0,82.69,61.1,8.79e-06,0.1273,0.9415,0.9584,0.01766,0.368,0,0.01973,1.735,1.526,0.4617,0.6959,0,0
1296,0.7536,0.5536,1,1786,0,82.69,61.75,8.78e-06,0.1025,0.9459,0.9687,0.01569,0.3982,0,0.02468,1.761,1.586,0.4915,0.8135,0,0
1297,0.8067,0.6071,0.9978,1493,0,82.69,61.7,8.78e-06,0.121,0.9461,0.9639,0.01619,0.3632,0,0.02371,1.682,1.487,0.4279,0.5963,0,0
1298,0.8027,0.6027,1,1634,0,82.69,41.69,8.78e-06,0.1147,0.9438,0.964,0.01622,0.375,0,0.02486,1.697,1.507,0.4523,0.7374,0,0
1299,0.5911,0.3929,0.9955,1859,0.004464,84.95,56.4,8.78e-06,0.08682,0.9567,0.9777,0.01269,0.4494,0,0.02453,1.573,1.441,0.3838,0.5878,-0.004464,0
1300,0.6322,0.433,1,1697,0,84.95,69.52,8.78e-06,0.09359,0.9568,0.9761,0.01225,0.4528,0,0.02308,1.613,1.468,0.3938,0.7318,-0.004379,0
1301,0.626,0.4286,0.9955,1606,0.004464,84.95,42.19,8.77e-06,0.08467,0.9601,0.9786,0.01158,0.4168,0,0.02496,1.511,1.388,0.3356,0.6409,-0.008292,0
1302,0.6196,0.4196,1,1640,0,84.95,59.59,8.77e-06,0.09785,0.9578,0.9741,0.01232,0.4353,0,0.02217,1.497,1.353,0.324,0.5295,-0.0001482,0
1303,0.5391,0.3393,1,1515,0,84.95,39.27,8.77e-06,0.09729,0.9543,0.973,0.01338,0.4302,0,0.02135,1.54,1.396,0.3573,0.5861,-0.0008697,0
1304,0.5928,0.3929,1,1772,0,84.95,51.39,8.77e-06,0.08555,0.9576,0.978,0.01247,0.3942,0,0.02186,1.515,1.391,0.3473,0.6001,-0.0004534,0
1305,0.9902,0.7902,1,1232,0,57.75,83.89,8.77e-06,0.108,0.962,0.9727,0.01111,0.3773,0,0.02477,1.416,1.271,0.2591,0.8136,0,0
1306,0.9675,0.7679,1,1637,0,57.75,89.35,8.77e-06,0.08823,0.9606,0.9754,0.01166,0.3427,0,0.02312,1.435,1.314,0.2973,0.1597,-0.001903,0
1307,0.7892,0.5893,1,1736,0,57.75,92.23,8.76e-06,0.07736,0.9609,0.9796,0.01096,0.3597,0,0.02451,1.486,1.374,0.3314,0.5359,-0.000473,0
1308,0.7669,0.567,1,3068,0,57.75,85.84,8.76e-06,0.06352,0.9631,0.98,0.01066,0.4055,0,0.03148,1.419,1.331,0.3137,0.757,-0.0001504,0
1309,0.6349,0.4375,0.9955,2392,0.004464,57.75,93.55,8.76e-06,0.06454,0.9635,0.983,0.01043,0.4429,0,0.03007,1.43,1.34,0.3099,0.5696,-0.008591,0
1310,0.8821,0.683,1,2154,0,57.77,72.85,8.76e-06,0.1056,0.9504,0.9663,0.0142,0.3367,0,0.02576,1.552,1.393,0.3774,0.5717,-0.004639,0
1311,0.7759,0.5759,1,1467,0,57.77,55.37,8.76e-06,0.1765,0.9439,0.9517,0.0162,0.3996,0,0.02179,1.796,1.424,0.3822,0.6406,0,0
1312,0.9205,0.7232,0.9911,2026,0.004464,57.77,76.86,8.76e-06,0.1274,0.9502,0.9638,0.01434,0.3952,0,0.03883,1.662,1.417,0.3742,1.293,-0.004464,0
1313,0.8512,0.6518,1,2132,0,57.77,73.74,8.75e-06,0.1267,0.9501,0.9608,0.01446,0.3481,0,0.03306,1.58,1.367,0.3539,0.9764,-0.003093,0
1314,0.8205,0.6205,1,1974,0,57.77,81.99,8.75e-06,0.1337,0.9488,0.9636,0.01491,0.4097,0,0.02454,1.668,1.409,0.3752,0.9384,0,0
1315,0.8116,0.6116,1,2198,0,57.77,81.34,8.75e-06,0.0766,0.965,0.9775,0.01028,0.4054,0,0.02347,1.35,1.25,0.2476,0.6941,0,0
1316,0.6821,0.4821,1,2007,0,61.13,73.09,8.75e-06,0.09542,0.9607,0.9722,0.01143,0.4425,0,0.02331,1.453,1.303,0.2955,0.6605,0,0
1317,0.829,0.6295,0.9978,2060,0,61.13,56.25,8.75e-06,0.09572,0.9602,0.9717,0.01168,0.375,0,0.03358,1.45,1.299,0.2947,0.6466,0,0
1318,0.8276,0.6295,0.9955,2813,0.004464,61.99,93.28,8.74e-06,0.0964,0.9596,0.971,0.01185,0.4137,0,0.04177,1.461,1.301,0.2968,0.8816,-0.004983,0
1319,0.8109,0.6116,1,2197,0,82.02,70.11,8.74e-06,0.0835,0.9624,0.9777,0.01035,0.4224,0,0.03245,1.492,1.357,0.3155,0.7907,-0.00368,0
1320,0.7714,0.5714,1,1831,0,82.02,69.83,8.74e-06,0.1332,0.9449,0.9632,0.01696,0.4331,0,0.03201,1.756,1.511,0.4411,0.7414,0,0
1321,0.9142,0.7143,1,2134,0,82.02,105.2,8.74e-06,0.06763,0.9664,0.9822,0.009325,0.399,0,0.03081,1.417,1.318,0.2819,0.8194,-0.0005384,0
1322,0.7617,0.5625,1,2283,0,82.02,80.59,8.74e-06,0.08196,0.9629,0.9772,0.01084,0.3173,0,0.0343,1.467,1.334,0.3108,0.5792,-0.004085,0
1323,0.7089,0.5089,1,2349,0,82.02,49.29,8.73e-06,0.06953,0.9617,0.9785,0.01104,0.4104,0,0.02943,1.547,1.447,0.3807,0.6318,0,0
1324,0.9432,0.7455,1,2448,0,82.02,88.58,8.73e-06,0.06575,0.9616,0.9799,0.01082,0.3428,0,0.02776,1.549,1.446,0.4049,0.9959,-0.01155,0
1325,0.7561,0.558,0.9978,2593,0,82.02,70.74,8.73e-06,0.07486,0.9569,0.9761,0.01197,0.3941,0,0.0383,1.667,1.547,0.4712,1.122,-0.007363,0
1326,0.7481,0.5491,1,2693,0,82.02,73.1,8.73e-06,0.0596,0.9626,0.9834,0.009908,0.3751,0,0.02805,1.685,1.59,0.4673,0.8509,-0.004948,0
1327,0.6851,0.4866,0.9955,2366,0,82.02,84.44,8.73e-06,0.1028,0.9502,0.9651,0.01438,0.4158,0,0.03229,1.763,1.571,0.5041,1.452,-0.003176,0
1328,0.5656,0.3661,1,2317,0,82.02,85.56,8.73e-06,0.1383,0.944,0.9513,0.01614,0.3895,0,0.02739,1.861,1.575,0.5324,2.023,-0.002219,0
1329,0.8683,0.6696,0.9978,1989,0,82.02,81.35,8.72e-06,0.1242,0.9456,0.9595,0.01523,0.3612,0,0.02141,1.973,1.698,0.5807,2.158,-0.00429,0
1330,0.6504,0.4509,0.9978,2237,0,82.02,64.31,8.72e-06,0.1202,0.9411,0.9609,0.01593,0.441,0,0.02732,2.401,2.111,0.7775,2.247,-0.0002638,0
1331,0.7678,0.5714,0.9911,2149,0.004464,82.02,87.12,8.72e-06,0.08603,0.9573,0.9738,0.01144,0.3539,0,0.02171,1.89,1.715,0.5381,1.554,-0.009338,0
1332,0.8633,0.6652,1,2217,0,82.02,88.28,8.72e-06,0.07838,0.9649,0.9787,0.008766,0.3615,0,0.02507,1.664,1.539,0.4379,0.906,-0.00945,0
1333,0.7692,0.5759,0.9866,3286,0.004464,82.02,120.4,8.72e-06,0.0881,0.955,0.9706,0.01179,0.322,0,0.02545,2.099,1.898,0.6393,0.8451,-0.02004,0
1334,0.8354,0.6429,0.9821,2808,0.008929,84.92,90.74,8.71e-06,0.04757,0.9661,0.9891,0.007848,0.2948,0,0.03074,2.152,2.046,0.6412,1.046,-0.01937,0
1335,0.6801,0.4821,0.9955,2811,0,84.92,92.62,8.71e-06,0.05925,0.9599,0.9842,0.009627,0.3438,0,0.02394,2.411,2.262,0.7635,1.279,-0.005585,0
1336,0.6779,0.4821,0.9866,2630,0.004464,84.92,92.3,8.71e-06,0.06386,0.9586,0.9838,0.009482,0.3888,0,0.01999,2.771,2.611,0.8557,1.342,-0.008041,0
1337,0.5993,0.4018,0.9978,2667,0.004464,84.92,85.75,8.71e-06,0.07264,0.956,0.9802,0.0109,0.3492,0,0.02261,2.585,2.384,0.8221,1.546,-0.01023,0
1338,0.6159,0.4241,0.9799,3085,0.01339,84.92,118.1,8.71e-06,0.06031,0.9576,0.9836,0.009671,0.3528,0,0.0245,2.693,2.524,0.8799,1.631,-0.02101,0
1339,0.5662,0.3884,0.9442,2967,0.03125,84.92,97.58,8.71e-06,0.03498,0.9731,0.9942,0.004236,0.404,0,0.03003,2.67,2.583,0.8789,2.188,-0.05513,0
1340,0.6578,0.4688,0.9754,2794,0.01786,84.92,79.95,8.7e-06,0.04379,0.9644,0.9913,0.007029,0.3281,0,0.02855,2.827,2.711,0.9075,2.374,-0.03039,0
1341,0.7219,0.5402,0.9598,3374,0.03571,84.92,97.95,8.7e-06,0.02821,0.9763,0.9961,0.003492,0.3968,0,0.02251,2.599,2.524,0.8343,2.311,-0.05133,0
1342,0.8038,0.6116,0.9911,2461,0.004464,84.92,93.67,8.7e-06,0.04245,0.9734,0.9921,0.004353,0.4034,0,0.02069,2.563,2.467,0.799,2.219,-0.03022,0
1343,0.8299,0.6339,0.9844,2909,0,84.92,81.76,8.7e-06,0.03236,0.9728,0.9951,0.004279,0.4411,0,0.0182,2.705,2.619,0.8911,1.426,-0.004296,0
1344,0.8227,0.625,0.9911,2857,0,84.92,85.54,8.7e-06,0.0328,0.9745,0.9954,0.003631,0.4132,0,0.02446,2.643,2.563,0.871,1.486,-0.002627,0
1345,0.9054,0.7054,1,2511,0,84.92,81.55,8.69e-06,0.04336,0.9719,0.9934,0.004917,0.4272,0,0.02132,2.595,2.489,0.8452,1.53,0,0
1346,0.8887,0.692,1,2818,0,84.92,104.8,8.69e-06,0.03055,0.9773,0.9954,0.003496,0.431,0,0.02134,2.327,2.26,0.7397,1.313,-0.01641,0
1347,0.8712,0.6741,0.9911,2081,0.004464,84.92,68.54,8.69e-06,0.07825,0.9506,0.9819,0.01223,0.3067,0,0.01774,2.979,2.725,0.9331,1.551,-0.005548,0
1348,0.8914,0.6964,0.9821,1905,0.004464,84.92,86.82,8.69e-06,0.08067,0.9534,0.9828,0.01111,0.334,0,0.01807,2.858,2.621,0.8927,1.867,-0.007329,0
1349,0.841,0.6429,0.9955,2157,0,84.92,87.06,8.69e-06,0.08524,0.9491,0.9781,0.01279,0.3423,0,0.0218,2.663,2.415,0.8172,1.254,-0.004939,0
1350,0.8191,0.6205,0.9933,1805,0,84.92,63.02,8.69e-06,0.09992,0.9454,0.9742,0.01415,0.3466,0,0.02895,2.637,2.365,0.8212,1.37,-0.0005864,0
1351,0.7556,0.558,0.9955,2637,0,84.92,101.7,8.68e-06,0.07309,0.957,0.9805,0.01052,0.3461,0,0.02735,2.341,2.182,0.7409,1.762,-0.007819,0
1352,0.8578,0.6607,0.9911,2468,0.004464,84.92,82.63,8.68e-06,0.0685,0.9558,0.9805,0.0109,0.3765,0,0.03547,2.289,2.121,0.7008,1.694,-0.005591,0
1353,0.7256,0.5268,0.9955,2034,0,84.92,49.54,8.68e-06,0.05594,0.9619,0.9875,0.008223,0.3601,0,0.02297,2.234,2.109,0.6933,1.495,-0.001707,0
1354,0.679,0.4821,0.9911,2826,0,84.92,78.17,8.68e-06,0.04957,0.9655,0.9884,0.007147,0.3583,0,0.02864,2.215,2.103,0.7006,1.67,-0.006792,0
1355,0.7125,0.5134,1,2638,0,84.92,74.78,8.68e-06,0.07397,0.9578,0.9796,0.01046,0.3095,0,0.026,2.419,2.218,0.7781,1.727,-0.00458,0
1356,0.7491,0.5491,1,1717,0,84.92,51.8,8.67e-06,0.04486,0.9714,0.9931,0.005748,0.3776,0,0.01889,1.988,1.897,0.5949,0.6353,0,0
1357,0.7223,0.5223,1,2036,0,84.92,67.57,8.67e-06,0.0523,0.9654,0.9905,0.007825,0.3982,0,0.02344,2.304,2.178,0.7139,0.9733,-3.924e-05,0
1358,0.7922,0.5938,0.9978,1974,0,84.92,71.94,8.67e-06,0.06943,0.9629,0.9833,0.00923,0.3236,0,0.02484,2.099,1.929,0.6254,1.385,-0.005452,0
1359,0.8201,0.6205,0.9978,2020,0,84.92,78.03,8.67e-06,0.05539,0.9639,0.9869,0.008461,0.3754,0,0.02788,2.128,2.013,0.6843,1.368,0,0
1360,0.6732,0.4732,1,1813,0,84.92,82.56,8.67e-06,0.08125,0.9557,0.9809,0.01133,0.4455,0,0.02701,2.035,1.883,0.6253,1.681,0,0
1361,0.6991,0.5,0.9955,2023,0,84.92,72.6,8.66e-06,0.07097,0.9559,0.9823,0.01141,0.4556,0,0.0251,2.004,1.864,0.6095,1.56,0,0
1362,0.5785,0.3795,0.9978,2040,0,84.92,65.7,8.66e-06,0.08784,0.9542,0.9754,0.01226,0.4179,0,0.02438,1.935,1.763,0.5729,1.353,-0.00281,0
1363,0.8824,0.683,0.9978,1994,0,84.92,82.56,8.66e-06,0.04911,0.9658,0.99,0.007489,0.3655,0,0.02447,1.96,1.864,0.5855,0.9945,-0.001083,0
1364,0.8875,0.6875,1,1661,0,84.92,89.03,8.66e-06,0.077,0.9577,0.9804,0.01081,0.3992,0,0.0233,1.893,1.725,0.5278,0.8685,0,0
1365,0.7575,0.558,1,1805,0,84.92,55.58,8.66e-06,0.05706,0.9635,0.987,0.009251,0.407,0,0.0222,1.745,1.638,0.4636,1.121,-0.002906,0
1366,0.8196,0.6205,0.9955,1590,0,84.92,56.51,8.66e-06,0.06502,0.9612,0.9856,0.009962,0.394,0,0.02392,1.723,1.611,0.456,1.365,0,0
1367,0.7219,0.5223,0.9978,1662,0,84.92,54.99,8.65e-06,0.0738,0.9582,0.9812,0.01096,0.3588,0,0.03006,1.746,1.62,0.4769,1.47,0,0
1368,0.7893,0.5893,1,1414,0,84.92,63.79,8.65e-06,0.06451,0.9633,0.9886,0.009051,0.412,0,0.02257,1.801,1.69,0.4972,1.532,0,0
1369,0.7714,0.5714,1,1562,0,84.92,62.7,8.65e-06,0.121,0.9405,0.9658,0.01725,0.4173,0,0.02986,2.268,1.951,0.6503,1.763,0,0
1370,0.9484,0.75,0.9955,1331,0,84.92,68.47,8.65e-06,0.08408,0.9566,0.9799,0.01166,0.323,0,0.02058,1.788,1.633,0.4782,1.86,-0.003706,0
1371,0.7597,0.5714,0.9732,1810,0.02679,84.92,82.33,8.65e-06,0.07878,0.9588,0.9809,0.01071,0.4284,0,0.02374,1.878,1.726,0.5126,1.985,-0.03188,0
1372,0.8239,0.625,0.9978,1166,0,84.92,47.71,8.64e-06,0.07692,0.9641,0.985,0.009049,0.365,0,0.02161,1.572,1.455,0.3599,0.6111,-0.003098,0
1373,0.8713,0.6741,0.9911,1818,0.004464,84.92,80.1,8.64e-06,0.06088,0.9672,0.9883,0.008365,0.3896,0,0.02361,1.567,1.475,0.3789,0.8588,-0.004916,0
1374,0.8295,0.6295,1,1980,0,84.92,62,8.64e-06,0.06263,0.9615,0.9865,0.009457,0.3966,0,0.02402,1.685,1.58,0.4518,0.9998,0,0
1375,0.8246,0.625,0.9978,1914,0,84.92,59.65,8.64e-06,0.06271,0.9599,0.9861,0.00988,0.4426,0,0.02701,1.747,1.639,0.4916,1.091,0,0
1376,0.8161,0.6161,1,2218,0,84.92,66.36,8.64e-06,0.05241,0.9646,0.9881,0.008939,0.4303,0,0.03042,1.613,1.531,0.4243,1.103,0,0
1377,0.8245,0.625,0.9978,2287,0,84.92,69.35,8.63e-06,0.06021,0.9591,0.9858,0.01059,0.4087,0,0.02951,1.847,1.733,0.5272,1.182,-9.591e-05,0
1378,0.7889,0.5893,1,1908,0,84.92,69.09,8.63e-06,0.06452,0.9612,0.9852,0.009721,0.3821,0,0.02856,1.817,1.701,0.5129,1.327,-0.001687,0
1379,0.8464,0.6473,0.9978,2026,0,84.92,72.75,8.63e-06,0.07104,0.9591,0.9839,0.01061,0.3606,0,0.02909,1.865,1.734,0.5389,1.184,-0.00221,0
1380,0.6955,0.4955,1,1999,0,84.92,74.81,8.63e-06,0.07695,0.953,0.9795,0.01266,0.4434,0,0.02731,1.959,1.813,0.5955,1.458,-5.668e-05,0
1381,0.8273,0.6295,0.9955,2454,0.004464,84.92,77.26,8.63e-06,0.04593,0.9686,0.9894,0.007568,0.4056,0,0.02893,1.679,1.602,0.4773,1.221,-0.006256,0
1382,0.7253,0.5268,0.9978,1941,0,84.92,90.31,8.63e-06,0.08296,0.9528,0.9764,0.01285,0.3661,0,0.02125,1.935,1.767,0.5722,1.154,-0.005434,0
1383,0.4828,0.2991,0.9688,2397,0.02679,84.92,98.03,8.62e-06,0.07816,0.9607,0.9813,0.01019,0.2339,0,0.0254,1.733,1.593,0.4822,1.019,-0.05005,0
1384,0.8211,0.625,0.9911,1856,0.004464,84.92,91.37,8.62e-06,0.06913,0.9656,0.9856,0.008461,0.2993,0,0.02989,1.657,1.547,0.4415,1.098,-0.01047,0
1385,0.7446,0.5446,1,1751,0,84.92,60.75,8.62e-06,0.1071,0.9526,0.9729,0.0138,0.423,0,0.02161,2.022,1.747,0.557,0.8555,0,0
1386,0.6281,0.4286,0.9978,1913,0,84.92,71.74,8.62e-06,0.08842,0.9541,0.9762,0.01161,0.4056,0,0.02485,2.308,2.059,0.7057,0.8935,0,0
1387,0.6953,0.4955,1,1431,0,84.92,82.06,8.62e-06,0.1032,0.9543,0.9758,0.01321,0.3972,0,0.01857,1.943,1.693,0.5149,0.8485,-0.001038,0
1388,0.8504,0.6518,0.9978,1809,0,56.43,102.8,8.61e-06,0.05392,0.9702,0.9921,0.005906,0.3499,0,0.02283,1.837,1.744,0.5288,1.021,-0.004905,0
1389,0.7127,0.5134,1,1890,0,56.43,67.57,8.61e-06,0.04703,0.9715,0.9925,0.005882,0.3537,0,0.01852,1.716,1.638,0.4669,1.186,-0.003248,0
1390,0.7082,0.5089,0.9978,1271,0,56.43,62.84,8.61e-06,0.1141,0.9578,0.9748,0.01162,0.3762,0,0.01616,1.955,1.7,0.4968,1.767,-0.001391,0
1391,0.8671,0.6696,0.9955,1945,0,56.43,79.32,8.61e-06,0.05459,0.9746,0.9915,0.00581,0.3691,0,0.02129,1.598,1.515,0.3959,1.019,-0.008466,0
1392,0.7759,0.5759,1,1610,0,56.43,68.14,8.61e-06,0.1051,0.9537,0.9766,0.01187,0.3437,0,0.02039,2.19,1.91,0.613,1.283,-0.000133,0
1393,0.6996,0.5,0.9978,1617,0,56.43,63.46,8.6e-06,0.07875,0.9642,0.9837,0.009245,0.363,0,0.0247,1.753,1.587,0.4483,1.349,0,0
1394,0.6866,0.4866,1,1740,0,56.43,60.27,8.6e-06,0.05351,0.9705,0.9895,0.006595,0.4309,0,0.02367,1.65,1.564,0.4387,1.15,0,0
1395,0.8027,0.6027,1,1686,0,56.43,46.22,8.6e-06,0.06509,0.9682,0.9853,0.00797,0.373,0,0.0264,1.578,1.48,0.3878,1.141,0,0
1396,0.8018,0.6027,0.9955,1676,0,60.71,52,8.6e-06,0.05549,0.97,0.9889,0.006838,0.3469,0,0.01907,1.69,1.599,0.4554,1.353,0,0
1397,0.6732,0.4732,1,1727,0,68.59,66.4,8.6e-06,0.05527,0.9703,0.9886,0.007501,0.412,0,0.02246,1.631,1.546,0.4189,1.54,-0.0001112,0
1398,0.7982,0.5982,1,1773,0,68.59,71.58,8.59e-06,0.1173,0.9481,0.9734,0.01359,0.4137,0,0.01904,2.305,1.994,0.6742,0.8638,0,0
1399,0.8229,0.625,0.9978,1603,0,68.59,91.04,8.59e-06,0.08774,0.961,0.9831,0.009738,0.3464,0,0.01975,1.994,1.777,0.542,1.258,-0.008061,0
1400,0.825,0.625,1,1714,0,68.59,57.49,8.59e-06,0.1219,0.9481,0.971,0.01434,0.3872,0,0.01716,2.24,1.943,0.6461,1.336,0,0
1401,0.7931,0.5937,1,2187,0,68.59,79.94,8.59e-06,0.0572,0.9669,0.9905,0.007529,0.3599,0,0.02597,2.046,1.901,0.579,1.247,-0.003043,0
1402,0.8471,0.6473,1,1741,0,68.59,47.44,8.59e-06,0.06701,0.9687,0.989,0.00688,0.4204,0,0.04138,1.828,1.713,0.498,0.613,-0.001295,0
1403,0.9365,0.7366,1,1808,0,68.59,48.57,8.59e-06,0.05902,0.9708,0.989,0.006628,0.3488,0,0.01974,1.759,1.659,0.4709,1.039,-0.0004316,0
1404,0.7625,0.5625,1,1948,0,68.59,58.95,8.58e-06,0.0575,0.9673,0.9899,0.0076,0.4075,0,0.02389,1.836,1.735,0.5261,1.215,0,0
1405,0.7352,0.5357,0.9978,2508,0,68.59,76.59,8.58e-06,0.04418,0.9699,0.9918,0.006504,0.4226,0,0.03087,1.886,1.799,0.5646,1.233,-0.0003815,0
1406,0.7933,0.5938,0.9978,1347,0,68.59,74.76,8.58e-06,0.106,0.9569,0.9757,0.01178,0.3598,0,0.01985,1.896,1.66,0.4882,1.657,0,0
1407,0.6888,0.4911,0.9933,1461,0.004464,68.59,65.27,8.58e-06,0.1438,0.9427,0.9652,0.01657,0.3893,0,0.01774,2.23,1.876,0.6322,1.997,-0.004894,0
1408,0.883,0.683,1,1280,0,68.59,73.12,8.58e-06,0.1192,0.9498,0.9735,0.01378,0.3895,0,0.01825,2.197,1.886,0.6087,2.077,0,0
1409,0.7127,0.5134,0.9978,1368,0,68.59,84.8,8.57e-06,0.1891,0.9267,0.9491,0.02267,0.3882,0,0.02062,2.529,2.003,0.7322,2.013,-0.001428,0
1410,0.8133,0.6161,0.9911,2546,0.004464,68.59,104.7,8.57e-06,0.04333,0.9743,0.9925,0.005693,0.3418,0,0.02327,1.684,1.614,0.4531,0.6331,-0.005033,0
1411,0.8866,0.6875,1,2865,0,74.31,152.7,8.57e-06,0.0394,0.9795,0.9938,0.004167,0.1805,0.4286,0.03208,1.58,1.522,0.3968,0.7521,-0.004482,0
1412,0.5097,0.3214,0.9732,2785,0.01786,74.31,98.78,8.57e-06,0.08331,0.9595,0.9774,0.01083,0.3594,0,0.02459,2.034,1.834,0.6054,0.7361,-0.03168,0
1413,0.4963,0.308,0.9732,2828,0.02679,74.31,86.51,8.57e-06,0.08529,0.9562,0.9747,0.01166,0.3714,0,0.02491,1.963,1.788,0.6041,0.7335,-0.03181,0
1414,0.4892,0.3036,0.9665,2994,0.03125,74.31,91.58,8.56e-06,0.05738,0.9658,0.9839,0.008248,0.357,0,0.02669,1.848,1.74,0.5534,1.062,-0.03817,0
1415,0.445,0.2545,0.9821,3089,0.01786,74.31,98.16,8.56e-06,0.07146,0.9613,0.9785,0.0101,0.3054,0,0.02634,1.924,1.787,0.5878,0.69,-0.02951,0
1416,0.6136,0.4152,0.9955,2307,0,77.65,69.51,8.56e-06,0.05599,0.9734,0.9916,0.005354,0.3779,0,0.02061,1.737,1.65,0.4748,1.273,-0.003318,0
1417,0.6659,0.4688,0.9933,2313,0,78.01,99.01,8.56e-06,0.04683,0.9741,0.9915,0.005208,0.4148,0,0.03583,1.746,1.67,0.4821,1.285,-0.007802,0
1418,0.7215,0.5268,0.9955,2966,0.004464,78.56,129,8.56e-06,0.03529,0.9779,0.9948,0.003877,0.3623,0,0.0285,1.749,1.691,0.4783,1.279,-0.02179,0
1419,0.9298,0.7366,0.9799,2693,0.01339,78.56,88.97,8.55e-06,0.04152,0.9726,0.9931,0.005154,0.3657,0,0.02271,1.794,1.723,0.5061,0.6455,-0.01402,0
1420,0.7702,0.5714,0.9978,2230,0,78.56,89.8,8.55e-06,0.0481,0.9723,0.9913,0.005858,0.3952,0,0.02451,1.702,1.625,0.4405,1.095,-0.003935,0
1421,0.8022,0.6071,0.9888,2654,0.008929,78.56,90.34,8.55e-06,0.04183,0.9734,0.9934,0.005411,0.3451,0,0.02404,1.691,1.622,0.4446,0.6474,-0.01331,0
1422,0.7353,0.5357,0.9978,1475,0,78.56,58.2,8.55e-06,0.0861,0.962,0.9817,0.01019,0.3123,0,0.02282,1.692,1.527,0.3974,1.013,0,0
1423,0.7535,0.5625,0.9821,2744,0.01339,78.56,99.1,8.55e-06,0.08242,0.96,0.9804,0.01079,0.4141,0,0.02884,1.73,1.558,0.4279,0.7778,-0.02713,0
1424,0.6597,0.4598,1,2097,0,78.56,67.32,8.54e-06,0.09665,0.9584,0.9782,0.01095,0.3481,0,0.02673,1.806,1.573,0.4097,0.8074,-0.0003967,0
1425,0.7374,0.5402,0.9978,2198,0,78.56,101.6,8.54e-06,0.08552,0.9584,0.9803,0.01035,0.2724,0,0.02821,1.827,1.646,0.4691,0.7986,-0.01144,0
1426,0.7621,0.567,0.9933,2649,0.008929,84.71,108,8.54e-06,0.06315,0.9684,0.9878,0.007173,0.3358,0,0.026,1.615,1.519,0.3895,0.7722,-0.01786,0
1427,0.7972,0.5982,0.9978,2548,0,84.71,77.32,8.54e-06,0.06165,0.9643,0.9869,0.008443,0.3151,0,0.03148,1.63,1.53,0.4003,1.017,-0.003004,0
1428,0.8256,0.6295,0.9955,2303,0,84.71,82.92,8.54e-06,0.0741,0.9627,0.9841,0.009101,0.2348,0,0.03248,1.688,1.545,0.4016,1.253,-0.01464,0
1429,0.7429,0.5446,1,2585,0,84.71,97.84,8.54e-06,0.05548,0.9714,0.9896,0.006838,0.3762,0,0.0326,1.438,1.355,0.2787,0.6003,-0.008711,0
1430,0.8018,0.6027,0.9955,988.2,0,84.71,39.95,8.53e-06,0.1387,0.9607,0.9748,0.01139,0.3319,0,0.02052,1.583,1.343,0.2527,0.069,0,0
1431,0.7884,0.5893,0.9955,1838,0,84.71,89.8,8.53e-06,0.1257,0.9549,0.9725,0.01334,0.3125,0,0.03568,1.738,1.442,0.3178,0.252,0,0
1432,0.6911,0.4911,1,2345,0,84.71,95.83,8.53e-06,0.09877,0.9602,0.9778,0.01157,0.4334,0,0.02819,1.52,1.368,0.313,0.9525,-1.09e-05,0
1433,0.7306,0.5313,1,2153,0,84.71,63.89,8.53e-06,0.0874,0.9594,0.9805,0.01117,0.4504,0,0.03109,1.561,1.427,0.3435,0.9508,-0.003333,0
1434,0.6659,0.4688,0.9955,2663,0.004464,84.71,98.1,8.53e-06,0.06735,0.9635,0.9846,0.009611,0.4124,0,0.0388,1.608,1.505,0.3922,0.9249,-0.009916,0
1435,0.8464,0.6473,1,2202,0,84.71,78.38,8.52e-06,0.09173,0.9578,0.9777,0.01232,0.4238,0,0.03042,1.596,1.42,0.3359,0.8123,-0.004482,0
1436,0.9277,0.7277,1,2178,0,84.71,66.19,8.52e-06,0.09284,0.9567,0.9778,0.01229,0.3838,0,0.04286,1.656,1.473,0.3734,0.7422,0,0
1437,0.9317,0.7321,0.9978,1909,0,84.71,96.56,8.52e-06,0.07444,0.9668,0.9857,0.009341,0.3152,0,0.0273,1.427,1.326,0.2704,0.384,0,0
1438,0.7705,0.5714,0.9955,2561,0,84.71,79.16,8.52e-06,0.0758,0.96,0.9819,0.01042,0.3894,0,0.02874,1.736,1.577,0.4304,0.9385,-0.0004011,0
1439,0.8371,0.6384,0.9933,2019,0,84.71,65.8,8.52e-06,0.1261,0.9458,0.9656,0.01619,0.4013,0,0.02658,1.846,1.553,0.4369,1.051,0,0
1440,0.7935,0.5938,1,2824,0,84.71,86.32,8.51e-06,0.05328,0.9671,0.9871,0.008672,0.3441,0,0.04579,1.459,1.382,0.3151,1.131,-0.001478,0
1441,0.802,0.6027,0.9978,1799,0,84.71,71.51,8.51e-06,0.06306,0.9666,0.9865,0.008791,0.3673,0,0.02374,1.452,1.361,0.2884,1.102,-0.001349,0
1442,0.9094,0.7098,0.9978,1963,0,84.71,74.21,8.51e-06,0.07071,0.962,0.9838,0.0102,0.3901,0,0.02899,1.597,1.486,0.3619,1.267,0,0
1443,0.7045,0.5045,1,1205,0,84.71,63.91,8.51e-06,0.1578,0.9484,0.963,0.01472,0.4025,0,0.02428,1.676,1.403,0.3455,1.06,0,0
1444,0.8384,0.6384,1,1815,0,84.71,66.9,8.51e-06,0.07205,0.9654,0.9844,0.009729,0.391,0,0.03446,1.397,1.3,0.2601,0.3768,0,0
1445,0.8829,0.683,1,2206,0,84.71,75.7,8.5e-06,0.0714,0.9631,0.9831,0.01047,0.3933,0,0.03777,1.449,1.349,0.2889,1.091,-0.0005929,0
1446,0.6643,0.4643,1,2096,0,84.71,77.57,8.5e-06,0.09799,0.9565,0.9744,0.01235,0.4058,0,0.03463,1.556,1.406,0.3511,0.6456,-1.308e-05,0
1447,0.9007,0.7009,1,2863,0,84.71,88.21,8.5e-06,0.06967,0.9598,0.9802,0.01137,0.4029,0,0.04246,1.471,1.372,0.3265,0.7514,-0.001179,0
1448,0.8696,0.6696,1,2735,0,84.71,78.16,8.5e-06,0.07719,0.9594,0.978,0.01141,0.3639,0,0.04094,1.507,1.392,0.3448,0.6949,0,0
1449,0.788,0.5893,1,2562,0,84.71,85.38,8.5e-06,0.107,0.9529,0.9721,0.01337,0.4395,0,0.03285,1.678,1.455,0.3701,0.6844,-0.006555,0
1450,0.6633,0.4643,1,2576,0,84.71,86.45,8.49e-06,0.07568,0.9632,0.9838,0.01018,0.4003,0,0.03339,1.493,1.381,0.3134,0.8715,-0.004924,0
1451,0.9089,0.7098,0.9955,2380,0,84.71,72.29,8.49e-06,0.0752,0.9608,0.982,0.0105,0.3742,0,0.03122,1.499,1.388,0.3254,0.9574,-0.0003052,0
1452,0.9176,0.7188,1,2387,0,84.71,72.99,8.49e-06,0.07398,0.9619,0.9811,0.01044,0.3307,0,0.02755,1.455,1.348,0.3013,0.8652,-0.005842,0
1453,0.7943,0.5982,0.9955,3361,0.004464,84.71,93.04,8.49e-06,0.06652,0.9629,0.9821,0.01031,0.4258,0,0.05982,1.454,1.358,0.3082,0.8738,-0.01534,0
1454,0.8295,0.6295,1,2268,0,84.71,71.8,8.49e-06,0.08225,0.9647,0.9815,0.009865,0.3516,0,0.03719,1.437,1.317,0.2753,0.8927,0,0
1455,0.7436,0.5446,0.9978,2084,0,84.71,89.81,8.48e-06,0.1018,0.9559,0.977,0.01219,0.2895,0,0.02469,1.665,1.479,0.3605,0.6961,-0.003163,0
1456,0.8027,0.6027,1,1557,0,84.71,93.18,8.48e-06,0.1325,0.9563,0.9698,0.01291,0.216,0.4286,0.03246,1.572,1.333,0.2736,0.61,0,0
1457,0.7268,0.5268,1,1752,0,84.71,61.11,8.48e-06,0.1399,0.9548,0.9677,0.01372,0.3904,0,0.03232,1.68,1.375,0.297,0.4854,0,0
1458,0.7575,0.558,1,2188,0,84.71,85.33,8.48e-06,0.1093,0.9555,0.9725,0.01338,0.3762,0,0.03515,1.574,1.371,0.3094,0.4228,-0.002518,0
1459,0.7357,0.5357,1,1619,0,84.71,70.17,8.48e-06,0.1456,0.9527,0.9655,0.01488,0.3756,0,0.03431,1.662,1.37,0.3025,0.4592,0,0
1460,0.8423,0.6429,0.9978,1543,0,84.71,50.82,8.47e-06,0.1799,0.9439,0.9538,0.01773,0.37,0,0.02406,1.792,1.408,0.3254,0.4289,-0.0003444,0
1461,0.8826,0.683,0.9978,1687,0,84.71,83.1,8.47e-06,0.1306,0.9567,0.9677,0.01313,0.3933,0,0.01975,1.54,1.308,0.2666,0.3417,0,0
1462,0.828,0.6295,0.9955,1610,0,84.71,71.45,8.47e-06,0.1258,0.9595,0.9719,0.01181,0.456,0,0.0207,1.442,1.272,0.2501,0.6315,-0.00288,0
1463,0.6866,0.4866,1,1791,0,84.71,66.01,8.47e-06,0.09183,0.9659,0.9816,0.009471,0.4311,0,0.02323,1.417,1.295,0.2568,0.6533,0,0
1464,0.6712,0.4732,0.9978,1851,0,84.71,82.61,8.47e-06,0.1171,0.9553,0.9709,0.01275,0.4199,0,0.01918,1.544,1.373,0.3269,0.648,-0.007642,0
1465,0.6728,0.4732,0.9978,2004,0,84.71,64.98,8.46e-06,0.1168,0.9497,0.964,0.01489,0.3553,0,0.02243,1.573,1.393,0.3628,0.9136,0,0
1466,0.721,0.5223,0.9978,1940,0,60.79,97.63,8.46e-06,0.06191,0.9712,0.9875,0.007212,0.3057,0,0.03348,1.409,1.326,0.2648,0.2275,-0.004248,0
1467,0.7872,0.5893,1,2394,0,60.79,84.77,8.46e-06,0.06326,0.9722,0.9871,0.007367,0.3602,0,0.04141,1.331,1.25,0.2176,0.3251,-0.01039,0
1468,0.6504,0.4509,0.9978,1794,0,69,64.99,8.46e-06,0.1477,0.9414,0.9596,0.01799,0.3736,0,0.02777,1.849,1.518,0.4099,0.6815,-3.488e-05,0
1469,0.8552,0.6562,1,2016,0,69,139.8,8.46e-06,0.08928,0.961,0.9798,0.01108,0.2391,0.2857,0.03268,1.465,1.34,0.2802,0.5882,-0.005171,0
1470,0.8691,0.6696,1,1707,0,69,62.97,8.45e-06,0.1063,0.955,0.9728,0.01312,0.3676,0,0.03008,1.511,1.356,0.3048,0.1918,-0.002481,0
1471,0.7309,0.5357,0.9955,2892,0.004464,69,110.5,8.45e-06,0.06599,0.9658,0.9866,0.009081,0.4179,0,0.03381,1.776,1.445,0.308,0.6594,-0.01958,0
1472,0.8284,0.6295,0.9955,1757,0,70.13,63.53,8.45e-06,0.107,0.9604,0.9756,0.01144,0.3366,0,0.03483,1.525,1.326,0.2656,1.098,-0.000885,0
1473,0.7422,0.5491,0.9911,2843,0.008929,70.13,122.1,8.45e-06,0.09206,0.9596,0.9752,0.01134,0.3516,0,0.03002,1.543,1.355,0.2966,0.9624,-0.02541,0
1474,0.7682,0.5714,0.9955,2607,0.004464,70.13,50.66,8.45e-06,0.07879,0.9594,0.9789,0.01165,0.4154,0,0.04367,1.47,1.355,0.2995,0.8268,-0.0116,0
1475,0.7787,0.5804,0.9978,2560,0,76.99,88.95,8.44e-06,0.08619,0.9561,0.9758,0.01271,0.3915,0,0.04878,1.517,1.389,0.3264,0.8741,-0.006186,0
1476,0.7617,0.5625,0.9978,1849,0,76.99,76.54,8.44e-06,0.1008,0.956,0.9739,0.01255,0.3895,0,0.03293,1.579,1.428,0.3498,0.6847,-0.001657,0
1477,0.8108,0.6116,0.9978,2249,0,76.99,67.47,8.44e-06,0.1018,0.9585,0.971,0.01227,0.4362,0,0.04645,1.451,1.306,0.279,1.017,-0.001589,0
1478,0.6339,0.4375,1,2948,0,76.99,95.61,8.44e-06,0.09505,0.9551,0.974,0.01287,0.4814,0,0.03185,1.635,1.469,0.3748,0.8862,-0.0179,0
1479,0.8196,0.6205,1,2255,0,80.55,67.17,8.44e-06,0.09854,0.9556,0.9727,0.01298,0.3679,0,0.02537,1.532,1.387,0.3323,0.9963,-0.004466,0
1480,0.7883,0.5893,1,2686,0,80.55,85.03,8.43e-06,0.1084,0.95,0.9734,0.01389,0.3459,0,0.02237,1.938,1.678,0.4826,1.184,-0.004822,0
1481,0.9076,0.7098,0.9955,1918,0.004464,80.55,103.5,8.43e-06,0.1265,0.951,0.9683,0.01512,0.3772,0,0.02542,1.751,1.494,0.3856,0.5451,-0.006502,0
1482,0.7763,0.5804,0.9911,1602,0.004464,80.55,64.58,8.43e-06,0.2304,0.9237,0.9409,0.0242,0.3434,0,0.02351,2.474,1.819,0.5808,0.5322,-0.01156,0
1483,0.738,0.5446,0.9911,3058,0.008929,80.55,98.13,8.43e-06,0.07914,0.9602,0.9799,0.01077,0.3883,0,0.02113,1.663,1.511,0.3977,0.7843,-0.02451,0
1484,0.7387,0.5402,1,2580,0,80.55,67.32,8.43e-06,0.0833,0.9584,0.9793,0.01122,0.4091,0,0.03054,1.743,1.596,0.4438,0.8167,-0.007595,0
1485,0.7617,0.567,0.9955,2453,0.004464,80.55,67.68,8.42e-06,0.09695,0.9567,0.9741,0.01159,0.4024,0,0.02553,1.67,1.51,0.4119,0.993,-0.02169,0
1486,0.8303,0.6339,0.9933,2806,0.004464,80.55,85.05,8.42e-06,0.1048,0.9523,0.969,0.01325,0.3844,0,0.02787,1.768,1.549,0.4457,1.015,-0.0116,0
1487,0.807,0.6071,1,2618,0,80.55,59.42,8.42e-06,0.07593,0.9621,0.9812,0.009537,0.4137,0,0.02607,1.7,1.568,0.4329,0.8594,-0.0007215,0
1488,0.829,0.6295,0.9978,2597,0,80.55,94.91,8.42e-06,0.0734,0.9617,0.9799,0.01011,0.4288,0,0.02701,1.64,1.52,0.4193,0.8088,0,0
1489,0.8509,0.6518,0.9955,1300,0,80.55,66.49,8.42e-06,0.2098,0.9343,0.9426,0.01961,0.3948,0,0.0179,2.031,1.572,0.4578,1.936,0,0
1490,0.7971,0.5982,0.9978,1885,0,80.55,80.76,8.41e-06,0.1794,0.9361,0.9493,0.01929,0.3694,0,0.02203,2.089,1.662,0.5121,2.151,-0.003174,0
1491,0.6991,0.5,0.9955,1625,0,80.55,80.08,8.41e-06,0.1837,0.9362,0.9518,0.01907,0.3144,0,0.02545,2.089,1.67,0.5082,2.047,0,0
1492,0.7621,0.5625,0.9978,1385,0,80.55,62.19,8.41e-06,0.1758,0.9403,0.9504,0.01784,0.3334,0,0.01934,1.999,1.596,0.4583,2.104,0,0
1493,0.8257,0.6295,0.9978,2183,0,80.55,75.57,8.41e-06,0.07848,0.9649,0.98,0.009229,0.4248,0,0.02308,1.648,1.52,0.3902,0.5505,-0.01682,0
1494,0.9486,0.7545,0.9933,1988,0.004464,83.36,78.31,8.41e-06,0.1053,0.9609,0.9755,0.01015,0.3999,0,0.02359,1.694,1.487,0.357,0.5607,-0.02242,0
1495,0.6913,0.5,0.9955,2495,0.004464,84.91,97.17,8.4e-06,0.0836,0.9628,0.9789,0.009915,0.3685,0,0.02402,1.558,1.432,0.3462,0.541,-0.03926,0
1496,1.022,0.8259,0.9955,2222,0.004464,84.91,75.69,8.4e-06,0.1131,0.9551,0.9695,0.01289,0.3743,0,0.0232,1.804,1.521,0.3995,0.4722,-0.01437,0
1497,0.4585,0.2634,0.9888,2820,0.008929,84.91,88.47,8.4e-06,0.1185,0.9421,0.9628,0.01577,0.3456,0,0.0241,2.094,1.854,0.6395,0.9067,-0.01341,0
1498,0.4622,0.2857,0.9576,3253,0.04464,84.91,107.5,8.4e-06,0.1035,0.9465,0.9673,0.01485,0.2644,0,0.02226,2.075,1.858,0.6139,0.8531,-0.07521,0
1499,0.5197,0.3259,0.9911,2697,0.008929,84.91,77.64,8.4e-06,0.1146,0.9388,0.963,0.01779,0.3016,0,0.03104,2.251,2.001,0.6659,0.8596,-0.02221,0
1500,0.53,0.3348,0.9888,2624,0.008929,84.91,95.56,8.39e-06,0.1066,0.9479,0.968,0.01455,0.347,0,0.02491,1.923,1.716,0.5544,0.7348,-0.01282,0
1501,0.7576,0.558,1,1697,0,84.91,65.28,8.39e-06,0.08523,0.9616,0.9784,0.00994,0.3279,0,0.01799,1.793,1.643,0.4342,1.605,-0.00204,0
1502,0.7452,0.558,0.9777,2340,0.02232,84.91,103,8.39e-06,0.07543,0.9597,0.9822,0.01002,0.3646,0,0.02193,1.919,1.776,0.5078,1.654,-0.04164,0
1503,0.6634,0.4643,0.9955,1565,0,84.91,67.69,8.39e-06,0.1293,0.9423,0.9652,0.01668,0.3337,0,0.01614,2.357,1.997,0.6463,1.422,-0.0002005,0
1504,0.6886,0.4911,0.9933,1639,0.004464,84.91,66.55,8.39e-06,0.07688,0.9639,0.9811,0.008794,0.4195,0,0.01726,1.776,1.649,0.4236,1.721,-0.005526,0
1505,0.9946,0.7946,1,1685,0,84.91,70.52,8.38e-06,0.09227,0.9528,0.9802,0.01213,0.3832,0,0.01732,2.098,1.91,0.574,0.6119,0,0
1506,0.941,0.7411,1,2001,0,84.91,71.9,8.38e-06,0.08132,0.9558,0.9802,0.01064,0.4077,0,0.01872,2.295,2.111,0.6066,1.462,-0.0001308,0
1507,0.8955,0.6964,0.9955,1986,0,84.91,65.21,8.38e-06,0.07533,0.9549,0.9837,0.01056,0.4358,0,0.0229,2.296,2.127,0.6372,0.7495,0,0
1508,0.8201,0.6205,0.9978,2030,0,84.91,71.17,8.38e-06,0.08585,0.9513,0.9803,0.01191,0.4251,0,0.01832,2.401,2.193,0.6616,1.687,0,0
1509,0.8064,0.6071,0.9978,1622,0,84.91,71.16,8.38e-06,0.1255,0.9371,0.9689,0.01721,0.3521,0,0.01928,2.657,2.301,0.7373,1.612,-0.001578,0
1510,0.829,0.6295,0.9978,1442,0,84.91,61.5,8.37e-06,0.1249,0.9372,0.9693,0.01649,0.3976,0,0.01605,3.022,2.616,0.8249,1.228,0,0
1511,0.8647,0.6652,0.9978,1406,0,84.91,71.86,8.37e-06,0.1215,0.9396,0.9711,0.0165,0.3754,0,0.01639,2.681,2.315,0.7241,1.267,0,0
1512,0.9098,0.7098,1,1244,0,84.91,61.96,8.37e-06,0.163,0.9294,0.9592,0.02073,0.3978,0,0.01478,2.804,2.318,0.7656,1.621,0,0
1513,0.753,0.5536,1,1964,0,84.91,67.57,8.37e-06,0.1,0.9487,0.9774,0.01222,0.3801,0,0.02033,2.392,2.163,0.674,1.456,-0.003041,0
1514,0.8223,0.625,0.9911,2075,0.004464,84.91,79.28,8.37e-06,0.1048,0.9432,0.9751,0.0141,0.366,0,0.0167,2.473,2.224,0.6963,1.497,-0.004464,0
1515,0.8238,0.625,0.9978,1785,0,84.91,60.52,8.36e-06,0.1086,0.9461,0.9755,0.01331,0.3247,0,0.01543,2.458,2.214,0.6684,1.597,-0.003717,0
1516,0.5703,0.3705,1,1889,0,84.91,62.56,8.36e-06,0.1059,0.9402,0.9752,0.01422,0.3233,0,0.01793,2.944,2.653,0.8243,1.677,-0.001332,0
1517,0.9134,0.7143,0.9955,1137,0,84.91,47.64,8.36e-06,0.13,0.945,0.9681,0.01476,0.3784,0,0.01247,2.355,2.024,0.5848,0.7855,0,0
1518,1.013,0.8125,1,1104,0,84.91,48.41,8.36e-06,0.1898,0.9241,0.9455,0.02266,0.3475,0,0.01588,2.653,2.089,0.7207,0.5519,0,0
1519,0.8686,0.6741,0.9955,1657,0.008929,84.91,86.25,8.36e-06,0.1196,0.9509,0.9688,0.01298,0.349,0,0.01422,2.204,1.915,0.569,0.689,-0.02303,0
1520,0.8607,0.6607,1,1083,0,84.91,41.87,8.35e-06,0.136,0.9448,0.9655,0.01521,0.3597,0,0.01427,2.302,1.98,0.6051,0.7829,0,0
1521,0.7215,0.5223,0.9978,1583,0,84.91,77.48,8.35e-06,0.1119,0.955,0.9775,0.01084,0.3465,0,0.01612,2.345,2.098,0.5741,1.785,-0.001796,0
1522,0.806,0.6071,0.9955,1801,0,84.91,58.9,8.35e-06,0.1111,0.9579,0.9795,0.0105,0.3918,0,0.0189,2.17,1.811,0.5038,1.832,-0.001487,0
1523,0.76,0.5625,0.9888,1481,0,84.91,55.32,8.35e-06,0.1277,0.9468,0.9728,0.01399,0.3773,0,0.01446,2.406,2.115,0.5986,1.862,-0.001123,0
1524,0.6191,0.4196,0.9978,1677,0,84.91,54.77,8.35e-06,0.1131,0.9548,0.972,0.01163,0.388,0,0.01763,1.899,1.699,0.45,1.618,-0.000667,0
1525,0.8107,0.6116,0.9955,1447,0,84.91,64.02,8.34e-06,0.1627,0.9363,0.9593,0.01699,0.4048,0,0.01871,2.499,2.096,0.6647,1.377,0,0
1526,0.8652,0.6652,1,1804,0,84.91,69.3,8.34e-06,0.1331,0.9363,0.9654,0.01758,0.3704,0,0.01853,2.518,2.182,0.7012,1.481,0,0
1527,0.7268,0.5268,1,1705,0,84.91,60.45,8.34e-06,0.1336,0.9378,0.9637,0.01722,0.4208,0,0.01832,2.374,2.012,0.6663,1.086,0,0
1528,0.8338,0.6339,1,1800,0,84.91,70.67,8.34e-06,0.1861,0.924,0.9479,0.02166,0.3936,0,0.01678,2.943,2.37,0.8192,1.24,-0.0008676,0
1529,0.8156,0.6161,0.9978,2090,0,84.91,81.37,8.34e-06,0.1089,0.9465,0.9708,0.01446,0.4434,0,0.02102,2.269,1.99,0.6042,1.774,-0.0002376,0
1530,0.7491,0.5491,1,1679,0,84.91,61.01,8.33e-06,0.08764,0.9563,0.9779,0.01094,0.3958,0,0.02076,1.989,1.818,0.4703,2.039,0,0
1531,0.8732,0.6741,0.9955,1990,0,84.91,69.75,8.33e-06,0.08905,0.9569,0.9766,0.01105,0.443,0,0.02021,1.845,1.675,0.4547,1.853,0,0
1532,0.7567,0.558,0.9955,2061,0,84.91,74.49,8.33e-06,0.1161,0.9443,0.9698,0.01542,0.4037,0,0.01791,2.23,1.949,0.59,1.809,-0.002219,0
1533,0.8205,0.6205,1,1830,0,84.91,65.53,8.33e-06,0.1126,0.9489,0.969,0.01388,0.4062,0,0.0183,2.118,1.893,0.5369,2.139,0,0
1534,0.784,0.5848,0.9978,1864,0,84.91,82.32,8.33e-06,0.1176,0.9465,0.967,0.0135,0.4012,0,0.02038,2.375,2.129,0.6274,2.745,-0.001803,0
1535,0.7574,0.558,0.9978,1659,0,84.91,95.07,8.32e-06,0.1214,0.9498,0.9664,0.01309,0.3978,0,0.01933,2.035,1.813,0.5026,2.573,-0.001101,0
1536,0.7641,0.567,0.9978,2438,0,84.91,66.92,8.32e-06,0.1004,0.9534,0.9724,0.01291,0.4043,0,0.02123,1.926,1.744,0.4734,1.498,-0.01201,0
1537,0.8026,0.6027,1,1855,0,84.91,73.71,8.32e-06,0.1258,0.9498,0.9657,0.01354,0.3775,0,0.02091,1.843,1.629,0.4312,1.645,-0.0003662,0
1538,0.89,0.692,0.9978,2483,0,84.91,82.98,8.32e-06,0.09085,0.9589,0.976,0.01049,0.3975,0,0.02221,1.6,1.463,0.3911,0.9814,-0.007806,0
1539,0.8862,0.6875,1,2867,0,84.91,106,8.31e-06,0.07808,0.9581,0.98,0.01094,0.3998,0,0.02854,1.7,1.571,0.4412,0.9554,-0.006461,0
1540,0.8069,0.6161,0.9821,3384,0.01786,84.91,101.1,8.31e-06,0.06991,0.959,0.9812,0.01058,0.4151,0,0.03285,1.681,1.563,0.4385,1.009,-0.02803,0
1541,0.9079,0.7098,0.9955,2329,0.004464,84.91,90.13,8.31e-06,0.1094,0.9573,0.9722,0.01185,0.3861,0,0.02375,1.551,1.391,0.3491,0.8755,-0.00504,0
1542,0.8603,0.6607,1,2423,0,84.91,80.31,8.31e-06,0.137,0.9486,0.9607,0.01436,0.3652,0,0.02277,1.833,1.539,0.451,1.103,-0.002053,0
1543,0.7442,0.5446,1,2180,0,84.91,82.36,8.31e-06,0.1167,0.9539,0.9683,0.01282,0.392,0,0.0244,1.633,1.451,0.3875,0.874,-0.002095,0
1544,0.8045,0.6071,1,2582,0,84.91,93.21,8.3e-06,0.0987,0.9598,0.9744,0.01086,0.4372,0,0.03105,1.554,1.406,0.3456,0.6467,-0.01326,0
1545,0.7777,0.5848,0.9911,2840,0.004464,84.91,95.31,8.3e-06,0.09055,0.9615,0.9757,0.009958,0.3917,0,0.032,1.536,1.403,0.3478,0.8403,-0.02656,0
1546,0.9557,0.7589,0.9955,3020,0.004464,84.91,105,8.3e-06,0.1008,0.9603,0.9694,0.0112,0.3066,0,0.03246,1.429,1.291,0.2831,0.3241,-0.01188,0
1547,1.025,0.8259,0.9978,1348,0,80.18,155.4,8.3e-06,0.09517,0.9696,0.9796,0.008509,0.0607,0.8571,0.03158,1.369,1.248,0.2171,0.502,-0.00165,0
1548,0.8857,0.6875,1,2135,0,80.18,88.71,8.3e-06,0.1457,0.9404,0.9601,0.01684,0.3835,0,0.02317,2.167,1.852,0.5874,0.5536,-0.009138,0
1549,0.7038,0.5045,1,1979,0,80.18,85.63,8.29e-06,0.1079,0.9525,0.9695,0.01303,0.3576,0,0.02564,1.695,1.518,0.4033,0.6942,-0.003553,0
1550,0.7138,0.5179,0.9911,2190,0.008929,80.18,85.43,8.29e-06,0.1039,0.9523,0.9723,0.0125,0.392,0,0.01926,1.942,1.761,0.5086,0.3556,-0.01157,0
1551,0.8473,0.6473,1,1553,0,80.18,108.2,8.29e-06,0.1452,0.9456,0.9591,0.01537,0.4168,0,0.01955,1.974,1.678,0.4752,1.154,0,0
1552,0.9674,0.7679,0.9978,1622,0,80.18,84.75,8.29e-06,0.1389,0.946,0.9591,0.0152,0.388,0,0.01945,1.857,1.589,0.4754,0.8649,0,0
1553,0.8278,0.6295,0.9955,2284,0,80.18,89.26,8.29e-06,0.108,0.9513,0.9716,0.01331,0.4473,0,0.02423,1.933,1.693,0.514,1.356,-0.003998,0
1554,0.783,0.5848,0.9955,1672,0,80.18,64.63,8.28e-06,0.1214,0.9577,0.9692,0.01143,0.3306,0,0.02064,1.723,1.492,0.3758,1.313,-0.004835,0
1555,0.6586,0.4598,0.9955,2049,0,80.18,85.02,8.28e-06,0.1181,0.9524,0.9652,0.01291,0.3729,0,0.02387,1.895,1.692,0.486,1.934,-0.001866,0
1556,0.6494,0.4509,0.9933,2155,0,80.18,66.76,8.28e-06,0.1102,0.954,0.968,0.01275,0.4215,0,0.02253,1.809,1.623,0.4647,1.81,-0.0009439,0
1557,0.7302,0.5312,0.9955,2309,0,80.18,88.17,8.28e-06,0.1164,0.9472,0.9665,0.01386,0.4309,0,0.0205,2.472,2.2,0.6694,1.974,-0.0007302,0
1558,0.6866,0.4866,1,2131,0,80.18,88.4,8.28e-06,0.125,0.9469,0.961,0.01445,0.4218,0,0.01968,2.177,1.923,0.5998,2.047,0,0
1559,0.9046,0.7054,1,1841,0,80.18,75.41,8.27e-06,0.119,0.9482,0.9676,0.01444,0.3879,0,0.01841,2.348,2.03,0.625,1.805,-0.004033,0
1560,0.8962,0.6964,1,1992,0,80.18,64.73,8.27e-06,0.1362,0.9463,0.9655,0.01436,0.3774,0,0.01874,2.742,2.324,0.7618,1.214,-0.00114,0
1561,0.9629,0.7634,0.9978,2031,0,80.18,78.24,8.27e-06,0.1072,0.9547,0.9733,0.01179,0.3216,0,0.01762,2.599,2.296,0.6614,1.258,-0.0003815,0
1562,0.9408,0.7411,1,1929,0,80.18,62.52,8.27e-06,0.1085,0.9557,0.9721,0.01161,0.4097,0,0.01838,2.293,2.021,0.6083,0.8387,-0.001282,0
1563,0.7844,0.5848,0.9978,2489,0,80.18,69.9,8.27e-06,0.06707,0.9559,0.9842,0.01045,0.428,0,0.02111,2.84,2.645,0.8416,1.517,0,0
1564,0.797,0.5982,0.9955,2576,0,80.18,66.55,8.26e-06,0.07369,0.9539,0.9815,0.011,0.4066,0,0.02127,3.454,3.213,0.9482,1.745,-0.001358,0
1565,0.712,0.5134,0.9933,2019,0,80.25,59.03,8.26e-06,0.1133,0.9473,0.9681,0.01409,0.3857,0,0.01993,2.653,2.332,0.74,1.404,-0.0002463,0
1566,0.7025,0.5045,0.9955,2794,0,80.25,84.63,8.26e-06,0.05763,0.9602,0.9869,0.008353,0.4362,0,0.02469,3.383,3.181,0.9592,1.603,-0.005454,0
1567,0.767,0.567,1,2405,0,80.25,54.8,8.26e-06,0.07024,0.9589,0.9832,0.00885,0.4065,0,0.01869,3.847,3.594,1.024,1.948,0,0
1568,0.6897,0.4911,0.9933,1690,0,80.25,72.67,8.25e-06,0.1236,0.9433,0.9648,0.01475,0.4413,0,0.01743,3.709,3.314,0.9683,2.581,-0.0002507,0
1569,0.8821,0.683,0.9955,1658,0,80.25,53,8.25e-06,0.1258,0.9454,0.9635,0.01468,0.3628,0,0.01882,2.391,2.081,0.6814,1.597,0,0
1570,0.7487,0.5491,0.9978,1656,0,80.25,81.81,8.25e-06,0.1565,0.934,0.9516,0.01787,0.4082,0,0.01545,3.103,2.627,0.9062,2.783,0,0
1571,0.8161,0.6161,1,1520,0,80.25,73.69,8.25e-06,0.1745,0.9309,0.9464,0.01905,0.4157,0,0.01553,3.289,2.762,0.9356,2.786,0,0
1572,0.7353,0.5357,0.9978,1773,0,80.25,67.58,8.25e-06,0.1474,0.9357,0.956,0.01788,0.4122,0,0.01835,3.225,2.753,0.9365,2.919,0,0
1573,0.9117,0.7188,0.9844,2577,0.004464,80.25,116.3,8.24e-06,0.07083,0.9643,0.9837,0.008255,0.4124,0,0.02714,2.435,2.282,0.6989,0.9711,-0.01961,0
1574,0.8508,0.6562,0.9933,2562,0.004464,80.25,86.36,8.24e-06,0.06446,0.9652,0.9852,0.008248,0.3498,0,0.02213,2.272,2.116,0.595,1.28,-0.02079,0
1575,0.6316,0.442,0.9821,2975,0.008929,80.25,94.5,8.24e-06,0.05565,0.9624,0.9871,0.008768,0.3333,0,0.02404,3.073,2.895,0.7916,1.02,-0.03373,0
1576,0.7166,0.5268,0.9777,2517,0.01339,80.25,84.97,8.24e-06,0.06641,0.9625,0.9862,0.008425,0.3765,0,0.01627,2.665,2.496,0.7569,1.444,-0.02873,0
1577,0.5909,0.4018,0.9799,2955,0.02232,80.25,97.71,8.24e-06,0.08049,0.9539,0.9755,0.01204,0.3534,0,0.02039,3.026,2.815,0.9109,1.246,-0.03452,0
1578,0.5474,0.3571,0.9777,3169,0.01786,80.25,96.34,8.23e-06,0.06391,0.9579,0.9815,0.01036,0.3385,0,0.02045,3.068,2.876,0.9348,1.404,-0.02659,0
1579,0.6082,0.4196,0.9754,3065,0.01339,80.25,99.32,8.23e-06,0.0786,0.9532,0.9754,0.01182,0.3315,0,0.01953,3.075,2.852,0.9344,1.569,-0.0327,0
1580,0.5847,0.3929,0.9844,2901,0.008929,80.25,107.3,8.23e-06,0.05111,0.9662,0.9882,0.006974,0.3293,0,0.01859,3.904,3.754,1.05,2.882,-0.02539,0
1581,0.6397,0.442,0.9911,2569,0,80.25,88.24,8.23e-06,0.05571,0.9637,0.9869,0.007853,0.3902,0,0.01791,4.545,4.346,1.137,4.17,-0.002282,0
1582,0.7094,0.5134,0.9799,2131,0,80.25,71.94,8.23e-06,0.06589,0.9563,0.9837,0.01024,0.289,0,0.0158,3.923,3.705,1.12,3.583,0,0
1583,0.6119,0.4152,0.9888,2283,0,80.25,86.14,8.22e-06,0.05285,0.9613,0.989,0.007778,0.4121,0,0.01403,4.559,4.347,1.205,3.465,-0.005249,0
1584,0.8371,0.6384,0.9933,2470,0,80.25,72.84,8.22e-06,0.049,0.9624,0.9905,0.007012,0.3965,0,0.01663,3.767,3.595,1.121,1.847,0,0
1585,0.8592,0.6607,0.9933,2458,0,80.25,79.4,8.22e-06,0.0626,0.9537,0.9846,0.01041,0.4307,0,0.02286,3.895,3.65,1.154,2.063,-0.0008283,0
1586,0.8613,0.6652,0.9888,2583,0.004464,80.25,68.19,8.22e-06,0.05065,0.9629,0.9901,0.007175,0.4292,0,0.02059,3.398,3.244,1.037,1.931,-0.008355,0
1587,0.7644,0.567,0.9911,2642,0,80.25,86.44,8.21e-06,0.05331,0.9637,0.9873,0.007615,0.4339,0,0.01877,3.315,3.157,0.985,2.531,-0.003856,0
1588,0.8723,0.6741,0.9911,2044,0,80.25,71.57,8.21e-06,0.08007,0.9531,0.9792,0.01153,0.3044,0,0.0168,3.362,3.076,0.9797,1.863,0,0
1589,0.8424,0.6429,0.9978,1995,0,80.25,68.05,8.21e-06,0.1312,0.9315,0.9603,0.01897,0.3131,0,0.01283,4.05,3.541,1.187,2.614,0,0
1590,0.7754,0.5759,0.9978,2028,0,80.25,61.6,8.21e-06,0.125,0.9341,0.9612,0.01845,0.3997,0,0.01426,4.03,3.555,1.186,2.344,0,0
1591,0.8326,0.6339,0.9933,1893,0,80.25,78.47,8.21e-06,0.1208,0.9379,0.965,0.01725,0.3513,0,0.01868,3.404,2.997,1.006,2.226,0,0
1592,0.8267,0.6295,0.9911,2087,0,80.25,90.66,8.2e-06,0.08929,0.9514,0.9782,0.01201,0.3435,0,0.02194,4.229,3.882,1.008,1.774,-0.004778,0
1593,0.8502,0.6562,0.9888,2807,0.008929,84.91,102.6,8.2e-06,0.07884,0.95,0.9772,0.01276,0.3118,0,0.02387,2.996,2.789,0.9079,1.769,-0.01913,0
1594,0.762,0.5759,0.971,3238,0.02232,84.91,105,8.2e-06,0.07138,0.9577,0.9812,0.01039,0.3789,0,0.02477,2.493,2.318,0.7289,1.811,-0.04065,0
1595,0.6982,0.5134,0.9799,2960,0.008929,84.91,135.7,8.2e-06,0.1061,0.9458,0.9664,0.01559,0.3213,0,0.02618,2.472,2.181,0.7339,1.613,-0.05611,0
1596,0.8156,0.625,0.9911,3028,0.008929,84.91,104.5,8.2e-06,0.06844,0.9621,0.9819,0.009403,0.3821,0,0.0234,1.996,1.858,0.5464,0.384,-0.03824,0
1597,0.8647,0.6652,0.9978,1647,0,84.91,65,8.19e-06,0.1501,0.9353,0.9536,0.01916,0.391,0,0.02751,2.383,1.966,0.6857,1.478,-7.847e-05,0
1598,0.8416,0.6429,1,2399,0,84.91,95.9,8.19e-06,0.08353,0.9584,0.9742,0.0113,0.3579,0,0.02719,1.659,1.517,0.4271,1.037,-0.006433,0
1599,0.6114,0.4152,0.9978,3294,0,84.91,110.8,8.19e-06,0.05407,0.9685,0.9858,0.007819,0.4242,0,0.0291,1.585,1.499,0.3955,1.238,-0.01661,0
1600,0.7586,0.567,0.9888,2871,0.008929,84.91,97.86,8.19e-06,0.08194,0.9617,0.9794,0.009724,0.3908,0,0.02528,1.741,1.577,0.447,1.102,-0.03049,0
1601,0.7713,0.5759,0.9911,2423,0.004464,84.91,88.57,8.19e-06,0.08558,0.9592,0.9803,0.01171,0.4069,0,0.02246,1.686,1.537,0.4294,1.297,-0.01414,0
1602,0.8547,0.6563,1,1985,0,84.91,65.56,8.18e-06,0.09727,0.9584,0.9741,0.01213,0.3793,0,0.01779,1.801,1.561,0.408,0.9562,-0.00793,0
1603,0.8253,0.6295,0.9933,2288,0,84.91,83,8.18e-06,0.08949,0.9562,0.976,0.01308,0.3581,0,0.02933,1.83,1.599,0.4401,0.8386,-0.01426,0
1604,0.985,0.7857,0.9978,2163,0,84.91,65.72,8.18e-06,0.1351,0.9404,0.9603,0.0177,0.383,0,0.02798,2.325,1.913,0.6153,0.9933,-0.001393,0
1605,0.8864,0.6875,0.9978,2279,0,84.91,88.18,8.18e-06,0.1035,0.9465,0.973,0.01565,0.3895,0,0.02479,2.166,1.873,0.5896,0.8937,-0.00315,0
1606,0.8312,0.6339,0.9933,2294,0.004464,84.91,93,8.17e-06,0.06487,0.9643,0.9805,0.009917,0.3789,0,0.02367,1.521,1.415,0.3463,1.377,-0.006995,0
1607,0.8677,0.6696,1,2576,0,84.91,87.22,8.17e-06,0.06426,0.9618,0.9814,0.01027,0.39,0,0.0268,1.697,1.578,0.4276,1.573,-0.009903,0
1608,0.8823,0.6964,0.9688,2822,0.02679,84.91,93.96,8.17e-06,0.08711,0.9539,0.9744,0.01335,0.3529,0,0.02223,1.809,1.628,0.4852,1.301,-0.03918,0
1609,0.82,0.6205,0.9978,2295,0,84.91,102,8.17e-06,0.06782,0.9597,0.9821,0.01103,0.4251,0,0.02778,1.772,1.642,0.427,1.89,-0.0002463,0
1610,0.8412,0.6429,0.9933,2067,0,84.91,84.85,8.17e-06,0.07438,0.9622,0.9833,0.01024,0.3122,0,0.02697,1.64,1.519,0.384,1.84,-0.001718,0
1611,0.8905,0.692,0.9978,2285,0,84.91,92,8.16e-06,0.07675,0.9548,0.9794,0.01258,0.3243,0,0.0262,1.748,1.608,0.4566,2.038,-0.004857,0
1612,0.8201,0.6205,0.9978,2176,0,84.91,76.5,8.16e-06,0.0927,0.9516,0.972,0.01431,0.3979,0,0.03179,1.803,1.631,0.4624,2.151,0,0
1613,0.748,0.5536,0.9933,3108,0.004464,84.91,93.82,8.16e-06,0.08343,0.9556,0.9781,0.01247,0.3268,0,0.03145,1.877,1.671,0.4854,1.57,-0.02107,0
1614,0.865,0.6741,0.9844,3423,0.008929,84.91,102.7,8.16e-06,0.06423,0.9611,0.9801,0.01077,0.3514,0,0.03193,1.584,1.484,0.4114,1.255,-0.02977,0
1615,0.9579,0.7634,0.9866,2348,0,84.91,55.99,8.16e-06,0.08202,0.9633,0.9804,0.009463,0.2853,0,0.03357,1.675,1.541,0.4142,0.6757,-0.01388,0
1616,0.8335,0.6429,0.9888,3140,0.004464,84.91,117.4,8.15e-06,0.05419,0.9647,0.9851,0.009402,0.3782,0,0.03684,1.672,1.588,0.4455,1.043,-0.03544,0
1617,0.9503,0.7589,0.9866,3360,0.008929,84.91,71.88,8.15e-06,0.05218,0.9649,0.986,0.008734,0.3546,0,0.03276,1.661,1.578,0.445,1.09,-0.02989,0
1618,0.8494,0.6518,0.9955,2331,0.004464,84.91,76.62,8.15e-06,0.08447,0.9595,0.9777,0.01174,0.4046,0,0.03068,1.745,1.584,0.4288,0.5506,-0.007466,0
1619,0.7347,0.5446,0.9821,3457,0.004464,75.28,115.5,8.15e-06,0.063,0.9658,0.9843,0.008614,0.3931,0,0.03858,1.779,1.679,0.4719,1.188,-0.03183,0
1620,0.8393,0.6518,0.9777,3719,0.01786,79.02,106.9,8.14e-06,0.04738,0.9686,0.9885,0.007272,0.3658,0,0.02822,2.156,2.067,0.5808,2.161,-0.04035,0
1621,0.6379,0.4464,0.9933,3386,0.004464,79.02,130.3,8.14e-06,0.06283,0.961,0.9829,0.01051,0.3899,0,0.02681,1.975,1.859,0.5701,2.052,-0.03604,0
1622,0.9061,0.7098,0.9844,2378,0,79.02,86.2,8.14e-06,0.08507,0.9607,0.9782,0.01117,0.2967,0,0.04392,1.586,1.451,0.3862,1.349,-0.003013,0
1623,1.02,0.8214,0.9933,2023,0,79.02,135.2,8.14e-06,0.08799,0.9645,0.9756,0.01003,0.2001,0.3571,0.02935,1.495,1.358,0.3226,1.24,-0.002404,0
1624,0.8518,0.6607,0.9933,2777,0,79.02,111,8.14e-06,0.05295,0.9703,0.988,0.007334,0.3572,0,0.03362,1.946,1.854,0.521,0.1225,-0.03801,0
1625,0.8497,0.6562,0.9821,3326,0.008929,79.02,116.1,8.13e-06,0.06222,0.9644,0.9843,0.008699,0.3808,0,0.02283,2.235,2.057,0.6723,1.127,-0.01508,0
1626,0.8026,0.6071,0.9933,3084,0.004464,79.02,101.8,8.13e-06,0.05873,0.9655,0.9831,0.008675,0.3842,0,0.03253,2.002,1.897,0.5838,0.5004,-0.0159,0
1627,0.8625,0.6652,0.9911,2358,0.004464,79.02,90.77,8.13e-06,0.07666,0.9596,0.9778,0.01151,0.2835,0,0.02533,1.656,1.532,0.4232,0.3827,-0.004464,0
1628,0.8754,0.6786,0.9911,2335,0,79.02,77.2,8.13e-06,0.1065,0.9537,0.9696,0.01288,0.2578,0,0.02595,1.799,1.615,0.4744,0.5234,-0.006705,0
1629,0.8194,0.6205,0.9978,2475,0,79.02,84.05,8.13e-06,0.1551,0.9345,0.9487,0.01906,0.3624,0,0.02225,2.694,2.216,0.8044,0.7458,-0.00325,0
1630,0.823,0.625,0.9933,2656,0,79.02,78.62,8.12e-06,0.06536,0.9605,0.9796,0.01114,0.3963,0,0.02621,1.858,1.74,0.5205,1.231,-0.00308,0
1631,0.8301,0.6339,0.9911,2615,0,79.02,113.3,8.12e-06,0.04328,0.9746,0.9909,0.006017,0.2678,0,0.02289,1.581,1.514,0.3677,0.7206,-0.01019,0
1632,0.843,0.6473,0.9866,2138,0,79.02,82.7,8.12e-06,0.08997,0.9624,0.9762,0.01019,0.2614,0,0.02023,1.792,1.59,0.4263,1.499,-0.008187,0
1633,0.8459,0.6518,0.9799,2692,0,79.02,106.4,8.12e-06,0.07379,0.9638,0.9803,0.009231,0.308,0,0.02621,1.914,1.732,0.4899,1.396,-0.009127,0
1634,0.7337,0.5491,0.971,3303,0.02679,79.02,91.6,8.11e-06,0.0556,0.9678,0.9835,0.008773,0.4066,0,0.03251,1.592,1.508,0.3926,1.369,-0.04822,0
1635,0.797,0.5982,0.9955,2702,0,79.02,77.73,8.11e-06,0.08361,0.9573,0.9749,0.01215,0.4376,0,0.02606,2.062,1.864,0.538,1.583,-0.001371,0
1636,0.8164,0.6205,0.9933,2770,0.004464,84.87,105.5,8.11e-06,0.06472,0.9658,0.9813,0.009319,0.4679,0,0.02348,1.799,1.693,0.4444,2.08,-0.01392,0
1637,0.7782,0.5804,0.9955,2655,0.004464,84.87,91.26,8.11e-06,0.06847,0.9627,0.9807,0.01018,0.4114,0,0.02454,1.772,1.658,0.455,1.719,-0.006193,0
1638,0.8985,0.7143,0.9732,3688,0.02679,84.92,107.1,8.11e-06,0.06845,0.9622,0.9823,0.009615,0.4305,0,0.03157,2.071,1.909,0.6166,1.298,-0.052,0
1639,0.8861,0.7009,0.9754,2267,0.02679,84.92,77.34,8.1e-06,0.1326,0.9545,0.9671,0.01273,0.3892,0,0.02935,1.882,1.64,0.4767,1.27,-0.04958,0
1640,0.9521,0.7634,0.9821,3345,0.01786,84.92,107.2,8.1e-06,0.06831,0.9624,0.9811,0.01075,0.3702,0,0.02499,1.897,1.74,0.511,0.6956,-0.03852,0
1641,0.8332,0.6384,0.9955,2926,0,84.92,81.59,8.1e-06,0.07604,0.9617,0.9791,0.01054,0.4003,0,0.02878,2.096,1.925,0.5669,0.8315,-0.02154,0
1642,0.6742,0.4821,0.9933,3644,0.004464,84.92,103.8,8.1e-06,0.05343,0.963,0.9835,0.009504,0.3621,0,0.02893,2.072,1.96,0.599,1.006,-0.03288,0
1643,0.6282,0.433,0.9933,3647,0,84.92,103.8,8.1e-06,0.05835,0.9637,0.9839,0.009096,0.4067,0,0.02749,2.017,1.905,0.6114,0.9252,-0.01748,0
1644,0.6928,0.5,0.9911,3485,0.004464,84.92,106.5,8.09e-06,0.05863,0.9644,0.9821,0.009311,0.3808,0,0.0307,1.858,1.752,0.514,0.8091,-0.02705,0
1645,0.6863,0.4955,0.9821,3073,0.01339,84.92,97.8,8.09e-06,0.06242,0.966,0.9845,0.008704,0.3954,0,0.03341,1.751,1.644,0.4749,0.8507,-0.02835,0
1646,0.6029,0.4062,0.9933,2622,0.004464,84.92,90.09,8.09e-06,0.1392,0.9447,0.9609,0.01662,0.3634,0,0.03116,2.336,1.917,0.6047,2.707,-0.01016,0
1647,0.7449,0.5491,0.9955,2823,0,84.92,98.84,8.09e-06,0.1485,0.9412,0.9569,0.01777,0.4147,0,0.02559,2.244,1.841,0.5985,2.337,-0.0165,0
1648,0.7488,0.5536,0.9933,2150,0.004464,84.92,82.82,8.08e-06,0.1527,0.9446,0.9573,0.01671,0.3758,0,0.0218,2.032,1.639,0.4765,2.214,-0.01722,0
1649,0.6717,0.4732,1,2529,0,84.92,105.5,8.08e-06,0.1466,0.9452,0.9606,0.01632,0.366,0,0.02256,2.174,1.755,0.5476,2.267,-0.00768,0
1650,0.7133,0.5313,0.9754,2947,0.02232,84.92,140.6,8.08e-06,0.1329,0.9558,0.9648,0.01251,0.3655,0,0.03236,1.949,1.546,0.4284,0.5216,-0.06505,0
1651,0.6739,0.4866,0.9821,2921,0.01786,84.92,90.96,8.08e-06,0.1143,0.9529,0.9679,0.01386,0.3776,0,0.02885,1.883,1.59,0.46,0.4813,-0.0458,0
1652,0.8493,0.6607,0.9799,3287,0.01786,84.92,127.2,8.08e-06,0.06272,0.9715,0.9817,0.007644,0.3168,0,0.03494,1.434,1.344,0.3081,0.6514,-0.03694,0
1653,0.7217,0.5312,0.9799,3227,0.01339,84.92,112.5,8.07e-06,0.05847,0.9688,0.9839,0.008046,0.2533,0,0.03205,1.629,1.537,0.4068,0.5216,-0.0279,0
1654,0.7948,0.5982,0.9933,2928,0,84.92,94,8.07e-06,0.06753,0.967,0.9802,0.0089,0.3333,0,0.02643,1.619,1.508,0.4049,0.6883,-0.01016,0
1655,0.5478,0.3527,0.9955,3068,0,84.92,94.01,8.07e-06,0.08079,0.9591,0.9757,0.01075,0.3309,0,0.03483,1.841,1.696,0.5396,0.7182,-0.01994,0
1656,0.7807,0.5848,0.9888,2113,0.004464,84.92,89.2,8.07e-06,0.1049,0.9586,0.971,0.01132,0.3411,0,0.02664,1.971,1.698,0.4919,1.218,-0.009391,0
1657,0.8429,0.6473,0.9911,3033,0.004464,84.92,92.65,8.07e-06,0.04663,0.9714,0.9898,0.006602,0.355,0,0.02697,1.831,1.751,0.5104,1.38,-0.01342,0
1658,0.5315,0.3616,0.9397,2906,0.04464,84.92,106.7,8.06e-06,0.04663,0.9774,0.9907,0.005077,0.2869,0,0.02769,1.591,1.523,0.358,1.255,-0.09014,0
1659,0.6736,0.4777,0.9844,2402,0,84.92,66.77,8.06e-06,0.05769,0.971,0.9867,0.006637,0.3845,0,0.02497,1.797,1.704,0.4801,1.406,-0.004953,0
1660,0.8777,0.6786,0.9955,2484,0,84.92,79.02,8.06e-06,0.05826,0.9661,0.9862,0.008452,0.4073,0,0.02347,1.787,1.688,0.489,1.003,0,0
1661,0.9386,0.7411,0.9978,2596,0,84.92,94.31,8.06e-06,0.05546,0.9675,0.9869,0.007974,0.4146,0,0.02176,1.802,1.708,0.5006,1.054,-0.01013,0
1662,0.9736,0.7768,0.9888,2185,0.004464,84.98,78.09,8.05e-06,0.1135,0.9601,0.9729,0.01044,0.4072,0,0.02385,1.91,1.712,0.511,0.9876,-0.004569,0
1663,0.7607,0.5759,0.971,2768,0.01786,84.98,77.45,8.05e-06,0.05513,0.971,0.9874,0.006979,0.4055,0,0.0292,1.736,1.648,0.467,1.094,-0.0469,0
1664,0.8429,0.6429,1,2326,0,84.98,78.98,8.05e-06,0.07146,0.9628,0.9811,0.009195,0.4252,0,0.0221,1.909,1.779,0.5424,0.819,0,0
1665,0.8383,0.6384,1,1734,0,84.98,81.94,8.05e-06,0.114,0.9506,0.971,0.01445,0.3696,0,0.02743,2.156,1.859,0.5874,0.577,-0.0002485,0
1666,0.8246,0.625,0.9978,1663,0,84.98,86.86,8.05e-06,0.1242,0.953,0.968,0.01344,0.3751,0,0.02225,2.065,1.738,0.5031,0.9216,0,0
1667,0.9134,0.7143,0.9978,1950,0,84.98,72.63,8.04e-06,0.08575,0.9614,0.9809,0.009743,0.3353,0,0.023,1.967,1.77,0.5179,1.082,-0.002016,0
1668,0.707,0.5089,0.9978,2786,0,84.98,90.51,8.04e-06,0.09419,0.9549,0.9695,0.0121,0.3648,0,0.02906,2.16,1.963,0.6342,1.706,-0.00752,0
1669,0.8319,0.6339,0.9978,2526,0,84.98,91.34,8.04e-06,0.07268,0.9656,0.9811,0.008278,0.3031,0,0.02257,1.94,1.821,0.5199,1.455,-0.007695,0
1670,0.7284,0.5357,0.9888,2402,0.004464,84.98,99.07,8.04e-06,0.07772,0.9651,0.9803,0.009183,0.2929,0,0.03053,1.65,1.529,0.4129,1.062,-0.02546,0
1671,0.7966,0.5982,0.9955,1544,0,84.98,96.51,8.03e-06,0.0859,0.9685,0.9811,0.008716,0.4027,0,0.02263,1.659,1.533,0.3397,1.237,-0.003614,0
1672,0.883,0.683,1,1417,0,84.98,75.42,8.03e-06,0.1371,0.9502,0.9604,0.01432,0.3831,0,0.02554,1.805,1.511,0.4365,0.3224,0,0
1673,0.9134,0.7143,0.9955,1567,0,84.98,56.27,8.03e-06,0.0966,0.9673,0.9737,0.008911,0.4037,0,0.02536,1.42,1.282,0.2608,0.1735,0,0
1674,0.8463,0.6473,0.9978,1831,0,84.98,88.53,8.03e-06,0.082,0.967,0.9811,0.008949,0.3776,0,0.02188,1.507,1.385,0.3204,0.6207,-0.002764,0
1675,0.7785,0.5804,1,2290,0,84.98,80.69,8.03e-06,0.07123,0.9671,0.9861,0.008488,0.4325,0,0.02606,1.717,1.592,0.423,1.201,-0.009249,0
1676,0.8295,0.6295,1,2011,0,84.98,85.79,8.02e-06,0.0851,0.9606,0.979,0.01052,0.431,0,0.02627,1.704,1.558,0.4329,1.16,0,0
1677,0.6952,0.4955,1,2020,0,84.98,77.87,8.02e-06,0.07788,0.9658,0.9823,0.009061,0.3904,0,0.02853,1.624,1.501,0.3854,1.251,-0.001478,0
1678,0.842,0.6429,0.9978,2144,0,84.98,74.91,8.02e-06,0.07056,0.9668,0.9846,0.008224,0.4083,0,0.02735,1.809,1.69,0.4714,0.9621,-0.001925,0
1679,0.747,0.5491,0.9933,2253,0,84.98,81.95,8.02e-06,0.1212,0.9522,0.9673,0.01364,0.36,0,0.02846,2.402,2.102,0.5456,0.3882,-0.003898,0
1680,0.761,0.5625,0.9933,2196,0,84.98,67.02,8.02e-06,0.09737,0.9581,0.9756,0.01121,0.2824,0,0.02649,1.899,1.658,0.4712,0.7833,-0.0009591,0
1681,0.8964,0.6964,1,1996,0,84.98,80.07,8.01e-06,0.07004,0.9675,0.985,0.007874,0.4001,0,0.02472,1.85,1.736,0.4706,0.9153,0,0
1682,0.8496,0.6518,0.9888,2233,0,84.98,71.2,8.01e-06,0.05655,0.971,0.985,0.007499,0.3125,0,0.03051,2.046,1.951,0.4087,1.065,0,0
1683,0.8317,0.6339,0.9888,1790,0,84.98,69.52,8.01e-06,0.073,0.9716,0.9833,0.007061,0.4035,0,0.03554,1.618,1.513,0.3589,1.294,0,0
1684,0.7193,0.5223,0.9955,2295,0.004464,84.98,86.06,8.01e-06,0.06277,0.9687,0.9832,0.008544,0.3865,0,0.02521,1.72,1.622,0.4287,1.055,-0.01058,0
1685,0.7919,0.5938,0.9911,1987,0,84.98,62.38,8e-06,0.05632,0.9704,0.9862,0.007438,0.3044,0,0.02082,1.844,1.751,0.4624,1.493,-0.0001591,0
1686,0.7866,0.5893,0.9866,1470,0,84.98,73.62,8e-06,0.1591,0.9472,0.9565,0.01454,0.4253,0,0.02465,2.383,1.946,0.5734,2.629,0,0
1687,0.7996,0.6027,0.9844,1692,0,84.98,63.26,8e-06,0.08256,0.9619,0.9806,0.01073,0.399,0,0.02491,2.073,1.918,0.5131,2.964,0,0
1688,0.8112,0.6161,0.9754,1839,0,84.98,52.62,8e-06,0.07119,0.966,0.9843,0.009091,0.3806,0,0.02273,2.339,2.194,0.5321,2.502,0,0
1689,0.7473,0.5491,0.9911,1985,0,84.98,73.92,8e-06,0.08626,0.9586,0.9738,0.01158,0.3869,0,0.0302,1.924,1.759,0.5082,1.584,0,0
1690,0.8763,0.6786,0.9888,1981,0,84.98,62.86,7.99e-06,0.06176,0.9667,0.9864,0.008558,0.4202,0,0.02667,2.045,1.928,0.5251,1.868,0,0
1691,0.8161,0.6161,1,2420,0,84.98,67.92,7.99e-06,0.05391,0.9694,0.9866,0.007169,0.4195,0,0.02902,1.883,1.793,0.5152,1.122,0,0
1692,0.7879,0.5893,0.9933,2284,0,84.98,75.48,7.99e-06,0.05467,0.9638,0.9862,0.009053,0.4191,0,0.02674,2.237,2.126,0.6424,1.28,0,0
1693,0.8286,0.6295,0.9955,2225,0,84.98,64.81,7.99e-06,0.04793,0.9721,0.9895,0.006691,0.4071,0,0.03349,1.629,1.558,0.4087,0.9664,0,0
1694,0.7415,0.5446,0.9844,2366,0,84.98,70.97,7.98e-06,0.05158,0.9668,0.9872,0.008172,0.3823,0,0.03151,1.9,1.809,0.558,1.037,0,0
1695,0.8866,0.6875,0.9955,2073,0,84.98,52.93,7.98e-06,0.05949,0.9696,0.9876,0.006712,0.3954,0,0.03364,2.169,2.063,0.583,1.589,0,0
1696,0.8286,0.6384,0.9754,3008,0.008929,72.89,93.02,7.98e-06,0.06083,0.9671,0.9867,0.007988,0.3505,0,0.0304,1.731,1.636,0.4579,0.8019,-0.02442,0
1697,0.9455,0.7545,0.9688,2789,0.004464,72.89,75.66,7.98e-06,0.04932,0.9762,0.9886,0.006025,0.2488,0,0.02741,1.402,1.336,0.2637,0.7164,-0.01333,0
1698,0.8615,0.6696,0.9643,2648,0,72.89,82.36,7.98e-06,0.05154,0.9739,0.9893,0.006132,0.3132,0,0.03233,1.494,1.42,0.3231,0.6824,-0.00502,0
1699,0.8792,0.6875,0.9665,2096,0,72.89,95.35,7.97e-06,0.05752,0.9759,0.9889,0.005917,0.3011,0,0.02839,1.439,1.361,0.2632,0.7443,-0.007919,0
1700,0.9198,0.7277,0.9665,2347,0,72.89,68.68,7.97e-06,0.06662,0.9685,0.9847,0.008442,0.3177,0,0.02546,1.592,1.491,0.3442,1.171,-0.005757,0
1701,0.8556,0.6607,0.9844,2706,0.004464,72.89,94.06,7.97e-06,0.0692,0.9653,0.9821,0.009394,0.3668,0,0.03761,1.685,1.577,0.4158,0.8502,-0.01006,0
1702,0.8293,0.6339,0.9821,1953,0,75.73,95.31,7.97e-06,0.07753,0.9687,0.9822,0.008263,0.4251,0,0.02906,1.545,1.433,0.3248,1.636,-0.005175,0
1703,0.8811,0.6875,0.9777,2169,0.004464,75.73,68.03,7.96e-06,0.07631,0.9701,0.983,0.007325,0.409,0,0.03179,1.59,1.479,0.3372,0.8218,-0.009781,0
1704,0.6736,0.4821,0.9777,2619,0.008929,84.89,93.28,7.96e-06,0.06255,0.9693,0.9849,0.007765,0.3544,0,0.0288,1.665,1.565,0.3733,0.824,-0.0203,0
1705,0.7824,0.5848,0.9911,2135,0,84.89,59.21,7.96e-06,0.06888,0.9675,0.9841,0.008584,0.4517,0,0.02473,1.659,1.555,0.3773,1.688,-0.002932,0
1706,0.7286,0.558,0.9487,3419,0.04018,84.9,115,7.96e-06,0.0752,0.9677,0.9822,0.00779,0.3407,0,0.02558,1.796,1.647,0.4836,0.7702,-0.09561,0
1707,0.9851,0.7902,0.9866,2011,0,84.9,56.4,7.96e-06,0.0996,0.9648,0.9739,0.009647,0.3127,0,0.02189,1.532,1.376,0.3287,0.5154,-0.01211,0
1708,0.9208,0.7277,0.9799,2463,0,84.9,93.13,7.95e-06,0.07981,0.969,0.9825,0.008313,0.2825,0,0.02581,1.755,1.589,0.4083,0.8572,-0.01413,0
1709,0.9964,0.8125,0.9598,2917,0.02679,84.92,105.4,7.95e-06,0.07321,0.9661,0.9813,0.009078,0.3783,0,0.02658,1.835,1.695,0.4732,1.192,-0.04019,0
1710,0.6927,0.5179,0.9665,3471,0.03571,84.92,105.1,7.95e-06,0.05758,0.9676,0.9858,0.008008,0.3415,0,0.02908,2.085,1.961,0.5888,1.031,-0.09212,0
1711,0.7221,0.5313,0.9799,3201,0,84.92,80.96,7.95e-06,0.05983,0.9639,0.985,0.008759,0.4065,0,0.0322,2.142,2.01,0.6444,1.089,-0.0256,0
1712,0.6726,0.4777,0.9866,3304,0.004464,84.94,92.82,7.94e-06,0.06048,0.9664,0.9832,0.00802,0.3799,0,0.03086,2.077,1.954,0.5914,0.9812,-0.01213,0
1713,0.7772,0.5804,0.9955,3146,0.004464,84.94,94.66,7.94e-06,0.04977,0.9697,0.9878,0.006999,0.3999,0,0.03175,1.981,1.878,0.5675,1.001,-0.01117,0
1714,0.7394,0.5446,0.9821,2895,0,84.94,79.51,7.94e-06,0.09441,0.9522,0.9747,0.01244,0.4249,0,0.02423,2.741,2.492,0.8189,1.561,-0.008412,0
1715,0.7994,0.6027,0.9888,2460,0,84.94,83.13,7.94e-06,0.1223,0.9484,0.9658,0.01472,0.3647,0,0.02941,2.469,2.135,0.6981,2.385,-0.005116,0
1716,0.7811,0.5848,0.9866,2217,0.004464,84.94,78.81,7.94e-06,0.1217,0.9516,0.966,0.01293,0.3879,0,0.02225,2.279,1.985,0.6397,2.013,-0.005371,0
1717,0.7328,0.5446,0.971,2415,0.02232,84.94,91.76,7.93e-06,0.1645,0.9385,0.9533,0.0184,0.4156,0,0.02616,2.519,2.056,0.6911,2.255,-0.03026,0
1718,0.9151,0.7277,0.9732,2636,0.01786,84.94,102.5,7.93e-06,0.1014,0.9569,0.9727,0.01172,0.3179,0,0.03418,1.972,1.766,0.5034,1.32,-0.03611,0
1719,0.9569,0.7768,0.9643,2916,0.02679,84.94,92.03,7.93e-06,0.07049,0.97,0.9815,0.007925,0.3297,0,0.03286,1.469,1.363,0.3012,0.3723,-0.06381,0
1720,0.9334,0.7455,0.9844,2907,0.01339,84.94,91.45,7.93e-06,0.06035,0.9725,0.9857,0.007365,0.3502,0,0.03893,1.345,1.263,0.2324,0.3748,-0.04519,0
1721,0.6902,0.5134,0.9531,3179,0.03125,84.94,98.94,7.92e-06,0.05422,0.9721,0.9879,0.007249,0.3046,0,0.03822,1.771,1.684,0.3325,0.2021,-0.06921,0
1722,0.9054,0.7188,0.9844,3521,0.01339,84.94,128.4,7.92e-06,0.06649,0.969,0.9826,0.008741,0.3238,0,0.04293,1.395,1.305,0.2649,0.3773,-0.05092,0
1723,0.6495,0.4598,0.9821,3629,0.01339,84.94,107,7.92e-06,0.09289,0.9588,0.9729,0.01177,0.2775,0,0.0505,1.567,1.423,0.3703,0.361,-0.03378,0
1724,0.6023,0.4152,0.9844,3978,0.008929,84.94,105.4,7.92e-06,0.08008,0.9632,0.9755,0.01023,0.3109,0,0.05623,1.526,1.406,0.3589,0.3894,-0.04874,0
1725,0.5853,0.3973,0.9888,4019,0.008929,84.94,107.6,7.92e-06,0.08803,0.9619,0.9727,0.01082,0.3229,0,0.04772,1.502,1.372,0.3489,0.3183,-0.04874,0
1726,0.7809,0.5982,0.9732,3420,0.02679,84.94,99.42,7.91e-06,0.05667,0.9736,0.9866,0.007263,0.4282,0,0.04442,1.294,1.222,0.1983,0.5339,-0.05967,0
1727,0.6042,0.4196,0.9643,2980,0.02232,84.94,102.6,7.91e-06,0.05716,0.9731,0.9879,0.006843,0.4372,0,0.05122,1.437,1.36,0.2713,0.7766,-0.04156,0
1728,0.5283,0.3304,0.9955,3012,0,84.94,85.49,7.91e-06,0.1033,0.9555,0.971,0.01284,0.3418,0,0.03794,1.817,1.56,0.4323,0.8044,-0.005842,0
1729,0.5796,0.3839,0.9955,2685,0.004464,84.94,96.84,7.91e-06,0.08281,0.9663,0.9759,0.009447,0.4136,0,0.03892,1.383,1.274,0.2562,0.601,-0.01714,0
1730,0.9131,0.7143,1,2684,0,84.94,84.43,7.9e-06,0.08218,0.9671,0.9812,0.009343,0.3827,0,0.04304,1.596,1.398,0.2724,0.4405,-0.005696,0
1731,0.9261,0.7277,1,3226,0,84.94,89.62,7.9e-06,0.06685,0.967,0.981,0.009566,0.3957,0,0.04707,1.413,1.32,0.2677,0.2991,-0.007819,0
1732,0.775,0.5759,1,2674,0,84.94,85.06,7.9e-06,0.08024,0.9647,0.9805,0.009358,0.3581,0,0.06432,1.434,1.322,0.27,0.33,-0.004532,0
1733,1.003,0.8036,0.9978,2602,0,84.94,92.77,7.9e-06,0.07811,0.9677,0.9814,0.009426,0.3659,0,0.03016,1.36,1.257,0.2197,0.2542,-0.002744,0
1734,0.658,0.4598,0.9911,2170,0,84.94,76.97,7.9e-06,0.1108,0.9596,0.9691,0.01076,0.3547,0,0.04404,1.501,1.349,0.2951,0.5,0,0
1735,0.8366,0.6384,0.9955,2425,0.004464,84.94,119.1,7.89e-06,0.1969,0.9426,0.9387,0.01671,0.3465,0,0.03835,1.896,1.467,0.4107,0.479,-0.004464,0
1736,0.8355,0.6384,0.9933,2441,0.004464,84.94,88.2,7.89e-06,0.1371,0.9528,0.9586,0.01342,0.3389,0,0.04835,1.636,1.384,0.3586,0.5605,-0.008015,0
1737,0.7251,0.5268,0.9978,2835,0,84.94,93.79,7.89e-06,0.1076,0.9577,0.9689,0.01175,0.361,0,0.04167,1.653,1.493,0.4084,0.9094,-0.006247,0
1738,0.7588,0.5625,0.9933,2945,0,84.94,92.46,7.89e-06,0.1373,0.9517,0.9564,0.01331,0.3348,0,0.04442,1.796,1.551,0.4719,0.6673,-0.0118,0
1739,0.8839,0.692,0.9732,2554,0.004464,84.94,78.96,7.88e-06,0.1904,0.9491,0.9463,0.01386,0.2773,0,0.04646,1.878,1.501,0.4224,0.7769,-0.01346,0
1740,0.8185,0.6205,0.9955,2656,0,84.94,106.2,7.88e-06,0.1115,0.9642,0.9681,0.01029,0.2548,0,0.04495,1.439,1.289,0.2596,0.6673,-0.005539,0
1741,0.8335,0.6339,0.9978,1277,0,84.94,81.16,7.88e-06,0.2689,0.9415,0.9311,0.01683,0.4231,0,0.03728,1.947,1.348,0.3289,0.3663,0,0
1742,0.9174,0.7188,0.9933,1416,0,84.94,61.09,7.88e-06,0.1409,0.9629,0.963,0.0104,0.364,0,0.03721,1.398,1.21,0.2058,0.2298,0,0
1743,0.6902,0.4911,0.9978,2470,0,84.94,80.99,7.88e-06,0.1388,0.9565,0.9624,0.01191,0.444,0,0.03599,1.736,1.478,0.3788,0.6269,-0.002204,0
1744,0.6738,0.4866,0.9754,2949,0.01339,84.94,112.1,7.87e-06,0.1098,0.9636,0.975,0.01014,0.3863,0,0.04488,1.617,1.442,0.3468,1.013,-0.03965,0
1745,0.784,0.5848,0.9978,2383,0,84.94,93.89,7.87e-06,0.1104,0.9647,0.9755,0.009637,0.3774,0,0.0308,1.566,1.398,0.318,0.9986,-0.001672,0
1746,0.8092,0.6116,0.9933,2815,0,84.94,87.15,7.87e-06,0.1119,0.9638,0.9756,0.009998,0.4157,0,0.04845,1.569,1.396,0.3313,0.9396,-0.005138,0
1747,0.7524,0.558,0.9888,2609,0.008929,84.94,94.7,7.87e-06,0.1031,0.9645,0.975,0.009807,0.3964,0,0.04151,1.514,1.369,0.314,0.8464,-0.01724,0
1748,0.7714,0.5714,1,2270,0,84.94,79.67,7.86e-06,0.1222,0.9631,0.9673,0.01024,0.3678,0,0.04058,1.692,1.472,0.3395,0.5807,-6.975e-05,0
1749,0.9656,0.7723,0.9821,2365,0.01339,84.94,96.91,7.86e-06,0.08188,0.9702,0.9809,0.008315,0.3832,0,0.03366,1.546,1.433,0.2605,1.471,-0.01569,0
1750,1.075,0.875,1,1936,0,84.94,62.42,7.86e-06,0.1322,0.957,0.9643,0.01184,0.3284,0,0.03564,1.592,1.372,0.3307,0.7956,0,0
1751,0.7795,0.5848,0.9911,2610,0.004464,84.94,90.62,7.86e-06,0.1104,0.9598,0.9641,0.01031,0.4669,0,0.03942,1.785,1.603,0.4561,0.9087,-0.01764,0
1752,0.8295,0.6295,1,2297,0,84.94,66.35,7.85e-06,0.09269,0.9621,0.9759,0.01037,0.405,0,0.04469,1.828,1.678,0.4611,0.998,0,0
1753,0.7561,0.567,0.9866,2645,0.01339,84.94,96.68,7.85e-06,0.08164,0.9689,0.9794,0.008116,0.3984,0,0.04222,1.745,1.62,0.3922,0.8007,-0.04102,0
1754,0.7384,0.5402,0.9978,2385,0,84.94,99.85,7.85e-06,0.09747,0.9645,0.9761,0.009889,0.4397,0,0.03963,1.567,1.426,0.3199,0.896,-0.006596,0
1755,0.8906,0.692,0.9933,1554,0,84.94,39.38,7.85e-06,0.1772,0.9429,0.955,0.01674,0.3655,0,0.03203,2.175,1.788,0.5425,1.214,0,0
1756,0.7763,0.6071,0.9442,2748,0.05357,84.94,109.3,7.85e-06,0.1199,0.9643,0.97,0.009558,0.3864,0,0.02991,1.616,1.443,0.3373,1.251,-0.09824,0
1757,0.8444,0.6473,0.9933,2445,0.004464,84.94,94.21,7.84e-06,0.1318,0.9601,0.9664,0.01151,0.3836,0,0.05956,1.537,1.355,0.3095,1.217,-0.008098,0
1758,0.9308,0.7321,1,2048,0,84.94,87.2,7.84e-06,0.1285,0.9635,0.9693,0.01027,0.3828,0,0.04189,1.567,1.382,0.2843,1.413,-0.006557,0
1759,0.8556,0.6652,0.9821,2976,0.01339,84.94,96.42,7.84e-06,0.08757,0.9673,0.9815,0.008859,0.3659,0,0.04218,1.559,1.435,0.321,0.6181,-0.02991,0
1760,0.7203,0.5268,0.9732,2832,0,79.65,85.95,7.84e-06,0.0773,0.966,0.9836,0.008685,0.3719,0,0.03346,2.097,1.93,0.5792,0.6665,-0.005413,0
1761,0.6059,0.4107,0.9799,2186,0,79.65,81.47,7.83e-06,0.1502,0.962,0.9691,0.009542,0.3162,0,0.0241,1.971,1.729,0.5003,0.8481,-0.004227,0
1762,0.8232,0.625,0.9955,2400,0.004464,79.65,92.45,7.83e-06,0.09711,0.965,0.9757,0.00911,0.4409,0,0.02929,2.046,1.876,0.522,2.215,-0.004523,0
1763,0.832,0.6339,0.9955,2467,0,79.65,71.74,7.83e-06,0.1037,0.9615,0.9714,0.009614,0.4075,0,0.0383,2.366,2.149,0.6149,1.933,-0.005086,0
1764,0.7717,0.5759,0.9933,2751,0.004464,79.65,93.79,7.83e-06,0.08777,0.9639,0.9777,0.009364,0.4434,0,0.02555,2.256,2.077,0.5985,2.164,-0.01423,0
1765,0.7415,0.5446,0.9888,2430,0.004464,79.65,91.26,7.83e-06,0.08569,0.9644,0.9796,0.009298,0.492,0,0.03179,2.416,2.24,0.6367,2.772,-0.004741,0
1766,0.9324,0.7411,0.9821,2519,0.01786,79.65,97.78,7.82e-06,0.09387,0.9681,0.9749,0.007921,0.3565,0,0.02739,2.152,1.985,0.5328,1.844,-0.02548,0
1767,1.006,0.8259,0.9576,2467,0.04018,84.91,101,7.82e-06,0.1158,0.9643,0.9688,0.009265,0.3854,0,0.0325,2.001,1.766,0.5209,1.132,-0.05597,0
1768,0.9745,0.7946,0.9576,2761,0.03571,84.91,94.27,7.82e-06,0.1,0.9685,0.9729,0.007405,0.3852,0,0.02719,2.033,1.86,0.5537,0.8385,-0.05806,0
1769,0.9989,0.8125,0.9799,2764,0.01786,84.91,97.98,7.82e-06,0.1184,0.9634,0.9669,0.009284,0.3637,0,0.02821,2.059,1.826,0.5563,0.8801,-0.04801,0
1770,0.8352,0.6473,0.9754,3477,0.01339,84.91,94.65,7.81e-06,0.07321,0.9688,0.9795,0.006721,0.406,0,0.032,2.483,2.313,0.7429,1.302,-0.03598,0
1771,0.6465,0.4554,0.9888,3329,0.004464,84.91,95.14,7.81e-06,0.06522,0.9674,0.9839,0.007622,0.4181,0,0.02736,2.589,2.427,0.7469,1.245,-0.03333,0
1772,0.744,0.5536,0.9866,3164,0.004464,84.91,83.5,7.81e-06,0.07824,0.9678,0.9821,0.007377,0.398,0,0.05066,2.612,2.431,0.7516,1.898,-0.03459,0
1773,0.6203,0.4375,0.9732,4017,0.01339,84.91,104.9,7.81e-06,0.05147,0.9723,0.9866,0.006343,0.3442,0,0.02728,2.736,2.601,0.7763,1.635,-0.05944,0
1774,0.6939,0.5045,0.9732,3339,0.008929,84.91,100.6,7.81e-06,0.06304,0.9682,0.9843,0.007331,0.4299,0,0.02906,2.742,2.573,0.7998,1.761,-0.02621,0
1775,0.9526,0.7589,0.9799,1989,0,84.91,88.86,7.8e-06,0.2744,0.945,0.9423,0.01507,0.3472,0,0.022,1.193e+05,40.85,0.5731,2.068,-0.0118,0
1776,0.8348,0.6384,0.9888,2280,0,84.91,90.75,7.8e-06,0.1997,0.9435,0.9434,0.01511,0.4197,0,0.02339,2.618,2.121,0.7351,2.22,-0.006893,0
1777,0.8115,0.6161,0.9866,2050,0.004464,84.91,83.72,7.8e-06,0.2077,0.9454,0.9424,0.01476,0.3671,0,0.02849,2.234,1.734,0.5574,2.273,-0.009678,0
1778,0.7734,0.5759,0.9933,1998,0,84.91,94.25,7.8e-06,0.1844,0.9506,0.9485,0.01338,0.3657,0,0.02743,2.174,1.75,0.5556,2.15,-0.005864,0
1779,0.8835,0.7232,0.9152,3500,0.07143,84.91,106.3,7.79e-06,0.06188,0.974,0.9847,0.006775,0.4428,0,0.03632,1.799,1.684,0.4546,0.8001,-0.1137,0
1780,0.8614,0.6964,0.933,4144,0.05357,84.91,106.8,7.79e-06,0.04335,0.9807,0.9904,0.004496,0.4369,0,0.03974,1.893,1.823,0.4977,0.8175,-0.108,0
1781,0.7667,0.5938,0.9509,3138,0.04464,84.91,101.1,7.79e-06,0.06848,0.9749,0.9845,0.006462,0.4486,0,0.04112,1.62,1.517,0.3769,0.7583,-0.0859,0
1782,0.7052,0.5402,0.9219,3367,0.06696,84.91,94.68,7.79e-06,0.1142,0.9648,0.965,0.009008,0.3727,0,0.03355,1.72,1.527,0.4277,1.019,-0.09657,0
1783,0.6154,0.4286,0.9777,3277,0.008929,84.91,96.56,7.78e-06,0.1054,0.9616,0.9672,0.009717,0.3399,0,0.03655,2.028,1.844,0.5822,0.5535,-0.04341,0
1784,0.6331,0.442,0.9933,3522,0,84.91,83.21,7.78e-06,0.1135,0.956,0.9637,0.01193,0.2785,0,0.03926,1.934,1.689,0.5553,0.6192,-0.03748,0
1785,0.6007,0.4107,0.9821,3882,0.008929,84.91,116,7.78e-06,0.08872,0.9612,0.9712,0.01043,0.3069,0,0.03075,1.847,1.686,0.5551,0.6438,-0.0323,0
1786,0.5569,0.3661,0.9866,3475,0.004464,84.91,103.1,7.78e-06,0.09454,0.962,0.9715,0.00983,0.2719,0,0.03729,1.956,1.79,0.5627,0.3692,-0.03242,0
1787,0.7512,0.5759,0.9464,3205,0.03571,84.91,115.7,7.78e-06,0.06098,0.974,0.987,0.006407,0.3612,0,0.03892,1.813,1.717,0.4378,0.9523,-0.06997,0
1788,0.7318,0.5357,0.9978,2032,0,84.91,77.65,7.77e-06,0.1093,0.9728,0.9783,0.007075,0.3801,0,0.02985,1.509,1.363,0.2618,0.8106,-0.01727,0
1789,0.782,0.5893,0.9777,2898,0.004464,84.91,90.18,7.77e-06,0.08887,0.9667,0.9747,0.008567,0.4245,0,0.03881,1.877,1.726,0.4724,0.9419,-0.01401,0
1790,0.8496,0.6607,0.9688,2658,0.004464,84.91,87.97,7.77e-06,0.08163,0.9745,0.9857,0.007157,0.3454,0,0.04513,1.644,1.48,0.3017,0.8878,-0.02457,0
1791,0.8607,0.6652,0.9933,2758,0,84.91,88.96,7.77e-06,0.06537,0.9735,0.9866,0.00721,0.3908,0,0.03174,1.486,1.396,0.2988,0.5419,-0.0156,0
1792,0.8768,0.6786,0.9978,2721,0,84.91,98.04,7.76e-06,0.08246,0.9666,0.9814,0.008914,0.386,0,0.04168,1.719,1.586,0.4117,0.7581,-0.006459,0
1793,0.8824,0.683,1,2746,0,84.91,96.15,7.76e-06,0.07469,0.9693,0.983,0.008117,0.3827,0,0.04775,1.593,1.481,0.3714,0.2565,-0.002969,0
1794,0.9044,0.7054,0.9955,2353,0,84.91,68.98,7.76e-06,0.1229,0.9648,0.9729,0.009857,0.3866,0,0.03977,1.523,1.35,0.3007,0.5486,-0.0002986,0
1795,0.7172,0.5179,0.9978,2127,0,84.91,66.25,7.76e-06,0.1561,0.9516,0.9559,0.01355,0.4229,0,0.03676,1.774,1.483,0.4194,1.103,-0.00116,0
1796,0.5214,0.3214,1,1682,0,84.91,73.08,7.75e-06,0.2145,0.9433,0.9389,0.01613,0.3522,0,0.03039,1.937,1.48,0.4425,0.9873,0,0
1797,0.7244,0.5268,0.9955,1963,0.004464,84.91,81.27,7.75e-06,0.212,0.9485,0.9405,0.01429,0.3351,0,0.03004,1.806,1.351,0.3631,1.311,-0.007512,0
1798,0.8318,0.6339,0.9933,2114,0,84.91,85.2,7.75e-06,0.1891,0.9459,0.9428,0.01522,0.3321,0,0.04242,1.807,1.452,0.4278,0.4417,-0.003721,0
1799,0.7015,0.5045,0.9933,3131,0,84.91,124.6,7.75e-06,0.08637,0.9711,0.9789,0.008186,0.3584,0,0.05009,1.393,1.278,0.248,0.4724,-0.008163,0
1800,0.6498,0.4509,0.9955,2438,0,84.91,72.72,7.75e-06,0.1094,0.9624,0.9736,0.0102,0.3623,0,0.03932,1.714,1.545,0.3757,0.6125,-0.0009482,0
1801,0.734,0.5357,0.9978,2239,0,84.91,87.09,7.74e-06,0.1573,0.9533,0.9536,0.01349,0.2994,0,0.03285,1.646,1.383,0.3575,0.6038,-0.006398,0
1802,0.9527,0.7545,0.9978,2651,0,84.91,92.01,7.74e-06,0.1617,0.952,0.9543,0.01404,0.32,0,0.03205,1.705,1.392,0.3839,1.237,-0.006511,0
1803,0.8811,0.683,0.9955,2149,0,84.91,86.69,7.74e-06,0.1143,0.9633,0.9667,0.009856,0.3582,0,0.03824,1.736,1.552,0.3487,0.1821,-0.005251,0
1804,0.9679,0.7679,1,1754,0,84.91,81.4,7.74e-06,0.1825,0.9544,0.946,0.01258,0.3943,0,0.04074,1.618,1.295,0.3179,0.07453,0,0
1805,0.7076,0.5089,0.9933,2656,0,84.91,81.12,7.73e-06,0.1186,0.9602,0.9689,0.01112,0.3913,0,0.04144,1.758,1.568,0.4526,1.452,0,0
1806,0.7802,0.5804,1,2240,0,84.91,81.92,7.73e-06,0.1151,0.9579,0.9694,0.01185,0.419,0,0.03108,1.988,1.779,0.548,1.569,-0.0008806,0
1807,0.7344,0.5357,0.9955,2370,0,84.91,84.08,7.73e-06,0.1132,0.9634,0.9738,0.009395,0.4265,0,0.02776,2.073,1.87,0.5841,1.735,-0.001986,0
1808,0.7482,0.5491,0.9955,1887,0,84.91,69.64,7.73e-06,0.1442,0.9519,0.9628,0.01388,0.4254,0,0.02872,2.064,1.799,0.5566,2.023,0,0
1809,0.8247,0.625,1,1983,0,84.91,68.11,7.72e-06,0.2054,0.94,0.938,0.01651,0.3925,0,0.03117,2.441,1.913,0.6666,1.115,-0.0016,0
1810,0.8051,0.6071,0.9955,2305,0.004464,84.91,82,7.72e-06,0.1334,0.95,0.9605,0.01431,0.3972,0,0.02901,2.271,1.913,0.6419,1.725,-0.00596,0
1811,1.046,0.8482,0.9911,2712,0,84.91,76.31,7.72e-06,0.1016,0.9594,0.9683,0.01127,0.3201,0,0.08957,1.98,1.768,0.5502,1.422,-0.003207,0
1812,0.7622,0.5625,1,2621,0,84.91,71.9,7.72e-06,0.1503,0.9442,0.9502,0.01628,0.3721,0,0.03065,2.596,2.2,0.741,1.61,-0.001583,0
1813,0.8241,0.625,0.9955,2581,0,84.91,76.15,7.72e-06,0.07838,0.9664,0.9765,0.008927,0.3841,0,0.03852,2.184,2.031,0.5724,2.273,0,0
1814,0.7893,0.5893,1,1832,0,84.91,65.18,7.71e-06,0.1653,0.9492,0.9488,0.01425,0.3968,0,0.02972,2.337,1.932,0.5886,1.818,0,0
1815,0.8545,0.6562,0.9911,2190,0,84.91,76.48,7.71e-06,0.07953,0.9642,0.9765,0.009758,0.3829,0,0.02799,2.242,2.08,0.5712,2.212,0,0
1816,0.8688,0.6696,0.9955,2621,0,84.91,70.28,7.71e-06,0.07961,0.9676,0.9743,0.009225,0.3597,0,0.05843,1.871,1.739,0.4457,1.795,0,0
1817,0.7558,0.558,0.9888,2354,0,84.91,91.6,7.71e-06,0.1034,0.9553,0.9694,0.01285,0.3877,0,0.06774,2.02,1.827,0.5432,2.375,0,0
1818,0.7661,0.567,0.9955,2363,0,84.91,78.76,7.7e-06,0.09975,0.9603,0.972,0.01148,0.3774,0,0.055,1.816,1.645,0.4299,2.443,0,0
1819,0.7799,0.5804,0.9978,1925,0,84.91,68.59,7.7e-06,0.1064,0.9596,0.9718,0.01133,0.4112,0,0.03753,1.884,1.699,0.4457,2.374,0,0
1820,0.8018,0.6027,0.9978,2320,0,84.91,89.87,7.7e-06,0.09685,0.9599,0.9746,0.01156,0.4201,0,0.04067,2.072,1.893,0.5272,2.404,-0.002123,0
1821,0.9538,0.7545,0.9978,2748,0,84.91,77.77,7.7e-06,0.08986,0.9623,0.9731,0.01116,0.3764,0,0.04469,1.502,1.376,0.3201,0.9449,-0.001094,0
1822,0.7347,0.5446,0.9777,3138,0.01786,75.38,112,7.69e-06,0.05877,0.9658,0.9828,0.008279,0.4018,0,0.0312,2.576,2.446,0.8183,0.4501,-0.02746,0
1823,0.9489,0.7545,0.9799,2061,0,75.38,86.6,7.69e-06,0.1141,0.9559,0.9669,0.0118,0.2547,0,0.01665,2.596,2.26,0.7644,2.368,-0.007695,0
1824,0.668,0.4732,0.9799,2372,0,75.38,89.1,7.69e-06,0.119,0.9514,0.9654,0.01282,0.3319,0,0.02257,3.057,2.661,0.9727,1.658,-0.00613,0
1825,0.917,0.7232,0.9777,2525,0.004464,75.38,89.21,7.69e-06,0.1129,0.9551,0.967,0.01145,0.3127,0,0.02347,2.916,2.555,0.9026,2.538,-0.008717,0
1826,0.6847,0.4911,0.9821,2557,0,84.37,92.47,7.69e-06,0.08994,0.96,0.9738,0.0103,0.3669,0,0.02381,2.64,2.4,0.7674,1.832,-0.01398,0
1827,0.7365,0.5402,0.9866,2616,0,84.37,82.46,7.68e-06,0.08088,0.9717,0.983,0.00684,0.442,0,0.02673,2.146,2.013,0.577,2.694,-0.00482,0
1828,0.8869,0.6875,1,2353,0,84.37,98.17,7.68e-06,0.08284,0.9679,0.9798,0.00872,0.4121,0,0.0319,1.914,1.778,0.4754,2.378,-0.002856,0
1829,0.8541,0.6607,0.9933,3109,0.004464,84.37,119.5,7.68e-06,0.06194,0.971,0.9836,0.007525,0.4311,0,0.03128,1.957,1.852,0.5154,2.474,-0.02636,0
1830,0.8439,0.6473,0.9844,2808,0,84.37,97.95,7.68e-06,0.0657,0.9699,0.9814,0.008237,0.4253,0,0.03448,1.691,1.592,0.3924,1.921,-0.001648,0
1831,1.031,0.8393,0.9844,2433,0.008929,84.37,89.66,7.67e-06,0.1096,0.9609,0.9699,0.01145,0.3101,0,0.03093,1.748,1.511,0.392,0.373,-0.02595,0
1832,0.8552,0.6875,0.9397,3634,0.05357,84.37,117.2,7.67e-06,0.1027,0.9557,0.9662,0.01285,0.4102,0,0.02697,1.909,1.711,0.5262,0.2521,-0.101,0
1833,0.9621,0.7812,0.9754,2950,0.02232,84.91,132.8,7.67e-06,0.1869,0.9558,0.9539,0.01185,0.3475,0,0.04984,1.877,1.486,0.4305,1.071,-0.07101,0
1834,0.6278,0.4464,0.9754,4106,0.02232,84.92,118.4,7.67e-06,0.07131,0.9611,0.978,0.01016,0.414,0,0.05204,2.175,2.035,0.68,0.9649,-0.06837,0
1835,0.7565,0.5625,0.9911,3323,0.004464,84.92,92.96,7.66e-06,0.06436,0.9643,0.9825,0.009085,0.4171,0,0.08251,2.185,2.058,0.6208,1.24,-0.02095,0
1836,0.7478,0.5625,0.9732,4186,0.01339,84.92,114.2,7.66e-06,0.0653,0.961,0.9771,0.01051,0.4228,0,0.1232,2.254,2.115,0.6905,1.534,-0.04689,0
1837,0.8706,0.6741,0.9911,3545,0,84.92,87.08,7.66e-06,0.06142,0.9645,0.9809,0.00933,0.3314,0,0.03195,2.163,2.035,0.6406,1.507,-0.008837,0
1838,0.839,0.6429,0.9866,2734,0.004464,84.92,97.55,7.66e-06,0.1105,0.9531,0.9679,0.01292,0.3458,0,0.02905,2.36,2.082,0.6831,2.051,-0.005794,0
1839,0.6019,0.4062,0.9933,2937,0.004464,84.92,96.24,7.66e-06,0.154,0.9411,0.9511,0.01621,0.4035,0,0.0235,2.887,2.426,0.8759,2.358,-0.01482,0
1840,0.8365,0.6384,0.9978,2574,0,84.92,106.4,7.65e-06,0.1865,0.9364,0.945,0.0185,0.3979,0,0.0213,2.964,2.365,0.8531,2.529,-0.00739,0
1841,0.8948,0.6964,0.9955,2516,0,84.92,92.8,7.65e-06,0.1533,0.9448,0.9549,0.0152,0.3609,0,0.02695,2.729,2.298,0.803,2.344,-0.003642,0
1842,0.782,0.6071,0.9487,3275,0.04464,84.92,106.1,7.65e-06,0.0494,0.9763,0.9884,0.005431,0.4057,0,0.02829,1.95,1.865,0.544,1.001,-0.07415,0
1843,0.6563,0.4955,0.9196,3463,0.06696,84.92,104.4,7.65e-06,0.08006,0.9673,0.9817,0.008726,0.3168,0,0.02467,2.171,2.001,0.5999,0.5895,-0.1158,0
1844,0.6373,0.4732,0.9219,4150,0.07143,84.92,109.5,7.64e-06,0.04822,0.9727,0.9876,0.005888,0.4001,0,0.02406,2.297,2.192,0.704,0.7608,-0.1017,0
1845,0.7984,0.6205,0.9621,3257,0.03571,84.92,96.93,7.64e-06,0.04813,0.9778,0.9899,0.004691,0.3905,0,0.02318,1.932,1.85,0.5426,1.074,-0.07274,0
1846,0.5053,0.3214,0.9799,3709,0.01786,84.92,106.6,7.64e-06,0.06556,0.97,0.9836,0.006929,0.287,0,0.02028,2.175,2.046,0.662,1.248,-0.06058,0
1847,0.4844,0.3036,0.9754,3895,0.02232,84.92,93,7.64e-06,0.06492,0.966,0.9816,0.007748,0.2941,0,0.03945,2.482,2.32,0.813,1.181,-0.07131,0
1848,0.5059,0.317,0.9888,3668,0.008929,84.92,113.8,7.63e-06,0.09423,0.9575,0.9715,0.01071,0.3255,0,0.02619,2.632,2.344,0.8555,1.338,-0.04429,0
1849,0.6498,0.4598,0.9888,3994,0.004464,84.92,117.3,7.63e-06,0.07018,0.9643,0.9789,0.008336,0.2827,0,0.0316,2.226,2.069,0.7225,1.232,-0.03896,0
1850,0.7116,0.5179,0.9911,2947,0.008929,84.92,97.89,7.63e-06,0.0765,0.9649,0.9786,0.008431,0.4221,0,0.02453,2.363,2.172,0.7134,1.752,-0.02237,0
1851,0.7468,0.558,0.9799,2801,0.01339,84.92,103.9,7.63e-06,0.04597,0.9772,0.9913,0.005082,0.331,0,0.02646,1.805,1.73,0.4647,1.5,-0.03607,0
1852,0.766,0.5804,0.9688,2806,0.02232,84.92,97.56,7.63e-06,0.05027,0.9749,0.9896,0.005795,0.3978,0,0.02784,1.783,1.699,0.4637,1.239,-0.04032,0
1853,0.6881,0.4911,0.9933,2591,0,84.92,86.52,7.62e-06,0.06148,0.9698,0.9857,0.007003,0.377,0,0.02228,1.893,1.786,0.5227,1.506,-0.008371,0
1854,0.9263,0.7277,0.9933,2976,0,84.92,78.13,7.62e-06,0.06671,0.969,0.9848,0.007479,0.4017,0,0.02557,1.944,1.833,0.5448,0.8466,-0.0003924,0
1855,1.019,0.8214,1,3109,0,84.92,73.28,7.62e-06,0.06305,0.9677,0.9861,0.007785,0.3718,0,0.02687,1.923,1.811,0.5379,0.8674,-0.009912,0
1856,0.8774,0.6786,0.9978,3003,0,84.92,98.01,7.62e-06,0.06269,0.9679,0.9844,0.008299,0.3541,0,0.03258,1.803,1.697,0.4782,1.209,-0.003525,0
1857,0.9067,0.7098,0.9933,3088,0,84.92,92.07,7.61e-06,0.05889,0.9685,0.9865,0.007586,0.4052,0,0.03498,1.747,1.65,0.4559,0.5007,-0.009133,0
1858,0.8941,0.7054,0.9866,3311,0.008929,84.92,108.5,7.61e-06,0.07805,0.9647,0.9802,0.008783,0.401,0,0.02872,1.798,1.653,0.4729,1.141,-0.0429,0
1859,0.8384,0.6429,0.9911,2905,0.004464,84.92,85.16,7.61e-06,0.07507,0.967,0.9809,0.008272,0.321,0,0.02885,1.696,1.56,0.4083,0.8875,-0.01332,0
1860,0.7705,0.5714,0.9978,2129,0,84.92,70.54,7.61e-06,0.09134,0.9626,0.9774,0.01002,0.3855,0,0.02854,1.822,1.663,0.4516,0.5934,-0.002202,0
1861,0.8456,0.6473,1,2691,0,84.92,98.35,7.6e-06,0.1091,0.9638,0.972,0.009879,0.2976,0,0.03203,1.624,1.451,0.3687,0.8734,-0.008809,0
1862,0.7406,0.5446,0.9844,2741,0,84.92,81.27,7.6e-06,0.09017,0.9613,0.9772,0.01049,0.3462,0,0.0417,1.761,1.597,0.4349,0.7402,-0.004488,0
1863,0.7116,0.5357,0.9531,3440,0.04018,84.92,112.1,7.6e-06,0.06133,0.972,0.9858,0.007136,0.3525,0,0.0464,1.512,1.425,0.3276,0.8255,-0.07377,0
1864,0.8422,0.6473,0.9933,2899,0,84.92,85.78,7.6e-06,0.1133,0.9573,0.9724,0.01177,0.3153,0,0.02998,1.897,1.628,0.4613,1.109,-0.01907,0
1865,0.7347,0.5402,0.9933,2609,0.008929,84.92,89.43,7.59e-06,0.1028,0.9593,0.9763,0.01109,0.3149,0,0.02666,1.738,1.569,0.4237,0.7619,-0.02054,0
1866,0.7985,0.6027,0.9955,2840,0.004464,84.92,112.9,7.59e-06,0.05617,0.9745,0.987,0.006723,0.2909,0,0.04063,1.417,1.341,0.2568,0.5808,-0.0162,0
1867,0.8101,0.6339,0.9554,2747,0.04464,84.92,114.5,7.59e-06,0.06655,0.9732,0.9834,0.006629,0.3216,0,0.04056,1.491,1.396,0.315,0.1009,-0.07459,0
1868,0.8508,0.6518,1,2124,0,84.92,91.34,7.59e-06,0.08944,0.9652,0.974,0.009318,0.3664,0,0.02324,1.482,1.349,0.3151,0.02442,-0.004748,0
1869,0.667,0.4866,0.9665,3837,0.03125,84.92,115.4,7.59e-06,0.0649,0.9679,0.9856,0.007996,0.4451,0,0.03294,1.838,1.724,0.4993,1.03,-0.06431,0
1870,0.8118,0.6161,0.9911,2914,0.004464,84.92,90.76,7.58e-06,0.08381,0.9672,0.9813,0.008488,0.3897,0,0.04009,1.678,1.538,0.4126,1.08,-0.01234,0
1871,0.8083,0.6116,1,2753,0,84.92,89.32,7.58e-06,0.0988,0.9638,0.9777,0.009678,0.3845,0,0.03264,1.748,1.578,0.4277,1.13,-0.01673,0
1872,0.9161,0.7188,0.9933,2723,0,84.92,90.3,7.58e-06,0.09825,0.9665,0.9766,0.008743,0.3784,0,0.03139,1.634,1.468,0.3614,0.9546,-0.006402,0
1873,0.8906,0.692,0.9933,1875,0,84.92,74.86,7.58e-06,0.08453,0.9682,0.982,0.008537,0.3505,0,0.03074,1.569,1.447,0.333,0.5421,0,0
1874,1.026,0.8259,1,1901,0,84.92,71.61,7.57e-06,0.1495,0.9529,0.9624,0.0142,0.3398,0,0.02486,1.928,1.54,0.4033,0.5702,0,0
1875,0.9054,0.7054,1,1348,0,84.92,69.54,7.57e-06,0.1806,0.9512,0.9594,0.01402,0.3664,0,0.02716,2.014,1.592,0.423,1.256,0,0
1876,0.8047,0.6071,0.9911,2305,0,84.92,75.76,7.57e-06,0.07211,0.9699,0.9814,0.008024,0.3653,0,0.0367,1.589,1.48,0.357,1.433,-0.003287,0
1877,0.8333,0.6339,0.9978,2112,0,84.92,64.51,7.57e-06,0.05869,0.971,0.987,0.00733,0.3408,0,0.0331,1.714,1.615,0.4128,1.333,-0.0008,0
1878,0.8597,0.6607,0.9955,1848,0,84.92,72.72,7.56e-06,0.06929,0.9724,0.9842,0.007411,0.4114,0,0.03365,1.584,1.484,0.3341,1.25,-0.0005929,0
1879,0.7837,0.5848,1,2315,0,84.92,86.26,7.56e-06,0.06562,0.9716,0.9827,0.00738,0.4223,0,0.03219,1.572,1.475,0.3557,1.234,-0.005545,0
1880,0.7933,0.5938,0.9978,1604,0,84.92,78.09,7.56e-06,0.1022,0.9663,0.9758,0.009685,0.3304,0,0.02961,1.625,1.474,0.326,2.089,-0.0001548,0
1881,0.7174,0.5179,0.9978,1469,0,84.92,57.3,7.56e-06,0.1275,0.9629,0.9679,0.01004,0.3724,0,0.026,1.617,1.432,0.3242,1.609,0,0
1882,0.8558,0.6562,0.9978,1522,0,84.92,63.97,7.55e-06,0.1194,0.9595,0.9699,0.0114,0.3756,0,0.02613,1.856,1.635,0.4256,1.521,0,0
1883,0.8473,0.6473,1,1966,0,84.92,75.77,7.55e-06,0.086,0.9704,0.9832,0.007758,0.4196,0,0.02523,1.672,1.54,0.3777,0.6512,0,0
1884,0.9143,0.7143,1,2308,0,84.92,80.36,7.55e-06,0.06552,0.9737,0.9864,0.006448,0.3945,0,0.03449,1.62,1.525,0.3734,0.6561,-8.501e-05,0
1885,0.854,0.6562,0.9911,2547,0,84.96,82.12,7.55e-06,0.07132,0.964,0.9835,0.009743,0.4521,0,0.02893,2.101,1.953,0.5138,0.2582,-0.002263,0
1886,0.8946,0.6964,0.9911,1664,0,84.96,59.94,7.55e-06,0.1195,0.9615,0.9715,0.0114,0.4166,0,0.03747,1.587,1.405,0.3141,0.5676,0,0
1887,0.8919,0.692,1,1854,0,84.96,59.4,7.54e-06,0.1133,0.9683,0.9749,0.008702,0.3743,0,0.04275,1.494,1.338,0.2791,0.8206,-0.000545,0
1888,0.797,0.5982,0.9978,1771,0,84.96,63.12,7.54e-06,0.09624,0.9692,0.9777,0.009148,0.3957,0,0.02741,1.412,1.284,0.2451,0.5025,-0.004035,0
1889,0.8114,0.6116,1,1739,0,84.96,54.2,7.54e-06,0.1321,0.9645,0.9689,0.01034,0.4773,0,0.02992,1.547,1.341,0.2949,0.9361,-0.001092,0
1890,0.7078,0.5089,0.9955,1851,0,84.96,71.19,7.54e-06,0.112,0.9649,0.9734,0.009955,0.4791,0,0.02571,1.755,1.575,0.4005,1.156,-0.001157,0
1891,0.923,0.7232,1,1907,0,84.96,65.35,7.53e-06,0.1095,0.9671,0.9749,0.009001,0.4166,0,0.02845,1.56,1.364,0.2979,0.4793,-0.0008806,0
1892,0.8764,0.6786,0.9978,2451,0,84.96,90.55,7.53e-06,0.1281,0.9645,0.9675,0.009733,0.3101,0,0.05503,1.661,1.422,0.3592,0.1215,-0.00856,0
1893,1.016,0.817,1,1667,0,84.96,61.08,7.53e-06,0.136,0.965,0.9695,0.009888,0.3507,0,0.0372,1.548,1.324,0.2777,0.277,-0.004277,0
1894,0.9982,0.7991,0.9978,1860,0,84.96,69.33,7.53e-06,0.147,0.962,0.9633,0.0106,0.3864,0,0.03096,1.627,1.341,0.3041,0.1864,-0.002239,0
1895,0.9007,0.7009,1,2503,0,84.96,70.67,7.52e-06,0.1065,0.9653,0.973,0.009488,0.3967,0,0.04036,1.758,1.556,0.4241,0.4943,-0.0007433,0
1896,0.7964,0.5982,1,2505,0,84.96,75.24,7.52e-06,0.1086,0.9655,0.9754,0.008605,0.4691,0,0.03631,1.875,1.661,0.4779,0.7932,-0.00883,0
1897,0.892,0.692,1,2037,0,84.96,33.37,7.52e-06,0.09555,0.9693,0.9801,0.008147,0.3951,0,0.02881,1.778,1.625,0.4092,0.9982,0,0
1898,0.825,0.625,1,2082,0,84.96,56.42,7.52e-06,0.08666,0.9683,0.9806,0.0081,0.4447,0,0.03639,1.893,1.744,0.4782,1.636,0,0
1899,0.8115,0.6116,1,2073,0,84.96,75.99,7.51e-06,0.152,0.9553,0.9597,0.01209,0.4455,0,0.03052,2.091,1.713,0.538,0.911,-0.000497,0
1900,0.7085,0.5089,0.9978,2592,0,84.96,79.33,7.51e-06,0.06786,0.97,0.9836,0.007468,0.4513,0,0.03236,1.937,1.797,0.502,0.6321,0,0
1901,0.8737,0.6741,0.9978,1464,0,84.96,64.94,7.51e-06,0.1977,0.9524,0.9516,0.01324,0.3712,0,0.02905,2.005,1.558,0.4372,2.01,0,0
1902,0.8875,0.6875,1,1642,0,84.96,62.32,7.51e-06,0.2027,0.9483,0.9485,0.01527,0.3527,0,0.03521,2.168,1.666,0.5024,2.398,0,0
1903,0.9045,0.7054,0.9955,1489,0,84.96,73.07,7.5e-06,0.2017,0.9508,0.9515,0.01439,0.3359,0,0.0313,1.962,1.52,0.4202,2.193,0,0
1904,0.8598,0.6607,0.9955,1890,0,84.96,72.15,7.5e-06,0.1953,0.9514,0.9512,0.01384,0.3756,0,0.03071,2.059,1.584,0.4588,2.225,-0.000255,0
1905,0.7693,0.5759,0.9866,2623,0.01339,84.96,113.6,7.5e-06,0.08164,0.9765,0.9818,0.006009,0.3977,0,0.03529,1.459,1.351,0.2684,0.3573,-0.01975,0
1906,0.8761,0.6786,1,2742,0,84.96,80.76,7.5e-06,0.08296,0.9717,0.9791,0.007408,0.3598,0,0.0403,1.785,1.647,0.4313,0.3688,-0.01248,0
1907,0.8459,0.6473,0.9978,2429,0,84.96,150.1,7.5e-06,0.09887,0.9739,0.9776,0.006684,0.2406,0.3571,0.04459,1.676,1.527,0.3712,0.639,-0.004711,0
1908,0.5792,0.3795,1,2818,0,84.96,76.86,7.49e-06,0.09966,0.9647,0.9724,0.008472,0.3573,0,0.02926,2.054,1.86,0.5985,0.6348,-0.001338,0
1909,0.4785,0.2812,0.9955,2646,0.004464,84.96,82.55,7.49e-06,0.1359,0.9578,0.9593,0.01112,0.3884,0,0.03228,1.932,1.691,0.5388,0.7773,-0.009103,0
1910,0.5621,0.3661,0.9888,2325,0.004464,84.96,87.91,7.49e-06,0.1306,0.9657,0.9641,0.008305,0.3441,0,0.03189,1.886,1.669,0.4807,0.386,-0.008626,0
1911,0.8469,0.6473,0.9978,1632,0,84.96,57.7,7.49e-06,0.09172,0.9773,0.9829,0.005728,0.3982,0,0.03453,1.546,1.418,0.2614,1.284,0,0
1912,0.6896,0.4911,0.9933,1847,0,84.96,72.93,7.48e-06,0.08752,0.9763,0.9841,0.005709,0.4486,0,0.02265,2.135,1.992,0.4807,2.38,-0.0005537,0
1913,0.8308,0.6339,0.9866,1864,0,84.96,74.48,7.48e-06,0.07723,0.9767,0.9851,0.006112,0.3642,0,0.02742,1.617,1.509,0.3305,1.57,-0.00206,0
1914,0.7623,0.567,0.9888,2371,0,84.96,87.45,7.48e-06,0.06679,0.977,0.9864,0.005767,0.4027,0,0.0355,1.772,1.672,0.3957,2.059,-0.01236,0
1915,0.8283,0.6295,0.9955,2109,0,84.96,71.23,7.48e-06,0.1469,0.9565,0.9626,0.0118,0.4118,0,0.03262,2.142,1.766,0.5475,0.6769,-0.001157,0
1916,0.9848,0.7857,0.9955,2205,0,84.96,85.51,7.47e-06,0.08883,0.9683,0.9803,0.008023,0.365,0,0.0365,1.99,1.829,0.5246,1.165,0,0
1917,1.017,0.817,1,2079,0,84.96,69.14,7.47e-06,0.09966,0.9673,0.9796,0.008371,0.3625,0,0.03708,1.98,1.8,0.4891,1.047,-0.001949,0
1918,1.015,0.817,0.9978,2043,0,84.96,88.26,7.47e-06,0.08541,0.9706,0.9822,0.007527,0.3636,0,0.0246,1.831,1.696,0.4398,1.167,-0.007292,0
1919,0.7616,0.5625,0.9955,1739,0,84.96,70.02,7.47e-06,0.1818,0.9478,0.9498,0.01437,0.3228,0,0.04553,2.438,1.938,0.6234,1.604,0,0
1920,0.7625,0.5625,1,1691,0,84.96,67.41,7.46e-06,0.1933,0.9464,0.9448,0.01521,0.376,0,0.02587,2.335,1.889,0.5906,1.532,0,0
1921,0.8429,0.6429,1,1641,0,84.96,76.85,7.46e-06,0.1384,0.9577,0.9647,0.01183,0.3418,0,0.02748,2.165,1.831,0.5529,0.9184,0,0
1922,0.6986,0.5,0.9978,2242,0,84.96,82.07,7.46e-06,0.1277,0.9628,0.9703,0.00988,0.3634,0,0.02413,2.3,2.018,0.567,1.793,-0.004817,0
1923,0.8405,0.6429,0.9933,2531,0,84.96,85.45,7.46e-06,0.08557,0.968,0.9804,0.007996,0.3328,0,0.03229,2.058,1.907,0.5848,1.005,-0.00526,0
1924,0.6085,0.4107,0.9978,1859,0.004464,84.96,74.91,7.45e-06,0.1034,0.9706,0.9775,0.008186,0.3006,0,0.03387,1.788,1.631,0.4023,2.032,-0.008955,0
1925,0.6635,0.4643,0.9978,2361,0,84.96,80.46,7.45e-06,0.09337,0.9681,0.9785,0.008197,0.2915,0,0.02609,2.007,1.852,0.5583,0.7381,-0.001498,0
1926,0.9902,0.7902,1,1399,0,84.96,65.93,7.45e-06,0.1206,0.968,0.9677,0.00848,0.3452,0,0.03198,1.716,1.497,0.3168,0.3834,0,0
1927,0.8147,0.6161,0.9933,1765,0,84.96,60.49,7.45e-06,0.1021,0.9691,0.978,0.007868,0.3387,0,0.02599,1.923,1.741,0.4595,0.01289,0,0
1928,0.883,0.683,1,1598,0,84.96,58.84,7.45e-06,0.1405,0.9622,0.9637,0.009398,0.3869,0,0.02897,1.99,1.716,0.4612,0.05811,0,0
1929,0.7842,0.5893,0.9933,2868,0,84.96,89.17,7.44e-06,0.08017,0.9726,0.9791,0.006499,0.4365,0,0.0341,1.754,1.624,0.4336,1.007,-0.01852,0
1930,0.7116,0.5134,0.9955,2127,0.004464,84.96,87.58,7.44e-06,0.1212,0.9594,0.9731,0.01073,0.4143,0,0.02016,2.332,2.068,0.6418,1.957,-0.004464,0
1931,0.8136,0.6161,0.9911,2315,0,84.96,85.41,7.44e-06,0.107,0.9631,0.9769,0.009912,0.3675,0,0.02522,2.168,1.953,0.5931,2.468,-0.003529,0
1932,0.7961,0.5982,0.9955,1812,0,84.96,54.91,7.44e-06,0.2432,0.9471,0.9392,0.01324,0.3725,0,0.01893,2.362,1.796,0.6018,1.783,-0.006034,0
1933,0.8373,0.6384,0.9978,2219,0,84.96,89.13,7.43e-06,0.1376,0.9593,0.9677,0.0106,0.4205,0,0.02052,2.306,2.032,0.6209,2.429,-0.003244,0
1934,0.8935,0.6964,0.9911,1989,0.004464,84.96,79.14,7.43e-06,0.1412,0.9634,0.9678,0.009648,0.3863,0,0.02486,2.256,1.945,0.5431,0.973,-0.005545,0
1935,0.9634,0.7634,1,1748,0,84.96,60.66,7.43e-06,0.2239,0.9325,0.939,0.01918,0.3995,0,0.01859,3.197,2.411,0.9311,1.042,0,0
1936,0.8691,0.6696,1,1738,0,84.96,76.33,7.43e-06,0.1931,0.9522,0.9496,0.01246,0.3719,0,0.02349,2.134,1.674,0.513,0.9154,-0.002805,0
1937,0.967,0.7679,0.9955,2089,0,84.96,65.52,7.42e-06,0.1333,0.9553,0.962,0.01201,0.3593,0,0.02435,2.478,2.14,0.6937,1.038,0,0
1938,0.8153,0.6161,0.9978,1897,0,84.96,88.61,7.42e-06,0.08409,0.971,0.9791,0.007552,0.3982,0,0.03299,2.133,1.966,0.4954,2.049,-0.001404,0
1939,0.8424,0.6429,0.9978,1971,0,84.96,68.24,7.42e-06,0.08071,0.9752,0.9823,0.005958,0.4092,0,0.02213,2.177,2.018,0.4964,2.602,-0.0001875,0
1940,0.7616,0.5625,0.9955,2006,0,84.96,72.26,7.42e-06,0.07742,0.9689,0.9815,0.00748,0.406,0,0.02361,2.611,2.413,0.6519,2.974,0,0
1941,0.8681,0.6696,0.9978,2637,0,84.96,92.63,7.41e-06,0.06027,0.9744,0.9858,0.005722,0.3724,0,0.02252,2.699,2.546,0.6515,3.192,-0.005301,0
1942,0.6893,0.4911,0.9911,1804,0,84.96,83.39,7.41e-06,0.1104,0.9682,0.9769,0.007444,0.3813,0,0.02066,2.653,2.44,0.5996,3.492,0,0
1943,0.8652,0.6652,1,1676,0,84.96,35.52,7.41e-06,0.1239,0.9648,0.9697,0.008792,0.3917,0,0.02598,2.259,2.042,0.5328,1.955,0,0
1944,0.8004,0.6027,0.9933,1996,0,84.96,75.28,7.41e-06,0.1047,0.9667,0.9774,0.008238,0.4317,0,0.02643,2.761,2.538,0.7012,2.35,-0.004495,0
1945,0.7733,0.5759,0.9911,1966,0,84.96,77.99,7.4e-06,0.105,0.9672,0.977,0.008231,0.388,0,0.03263,2.905,2.691,0.6675,3.582,-0.003948,0
1946,0.6902,0.4911,0.9955,1739,0,84.96,85.8,7.4e-06,0.1164,0.9635,0.9724,0.0093,0.4393,0,0.02879,2.628,2.388,0.6124,3.208,0,0
1947,0.7666,0.5714,0.9978,2392,0,84.96,71.04,7.4e-06,0.08695,0.9722,0.9821,0.007075,0.368,0,0.02859,2.282,2.134,0.5529,2.055,-0.02179,0
1948,0.8462,0.6518,0.9866,2813,0.004464,84.96,88.83,7.4e-06,0.1004,0.9687,0.9739,0.007578,0.3851,0,0.02668,2.116,1.94,0.5788,1.635,-0.01475,0
1949,0.7499,0.5536,0.9978,2672,0,84.96,93.3,7.39e-06,0.06958,0.9699,0.9855,0.007144,0.4023,0,0.02444,2.755,2.587,0.7228,1.433,-0.01593,0
1950,0.7927,0.5982,0.9821,2671,0.004464,84.96,78.93,7.39e-06,0.0752,0.9723,0.9837,0.006655,0.4242,0,0.02749,1.997,1.873,0.5198,0.8793,-0.009665,0
1951,0.7532,0.558,0.9911,2708,0.004464,84.96,51.98,7.39e-06,0.1027,0.9621,0.9733,0.009917,0.3769,0,0.02375,2.505,2.259,0.6637,1.105,-0.01505,0
1952,0.8269,0.6295,0.9978,2654,0,84.96,88.15,7.39e-06,0.1783,0.9459,0.9487,0.01443,0.4121,0,0.02504,3.106,2.592,0.8687,1.185,-0.01065,0
1953,0.8412,0.6473,0.9911,3270,0.004464,84.96,101.5,7.38e-06,0.06352,0.9728,0.9852,0.006517,0.4027,0,0.02949,2.015,1.905,0.5501,1.523,-0.02154,0
1954,0.8047,0.6116,0.9888,3121,0.008929,84.96,101.4,7.38e-06,0.09094,0.9694,0.9793,0.007734,0.4162,0,0.02586,2.02,1.87,0.5452,0.3342,-0.0233,0
1955,0.9556,0.7634,0.9866,3023,0.01339,84.96,77.7,7.38e-06,0.08039,0.9715,0.9837,0.006821,0.3865,0,0.03078,1.989,1.857,0.5432,0.8673,-0.02582,0
1956,0.8735,0.6786,0.9933,2825,0.004464,84.96,86.64,7.38e-06,0.06657,0.9743,0.9862,0.006157,0.3863,0,0.03393,1.824,1.718,0.4583,0.6241,-0.01855,0
1957,0.7254,0.5268,0.9978,1778,0,84.96,119.7,7.38e-06,0.1672,0.962,0.9592,0.009538,0.2139,0.3571,0.01696,1.849,1.583,0.4227,0.5344,-0.004519,0
1958,0.5527,0.3527,1,2661,0,84.96,74.87,7.37e-06,0.1036,0.965,0.9743,0.008445,0.3827,0,0.02684,2.162,1.966,0.588,0.9165,0,0
1959,0.6114,0.4196,0.9933,2858,0.008929,84.96,102.3,7.37e-06,0.1464,0.9591,0.9593,0.01011,0.3902,0,0.02845,1.952,1.655,0.5314,0.2777,-0.03446,0
1960,0.8742,0.683,0.9866,2525,0.004464,84.96,70.05,7.37e-06,0.1051,0.9683,0.975,0.008628,0.3705,0,0.03348,1.728,1.519,0.3987,1.386,-0.0308,0
1961,0.6661,0.4732,0.9844,2583,0.004464,84.96,77.26,7.37e-06,0.1493,0.9609,0.9616,0.01062,0.422,0,0.02949,2.128,1.769,0.537,2.086,-0.01984,0
1962,1.024,0.8259,0.9955,1359,0.004464,84.98,164.2,7.36e-06,0.0795,0.9801,0.9874,0.00497,0.07847,0.7857,0.03223,1.42,1.32,0.2079,0.4785,-0.004464,0
1963,0.9951,0.8036,0.9888,3244,0.008929,84.98,93.72,7.36e-06,0.08127,0.9697,0.981,0.008287,0.3201,0,0.03705,1.689,1.565,0.4055,1.706,-0.03106,0
1964,0.8482,0.6518,0.9911,2274,0,84.98,76.69,7.36e-06,0.1101,0.9687,0.9776,0.008432,0.3488,0,0.03511,1.852,1.687,0.4155,0.7203,-0.008826,0
1965,0.8134,0.6161,0.9933,2188,0,84.98,126.4,7.36e-06,0.1205,0.9724,0.9772,0.007429,0.2078,0.4286,0.03196,1.677,1.506,0.337,0.09501,-0.006757,0
1966,0.8711,0.6741,0.9933,2029,0.004464,84.98,70.54,7.35e-06,0.1544,0.9619,0.9624,0.009311,0.3366,0,0.03539,1.84,1.571,0.4241,1.316,-0.008442,0
1967,0.6045,0.4107,0.9866,2793,0,84.98,99.96,7.35e-06,0.1315,0.9721,0.9756,0.006664,0.3613,0,0.03664,1.844,1.622,0.4088,0.3701,-0.01765,0
1968,0.6145,0.4241,0.971,3135,0.004464,84.98,91.62,7.35e-06,0.07067,0.9734,0.9851,0.006656,0.3718,0,0.03468,1.823,1.71,0.4881,0.5186,-0.01889,0
1969,0.7693,0.5714,0.9933,2453,0,84.98,94.65,7.35e-06,0.09905,0.969,0.9784,0.007963,0.4504,0,0.03367,2.23,2.04,0.5407,2.424,-0.003932,0
1970,0.7797,0.5804,1,2519,0,84.98,76.13,7.34e-06,0.09893,0.9702,0.9774,0.008065,0.4359,0,0.04271,1.798,1.633,0.4113,1.887,-0.003387,0
1971,0.7841,0.5848,0.9978,2191,0,84.98,73.58,7.34e-06,0.08757,0.9721,0.9802,0.007482,0.4775,0,0.03358,2.868,2.675,0.53,2.211,-0.00116,0
1972,0.7749,0.5759,0.9978,2470,0,84.98,78.55,7.34e-06,0.1032,0.9671,0.9762,0.008919,0.4513,0,0.03167,2.349,2.144,0.6172,2.036,-0.002627,0
1973,0.9434,0.75,0.9844,2580,0,84.98,90.25,7.34e-06,0.1217,0.9659,0.9698,0.008438,0.3955,0,0.02826,2.322,2.07,0.6216,0.2082,-0.01728,0
1974,1.041,0.8438,0.9978,2335,0,84.98,75.72,7.33e-06,0.1045,0.9721,0.974,0.007082,0.3169,0,0.03454,1.732,1.56,0.3707,0.3412,-0.01091,0
1975,0.847,0.6518,0.9933,2600,0.004464,84.98,83.3,7.33e-06,0.1414,0.9609,0.9585,0.009591,0.3479,0,0.04954,2.203,1.931,0.5574,0.5314,-0.01723,0
1976,1.009,0.8125,0.9933,2241,0.004464,84.98,88.24,7.33e-06,0.1418,0.9662,0.9648,0.008362,0.325,0,0.03624,1.826,1.587,0.4126,0.6439,-0.01208,0
1977,0.7143,0.5179,0.9844,3041,0,84.98,73.69,7.33e-06,0.09501,0.965,0.9738,0.008768,0.4194,0,0.1283,2.534,2.297,0.7528,0.6088,-0.00226,0
1978,0.6928,0.4955,0.9978,2748,0,84.98,75.08,7.32e-06,0.09821,0.9689,0.9774,0.007939,0.3642,0,0.03152,2.042,1.863,0.543,0.8408,-0.01125,0
1979,0.6876,0.4911,0.9911,3017,0.004464,84.98,95.9,7.32e-06,0.06708,0.9702,0.983,0.00726,0.404,0,0.0344,2.435,2.271,0.7178,0.8169,-0.008351,0
1980,0.6545,0.4554,0.9978,2636,0,84.98,69.75,7.32e-06,0.08682,0.9705,0.9777,0.007393,0.4259,0,0.03785,2.238,2.048,0.5942,1.178,-0.002032,0
1981,0.7603,0.5625,0.9888,2250,0,84.98,64.91,7.32e-06,0.1633,0.9599,0.9573,0.01009,0.4025,0,0.02533,2.275,1.896,0.5874,1.914,0,0
1982,0.779,0.5804,0.9933,1719,0,84.98,60.93,7.31e-06,0.2658,0.9442,0.9324,0.01455,0.364,0,0.02718,2.499,1.81,0.6318,2.619,0,0
1983,0.825,0.625,1,1630,0,84.98,76.61,7.31e-06,0.2694,0.9436,0.9307,0.01458,0.3722,0,0.03371,3.436,2.68,0.6525,2.629,0,0
1984,0.7045,0.5045,1,1881,0,84.98,63.57,7.31e-06,0.3051,0.9394,0.9163,0.01509,0.3936,0,0.03256,2.446,1.715,0.6505,2.239,0,0
1985,0.9332,0.7366,0.9955,2500,0,84.98,91.85,7.31e-06,0.294,0.9575,0.9405,0.01027,0.3685,0,0.02527,2.334,1.651,0.4812,1.664,-0.01275,0
1986,0.8876,0.6964,0.9844,2990,0.008929,84.98,115.7,7.3e-06,0.09641,0.9719,0.9767,0.006678,0.3597,0,0.03482,1.979,1.791,0.4669,0.4663,-0.02859,0
1987,0.8649,0.6696,0.9911,2786,0.004464,84.98,84.51,7.3e-06,0.07112,0.9794,0.9865,0.005238,0.3901,0,0.04138,1.469,1.374,0.2709,0.7034,-0.01454,0
1988,0.8338,0.6384,0.9955,2389,0,84.98,75.33,7.3e-06,0.08907,0.9781,0.983,0.005806,0.4042,0,0.03582,1.437,1.316,0.215,0.2975,-0.01852,0
1989,0.6698,0.4732,0.9911,2692,0,84.98,82.14,7.3e-06,0.09993,0.9723,0.9765,0.006534,0.3623,0,0.03809,2.051,1.872,0.5031,0.6467,-0.008131,0
1990,0.6255,0.4286,0.9933,3047,0,84.98,89.98,7.3e-06,0.1021,0.9673,0.9741,0.008187,0.3212,0,0.03752,1.969,1.785,0.5479,0.6825,-0.008582,0
1991,0.4857,0.2946,0.9777,3368,0.01786,84.98,100,7.29e-06,0.109,0.9657,0.9714,0.008258,0.2933,0,0.0532,2.162,1.948,0.589,0.682,-0.02263,0
1992,0.6134,0.4152,0.9978,3341,0,84.98,98.88,7.29e-06,0.104,0.9695,0.9728,0.007587,0.3113,0,0.04404,1.959,1.768,0.4863,0.6087,-0.006472,0
1993,0.8258,0.6295,0.9888,2481,0,84.98,77.69,7.29e-06,0.09046,0.9749,0.981,0.006747,0.3576,0,0.04233,1.485,1.361,0.2285,0.4316,-0.007237,0
1994,0.855,0.6562,1,2638,0,84.98,106.1,7.29e-06,0.06572,0.9799,0.9868,0.005425,0.4032,0,0.04617,1.255,1.177,0.1353,0.199,-0.006167,0
1995,0.738,0.5402,0.9978,2741,0,84.98,94.99,7.28e-06,0.0739,0.9773,0.9847,0.006065,0.4142,0,0.04499,1.308,1.217,0.1627,0.2119,-0.008902,0
1996,0.7752,0.5804,0.9911,2921,0.008929,84.98,99.23,7.28e-06,0.07127,0.978,0.9849,0.00586,0.376,0,0.0489,1.348,1.257,0.1985,0.07321,-0.01677,0
1997,0.9851,0.7857,1,2500,0,84.98,90.3,7.28e-06,0.08811,0.9758,0.9837,0.006624,0.4038,0,0.04594,1.411,1.293,0.2152,0.152,-0.00315,0
1998,0.9562,0.7589,0.9911,2484,0.004464,84.98,84.83,7.28e-06,0.08664,0.9752,0.9828,0.006994,0.4096,0,0.04027,1.353,1.243,0.1883,0.1142,-0.004791,0
1999,0.8844,0.6875,0.9933,3023,0,84.98,76.09,7.27e-06,0.08716,0.9726,0.9809,0.007806,0.4019,0,0.04872,1.386,1.272,0.2182,0.09846,-0.008767,0
2000,0.8732,0.6786,0.9911,2914,0.008929,84.98,80.39,7.27e-06,0.09619,0.9732,0.9788,0.007162,0.3969,0,0.04697,1.493,1.364,0.2614,0.3317,-0.01809,0
2001,0.8015,0.6027,1,2238,0,84.98,92.17,7.27e-06,0.1916,0.9629,0.9516,0.009138,0.3659,0,0.04168,1.635,1.243,0.2627,0.03232,-0.006001,0
2002,0.6638,0.4643,1,2054,0,84.98,73.85,7.27e-06,0.2171,0.9564,0.9472,0.01129,0.3385,0,0.05257,1.795,1.337,0.3163,0.02594,-0.002306,0
2003,0.7578,0.558,1,2651,0,84.98,98.19,7.26e-06,0.2641,0.9461,0.9255,0.014,0.3519,0,0.04714,1.78,1.279,0.3515,0.1456,-0.001155,0
2004,0.7265,0.5268,1,2697,0,84.98,98.27,7.26e-06,0.1772,0.9632,0.9544,0.009418,0.3673,0,0.07624,1.572,1.25,0.2513,1.124,-0.001273,0
2005,0.766,0.567,0.9955,2358,0,84.98,112.7,7.26e-06,0.1094,0.9757,0.9765,0.006576,0.1639,0.3571,0.03793,1.382,1.246,0.1593,0.7847,-0.0004578,0
2006,0.6339,0.4375,0.9955,3204,0,84.98,100.1,7.26e-06,0.09585,0.9736,0.9791,0.006732,0.3573,0,0.07927,1.428,1.306,0.2066,0.7176,-0.01354,0
2007,1.017,0.817,1,1385,0,84.98,85.46,7.25e-06,0.1919,0.9674,0.956,0.008526,0.2013,0.4286,0.04279,1.48,1.119,0.1411,2.101e-05,0,0
2008,0.9048,0.7054,1,2241,0,84.98,92.08,7.25e-06,0.07747,0.9808,0.9834,0.00567,0.3468,0,0.03964,1.163,1.074,0.06688,0.01922,-0.002906,0
2009,0.6461,0.4554,0.9911,3377,0.008929,84.98,111.7,7.25e-06,0.1892,0.9677,0.9634,0.008429,0.4157,0,0.05857,1.465,1.182,0.1739,0.1224,-0.03717,0
2010,0.8322,0.6339,0.9955,2511,0,84.98,38.18,7.25e-06,0.1452,0.9734,0.9718,0.007215,0.3721,0,0.04765,1.331,1.13,0.1169,0.2828,-0.004307,0
2011,0.7648,0.567,0.9978,2795,0,84.98,66.3,7.24e-06,0.137,0.9716,0.9737,0.008029,0.3947,0,0.0621,1.331,1.138,0.1234,0.219,-0.008641,0
2012,0.7538,0.5625,0.9844,3150,0.008929,84.98,104.3,7.24e-06,0.1895,0.9659,0.9646,0.008957,0.4567,0,0.06806,1.522,1.19,0.1706,0.06405,-0.02791,0
2013,0.8688,0.6741,0.9955,2896,0.004464,84.98,89.23,7.24e-06,0.1701,0.9719,0.9706,0.007424,0.3952,0,0.07352,1.386,1.13,0.1234,0.1125,-0.02221,0
2014,0.841,0.6429,1,2339,0,84.98,101.6,7.24e-06,0.2162,0.9681,0.9579,0.008338,0.2568,0.3571,0.05979,1.513,1.12,0.1297,0.02434,-0.009476,0
2015,0.9214,0.7232,0.9955,2327,0.004464,84.98,94.14,7.23e-06,0.2459,0.959,0.9468,0.01083,0.388,0,0.0469,1.814,1.177,0.193,0.7799,-0.004464,0
2016,0.7831,0.5848,0.9955,2480,0,84.98,90.56,7.23e-06,0.264,0.9607,0.9399,0.009205,0.4108,0,0.05933,1.668,1.13,0.1821,0.03,-0.004098,0
2017,0.8196,0.6205,0.9978,2751,0,84.98,85.64,7.23e-06,0.1194,0.9765,0.9736,0.006716,0.367,0,0.09397,1.229,1.085,0.08536,0.1867,-0.002648,0
2018,0.7427,0.5491,0.9955,2874,0,84.98,96.21,7.23e-06,0.1012,0.9777,0.9782,0.006403,0.3782,0,0.06441,1.212,1.091,0.08759,0.1366,-0.02747,0
2019,0.8455,0.6473,0.9978,1896,0,84.98,82.84,7.22e-06,0.1511,0.9668,0.9671,0.009595,0.3854,0,0.04484,1.504,1.209,0.1712,0.2113,-0.007006,0
2020,0.7619,0.5625,1,3024,0,84.98,126.8,7.22e-06,0.1122,0.9694,0.9733,0.008973,0.386,0,0.102,1.276,1.136,0.1286,0.2478,-0.002842,0
2021,0.7527,0.5536,0.9955,2296,0,84.98,76.93,7.22e-06,0.09409,0.9766,0.9792,0.006636,0.3167,0,0.07263,1.204,1.093,0.08824,0.2189,0,0
2022,0.8735,0.6741,0.9978,2461,0,84.98,82.21,7.22e-06,0.1169,0.9696,0.9699,0.008992,0.3698,0,0.03949,1.268,1.122,0.1292,0.4413,-0.0007063,0
2023,0.9269,0.7277,1,2423,0,84.98,81.97,7.21e-06,0.07798,0.9804,0.9824,0.005531,0.363,0,0.1079,1.182,1.09,0.08651,0.319,-0.003769,0
2024,0.838,0.6429,0.9955,3209,0,84.98,102.9,7.21e-06,0.08333,0.9764,0.9803,0.006992,0.4106,0,0.09491,1.215,1.117,0.1105,0.1137,-0.01996,0
2025,0.7149,0.5312,0.9821,3631,0.01786,84.98,110,7.21e-06,0.07884,0.9748,0.9787,0.007333,0.3426,0,0.06984,1.234,1.14,0.1431,0.2042,-0.06381,0
2026,0.9628,0.7634,1,3088,0,84.98,76.76,7.21e-06,0.0761,0.9719,0.982,0.00805,0.3777,0,0.06736,1.292,1.196,0.1714,0.2723,-0.002768,0
2027,0.8392,0.6473,0.9888,2803,0.008929,84.98,89.19,7.2e-06,0.09315,0.9749,0.9785,0.007228,0.4055,0,0.05499,1.265,1.151,0.1395,0.1905,-0.02925,0
2028,0.7861,0.5938,0.9911,3313,0.008929,84.98,114.3,7.2e-06,0.1081,0.9759,0.9771,0.006516,0.3718,0,0.05625,1.309,1.175,0.1571,0.1617,-0.02947,0
2029,0.9436,0.75,0.9955,3486,0.004464,84.98,99.67,7.2e-06,0.08826,0.9756,0.9792,0.00665,0.3544,0,0.06057,1.292,1.185,0.172,0.2193,-0.0277,0
2030,0.761,0.5625,0.9978,2693,0,79.42,76.91,7.2e-06,0.1324,0.9619,0.963,0.00974,0.313,0,0.03061,1.767,1.493,0.3944,0.8915,-0.005413,0
2031,0.7473,0.5491,0.9955,2161,0,79.42,113.9,7.19e-06,0.0974,0.9731,0.9795,0.007621,0.3863,0,0.03818,1.401,1.273,0.2194,0.05903,-0.004604,0
2032,0.8917,0.692,1,2380,0,79.42,92.17,7.19e-06,0.1012,0.9755,0.9775,0.006743,0.424,0,0.04036,1.385,1.254,0.2073,1.103,-0.001201,0
2033,0.8424,0.6429,0.9978,2284,0,79.42,83.19,7.19e-06,0.1966,0.9549,0.9482,0.0124,0.4552,0,0.0392,1.917,1.439,0.3928,1.144,-0.0001134,0
2034,0.8562,0.6562,1,2467,0,79.42,82.16,7.19e-06,0.08687,0.9764,0.9811,0.006495,0.4375,0,0.05708,1.433,1.317,0.2485,1.134,-0.000146,0
2035,0.9119,0.7143,1,1945,0,79.42,69.71,7.18e-06,0.1955,0.957,0.9467,0.01168,0.3579,0,0.02735,1.923,1.412,0.3736,0.4647,-0.01174,0
2036,0.9551,0.7589,0.9888,2360,0,81,79.33,7.18e-06,0.2828,0.9457,0.9309,0.01487,0.3385,0,0.04965,2.074,1.401,0.4091,0.3119,-0.008063,0
2037,0.8795,0.683,0.9955,2377,0,81,84.31,7.18e-06,0.205,0.9596,0.9486,0.009887,0.4043,0,0.03946,1.771,1.391,0.3706,0.6224,-0.01323,0
2038,0.8445,0.6518,0.9933,2725,0.004464,81,99.9,7.18e-06,0.2585,0.9476,0.9348,0.01416,0.3723,0,0.04027,2.123,1.514,0.4772,0.2576,-0.02965,0
2039,0.7737,0.5759,1,2793,0,81,82.32,7.17e-06,0.147,0.9615,0.9617,0.01026,0.4283,0,0.03179,1.864,1.587,0.4409,0.4435,-0.01082,0
2040,0.8159,0.6161,1,2876,0,81,84.25,7.17e-06,0.07446,0.9682,0.9787,0.008522,0.4436,0,0.03984,1.906,1.756,0.5047,0.7868,-0.0008283,0
2041,0.7516,0.5536,1,2923,0,81,88.79,7.17e-06,0.07086,0.9684,0.9819,0.008101,0.4902,0,0.0366,2.09,1.917,0.5265,0.8284,-0.009766,0
2042,0.8102,0.6116,0.9955,3015,0,81,87.08,7.17e-06,0.09502,0.9636,0.9696,0.009001,0.4463,0,0.04534,2.087,1.886,0.6243,0.9449,-0.002568,0
2043,0.8422,0.6429,0.9978,2615,0,81,77.84,7.16e-06,0.127,0.9601,0.9646,0.01066,0.403,0,0.0354,1.998,1.675,0.5074,1.796,-0.00111,0
2044,0.9431,0.7455,0.9911,1809,0,81,73.38,7.16e-06,0.1773,0.9538,0.9507,0.01299,0.3029,0,0.03695,2.056,1.563,0.442,2.631,-0.003235,0
2045,0.8335,0.6339,0.9978,2029,0,81,81.64,7.16e-06,0.2122,0.9416,0.9396,0.01678,0.3194,0,0.03044,2.392,1.759,0.5719,2.669,0,0
2046,0.863,0.6652,0.9955,2071,0,81,146.4,7.16e-06,0.1767,0.9533,0.9527,0.01335,0.2742,0.2857,0.03981,2.02,1.522,0.4362,1.325,-0.006498,0
2047,0.8543,0.6562,1,2027,0,81,86.15,7.15e-06,0.08731,0.9759,0.9781,0.006634,0.3491,0,0.03586,1.407,1.285,0.227,0.3554,-0.009912,0
2048,0.8103,0.6339,0.9598,3703,0.03571,81,107.8,7.15e-06,0.06705,0.9698,0.9813,0.007827,0.4132,0,0.02627,1.924,1.793,0.5502,0.5571,-0.07814,0
2049,0.4873,0.2902,0.9955,3006,0,81,72.43,7.15e-06,0.0948,0.9614,0.9713,0.009173,0.3093,0,0.02853,2.558,2.335,0.8146,0.8328,-0.01005,0
2050,0.5046,0.308,0.9911,3083,0.004464,81,89.81,7.15e-06,0.08905,0.9658,0.972,0.008374,0.3354,0,0.02618,2.153,1.976,0.6704,0.6888,-0.008329,0
2051,0.6371,0.4375,0.9978,2755,0,81,82.63,7.14e-06,0.09709,0.9632,0.9706,0.009173,0.3494,0,0.02746,2.18,1.968,0.6661,0.7171,0,0
2052,0.5401,0.3438,0.9888,2802,0,81,98.01,7.14e-06,0.1505,0.9488,0.9579,0.01373,0.4298,0,0.02353,2.773,2.328,0.8707,0.8494,-0.007289,0
2053,0.592,0.3929,0.9955,2033,0,81,74.01,7.14e-06,0.06825,0.9697,0.9831,0.007775,0.4479,0,0.02662,2.137,1.996,0.6256,1.409,0,0
2054,0.6621,0.4643,0.9933,2133,0.004464,81,78.71,7.14e-06,0.09692,0.9671,0.9754,0.008814,0.3732,0,0.02351,2.041,1.859,0.5456,2.01,-0.004464,0
2055,0.7844,0.5848,0.9978,2430,0,81,68.54,7.13e-06,0.07695,0.969,0.9785,0.007669,0.439,0,0.02952,1.963,1.825,0.5631,1.781,-0.0001068,0
2056,0.8783,0.6786,1,2533,0,81,77.68,7.13e-06,0.06767,0.9706,0.9823,0.007612,0.4215,0,0.03048,1.987,1.869,0.5591,1.918,-0.001205,0
2057,0.771,0.5714,1,2707,0,81,76.37,7.13e-06,0.05529,0.9722,0.986,0.006912,0.4061,0,0.02649,2.056,1.951,0.5949,1.222,-0.002069,0
2058,0.9902,0.7902,1,2372,0,81,78.36,7.13e-06,0.06436,0.971,0.9849,0.007333,0.3634,0,0.02722,1.956,1.836,0.5111,1.164,0,0
2059,0.8334,0.6339,0.9978,2461,0,81,67.56,7.12e-06,0.06295,0.9701,0.9854,0.0071,0.4513,0,0.02803,2.488,2.351,0.7559,1.093,-0.0001613,0
2060,0.958,0.7589,0.9955,1999,0,81,65.97,7.12e-06,0.1412,0.9597,0.9611,0.01034,0.361,0,0.02545,2.132,1.828,0.5347,1.142,0,0
2061,0.8094,0.6116,0.9911,1731,0,81,77.27,7.12e-06,0.2141,0.9387,0.9441,0.01894,0.3447,0,0.01775,2.813,2.111,0.7293,0.6856,-0.002058,0
2062,0.5473,0.3482,0.9955,1904,0,81,77.32,7.12e-06,0.2346,0.9405,0.9343,0.01586,0.3725,0,0.02495,2.784,2.121,0.7542,0.4766,-0.000146,0
2063,0.7164,0.5179,0.9955,1690,0,81,66.86,7.11e-06,0.1539,0.9572,0.9599,0.01275,0.3102,0,0.0291,1.88,1.501,0.4073,0.97,-0.002681,0
2064,0.762,0.5625,0.9978,2133,0,81,82.14,7.11e-06,0.1198,0.9626,0.9692,0.01038,0.3474,0,0.03574,1.894,1.636,0.4656,1.038,-0.0005014,0
2065,0.7817,0.5848,0.9911,2646,0,81,80.84,7.11e-06,0.087,0.9682,0.9767,0.008333,0.4229,0,0.03201,2.026,1.868,0.5548,1.399,-0.006803,0
2066,0.9531,0.7545,0.9933,2328,0,81,87.85,7.11e-06,0.1105,0.9622,0.9687,0.01016,0.3397,0,0.03152,1.867,1.678,0.5219,0.5204,-8.72e-06,0
2067,0.892,0.692,1,1723,0,81,73,7.1e-06,0.1307,0.9598,0.966,0.01156,0.32,0,0.02692,1.956,1.661,0.4699,0.4694,0,0
2068,0.8277,0.6295,0.9911,1851,0,81,58.91,7.1e-06,0.1346,0.9598,0.9633,0.01109,0.3959,0,0.03386,2.006,1.757,0.5079,0.02389,0,0
2069,0.917,0.7188,0.9911,1944,0,81,62.44,7.1e-06,0.1061,0.9681,0.9716,0.008371,0.4021,0,0.03039,1.838,1.642,0.4595,0.03501,0,0
2070,0.7622,0.5625,1,1877,0,81,65.49,7.1e-06,0.1204,0.9655,0.9724,0.009394,0.3722,0,0.02745,2.04,1.805,0.491,0.005111,-0.001452,0
2071,0.6442,0.4509,0.9665,2131,0,81,64.61,7.1e-06,0.08988,0.9682,0.9798,0.008063,0.4,0,0.02375,2.242,2.059,0.6372,2.042,0,0
2072,0.8045,0.6071,0.9866,1837,0,81,56.1,7.09e-06,0.153,0.9609,0.9679,0.01041,0.3572,0,0.02885,2.339,2.002,0.6263,2.378,0,0
2073,0.7656,0.567,0.9933,1949,0,81,62.67,7.09e-06,0.1098,0.964,0.9757,0.009988,0.3396,0,0.03075,2.285,2.034,0.647,2.177,0,0
2074,0.8058,0.6071,0.9933,1940,0,81,71.14,7.09e-06,0.1242,0.9607,0.9726,0.01105,0.3825,0,0.02064,2.373,2.085,0.6775,2.243,0,0
2075,0.8781,0.6786,0.9978,2458,0,81,77.96,7.09e-06,0.07669,0.9693,0.9812,0.007999,0.3596,0,0.03,2.098,1.944,0.6184,1.716,0,0
2076,0.8558,0.6562,0.9978,1531,0,81,72.14,7.08e-06,0.1513,0.9453,0.9644,0.01583,0.3664,0,0.02529,2.848,2.361,0.7956,1.456,0,0
2077,0.9478,0.75,0.9888,1358,0,81,46.19,7.08e-06,0.1761,0.9521,0.9587,0.01352,0.3831,0,0.02704,2.336,1.91,0.5933,0.8145,0,0
2078,0.7754,0.5759,0.9978,2036,0,81,56.61,7.08e-06,0.07247,0.9714,0.9824,0.007538,0.4118,0,0.02899,1.912,1.786,0.5315,1.082,0,0
2079,0.8277,0.6295,0.9911,2125,0,81,69.17,7.08e-06,0.07557,0.973,0.9831,0.006888,0.354,0,0.02641,1.809,1.683,0.4397,1.463,0,0
2080,0.8996,0.7009,0.9933,1697,0,81,57.02,7.07e-06,0.1005,0.9718,0.9755,0.007672,0.3497,0,0.03249,1.457,1.317,0.2515,0.9871,0,0
2081,0.8741,0.6741,1,1894,0,81,67.71,7.07e-06,0.08903,0.9722,0.9787,0.007123,0.3991,0,0.03256,1.661,1.518,0.3724,1.844,0,0
2082,0.8464,0.6473,0.9955,1592,0,81,56.99,7.07e-06,0.1044,0.9717,0.9783,0.007709,0.3815,0,0.02642,1.96,1.782,0.3795,2.573,0,0
2083,0.9585,0.7589,0.9978,1840,0,81,67.02,7.07e-06,0.1004,0.9711,0.9773,0.007548,0.3593,0,0.04666,1.973,1.777,0.3756,2.446,0,0
2084,0.8339,0.6339,1,1785,0,81,62.56,7.06e-06,0.1169,0.9677,0.9742,0.008377,0.4014,0,0.02818,2.078,1.87,0.4465,2.659,0,0
2085,0.8067,0.6071,0.9978,1704,0,81,57.49,7.06e-06,0.1125,0.9669,0.9725,0.00867,0.4218,0,0.03295,1.903,1.71,0.431,2.218,0,0
2086,0.8618,0.6652,0.9844,2099,0,81,71.79,7.06e-06,0.08404,0.9716,0.9811,0.007658,0.398,0,0.03162,1.662,1.535,0.3918,0.7318,-0.00104,0
2087,0.8152,0.6161,1,2190,0,81,53.74,7.06e-06,0.08745,0.9723,0.9808,0.006949,0.415,0,0.02971,1.914,1.771,0.5003,1.127,-0.004174,0
2088,0.7759,0.5759,1,1974,0,81,72.83,7.05e-06,0.08568,0.972,0.9815,0.007196,0.4072,0,0.02613,1.875,1.733,0.4795,1.244,0,0
2089,0.8071,0.6071,1,2125,0,81,46.87,7.05e-06,0.08755,0.97,0.9806,0.007585,0.4228,0,0.02208,2.131,1.966,0.5988,1.431,0,0
2090,0.7155,0.5179,0.9888,2255,0,81,73.2,7.05e-06,0.08159,0.9731,0.982,0.006712,0.4206,0,0.02833,1.835,1.708,0.4634,0.374,-0.0004381,0
2091,0.8512,0.6518,1,2267,0,81,81.5,7.04e-06,0.1128,0.9677,0.9736,0.008201,0.3741,0,0.02587,2.016,1.825,0.5434,0.6395,-0.003113,0
2092,0.9679,0.7679,1,2182,0,81,62.59,7.04e-06,0.09097,0.9732,0.9805,0.006678,0.3719,0,0.02739,2.016,1.852,0.5238,0.6091,0,0
2093,0.9813,0.7812,1,2268,0,81,73.95,7.04e-06,0.08475,0.97,0.9795,0.007475,0.3733,0,0.02182,2.114,1.958,0.5984,0.886,0,0
2094,0.8378,0.6384,1,2536,0,81,76.43,7.04e-06,0.0851,0.9709,0.9811,0.007366,0.4205,0,0.0276,2.11,1.956,0.5976,0.7801,-0.002973,0
2095,0.6138,0.4152,0.9933,1769,0,81,54.29,7.03e-06,0.1981,0.9531,0.9561,0.01237,0.3799,0,0.01872,2.459,2.037,0.6997,0.457,0,0
2096,0.6731,0.4732,1,1948,0,81,71.62,7.03e-06,0.1491,0.9698,0.9702,0.007721,0.4178,0,0.02685,1.855,1.59,0.4189,0.553,-0.0006627,0
2097,0.7804,0.5804,1,1908,0,81,59.7,7.03e-06,0.1613,0.9587,0.9624,0.0114,0.4029,0,0.02292,1.999,1.703,0.511,0.5225,0,0
2098,0.7116,0.5134,0.9955,1742,0.004464,81,72.45,7.03e-06,0.2439,0.9496,0.9498,0.014,0.41,0,0.02069,2.405,1.855,0.5863,0.4836,-0.004464,0
2099,0.7491,0.5491,1,1679,0,81,45.27,7.02e-06,0.1798,0.9575,0.9582,0.01222,0.4364,0,0.0262,2.082,1.557,0.4313,0.8677,0,0
2100,0.7268,0.5268,1,1689,0,81,60.63,7.02e-06,0.1948,0.9449,0.9491,0.01686,0.4341,0,0.03218,2.461,1.829,0.578,0.8187,0,0
2101,0.6952,0.4955,1,2190,0,81,62.65,7.02e-06,0.1252,0.9628,0.9687,0.01024,0.4459,0,0.04248,1.928,1.64,0.4737,1.365,-0.001825,0
2102,0.8652,0.6652,1,1890,0,81,57.99,7.02e-06,0.1866,0.9556,0.9541,0.01288,0.4303,0,0.03023,2.009,1.514,0.4221,0.02397,0,0
2103,0.6955,0.4955,1,1923,0,81,62.92,7.01e-06,0.1991,0.9507,0.9528,0.01387,0.4089,0,0.06858,2.46,1.835,0.5673,0.8861,0,0
2104,0.7121,0.5134,0.9933,1302,0,81,49.8,7.01e-06,0.1911,0.9499,0.9545,0.01521,0.3468,0,0.03132,2.167,1.675,0.4851,0.6414,0,0
2105,0.8295,0.6295,1,1348,0,81,60.32,7.01e-06,0.1462,0.96,0.9622,0.01143,0.4364,0,0.02959,1.601,1.382,0.301,0.3034,0,0
2106,0.9179,0.7188,0.9955,1592,0,81,82.92,7.01e-06,0.1197,0.9668,0.9698,0.009549,0.3299,0,0.02884,1.434,1.272,0.2377,0.06273,0,0
2107,0.8429,0.6429,1,1315,0,63.9,54.13,7e-06,0.1108,0.9692,0.9762,0.008176,0.3228,0,0.02429,1.776,1.581,0.418,0.2591,0,0
2108,0.8201,0.6205,0.9978,1755,0,63.9,64.42,7e-06,0.1606,0.9598,0.9642,0.01007,0.3723,0,0.02083,2.482,2.097,0.7001,0.9488,0,0
2109,0.6627,0.4643,0.9955,2037,0,63.9,103.9,7e-06,0.1112,0.9569,0.9731,0.01046,0.3393,0,0.02123,3.066,2.77,0.9742,1.275,-0.003379,0
2110,0.8593,0.6607,0.9933,1581,0,63.9,55.31,7e-06,0.1097,0.9659,0.9752,0.00929,0.3769,0,0.02141,2.038,1.827,0.5218,1.05,-0.0004316,0
2111,0.8392,0.6429,0.9821,1811,0,63.9,67.16,6.99e-06,0.1027,0.9642,0.973,0.009083,0.3575,0,0.02851,2.256,2.052,0.6707,1.298,-0.0004229,0
2112,0.6798,0.4866,0.9688,1922,0,63.9,62.53,6.99e-06,0.08599,0.9696,0.9801,0.007548,0.3751,0,0.02407,2.152,1.984,0.6295,0.7312,-0.002585,0
2113,0.6091,0.4152,0.971,1742,0,63.9,70.85,6.99e-06,0.09091,0.9703,0.9782,0.007844,0.3371,0,0.03847,1.829,1.68,0.4657,0.6151,-0.001282,0
2114,0.858,0.6607,0.9866,1722,0,63.9,74.88,6.99e-06,0.1472,0.9518,0.9606,0.01386,0.4248,0,0.02094,2.696,2.263,0.7486,2.391,-0.0001766,0
2115,0.771,0.5714,0.9978,1680,0,63.9,47.16,6.98e-06,0.09592,0.9684,0.9786,0.008256,0.4209,0,0.02214,2.197,2.001,0.5647,2.078,0,0
2116,0.8473,0.6473,1,1737,0,63.9,40.49,6.98e-06,0.09794,0.9722,0.9775,0.007095,0.4533,0,0.02664,1.971,1.795,0.4794,2.661,0,0
2117,0.7938,0.5938,1,1780,0,63.9,71.32,6.98e-06,0.094,0.9701,0.9768,0.007817,0.4311,0,0.02459,1.89,1.724,0.4688,2.088,0,0
2118,0.8464,0.6473,0.9955,1914,0,63.9,65.34,6.98e-06,0.1027,0.9721,0.9757,0.007032,0.4523,0,0.02845,1.779,1.613,0.4157,2.433,0,0
2119,0.825,0.625,1,1959,0,63.9,62.18,6.97e-06,0.135,0.9581,0.9647,0.01137,0.4165,0,0.02228,2.418,2.076,0.6729,1.479,0,0
2120,0.7705,0.5714,0.9955,2081,0,65.4,70.46,6.97e-06,0.1441,0.9587,0.9647,0.01155,0.4344,0,0.03211,2.17,1.821,0.5756,1.708,0,0
2121,0.9363,0.7366,1,2014,0,65.4,67.62,6.97e-06,0.1317,0.9543,0.9671,0.01264,0.36,0,0.02157,2.349,1.999,0.7186,0.5514,-0.001306,0
2122,0.883,0.683,1,2171,0,65.4,67.66,6.97e-06,0.1516,0.9539,0.9597,0.01379,0.3791,0,0.02619,2.066,1.69,0.535,0.2252,0,0
2123,0.7848,0.5848,1,2133,0,65.4,61.82,6.96e-06,0.1054,0.9634,0.9709,0.01005,0.4392,0,0.02789,2.106,1.838,0.5452,1.117,0,0
2124,0.7893,0.5893,1,2232,0,65.4,67.09,6.96e-06,0.08563,0.9647,0.9764,0.009241,0.4193,0,0.02875,2.286,2.062,0.589,1.113,0,0
2125,0.8161,0.6161,1,2181,0,65.4,57.81,6.96e-06,0.09035,0.9663,0.9751,0.008594,0.4108,0,0.0305,1.965,1.774,0.5095,1.381,0,0
2126,0.7714,0.5714,1,1990,0,65.4,59.55,6.96e-06,0.09343,0.9692,0.9778,0.008077,0.4556,0,0.04874,1.874,1.687,0.4625,1.549,0,0
2127,0.7176,0.5179,1,2224,0,65.4,72.96,6.95e-06,0.1277,0.951,0.962,0.01421,0.4032,0,0.0306,2.322,1.956,0.6479,2.172,-0.001336,0
2128,0.7268,0.5268,1,1483,0,65.4,50.3,6.95e-06,0.2047,0.943,0.9465,0.01683,0.3697,0,0.02131,2.486,1.928,0.6477,2.622,0,0
2129,0.7397,0.5402,0.9978,1323,0,65.4,62.09,6.95e-06,0.2299,0.944,0.9423,0.01613,0.3739,0,0.03173,2.226,1.629,0.5084,2.702,0,0
2130,0.7571,0.558,0.9955,1642,0,65.4,54.8,6.95e-06,0.2368,0.9349,0.9375,0.01975,0.4127,0,0.02179,2.905,2.135,0.738,2.663,0,0
2131,0.921,0.7232,0.9955,2038,0.004464,65.4,94.33,6.94e-06,0.1272,0.963,0.9655,0.01096,0.377,0,0.03174,1.708,1.417,0.3492,1.467,-0.006505,0
2132,0.9983,0.7991,1,1994,0,65.4,70.87,6.94e-06,0.08297,0.9765,0.9828,0.00653,0.3403,0,0.02683,1.373,1.263,0.2108,0.09437,-0.004113,0
2133,0.8139,0.6161,0.9955,2448,0.004464,84.88,85.65,6.94e-06,0.08382,0.9696,0.9803,0.007915,0.3874,0,0.03525,2.26,2.071,0.5311,0.3672,-0.006245,0
2134,0.9849,0.7857,0.9978,2250,0,84.88,66.64,6.94e-06,0.09716,0.9747,0.9788,0.006529,0.3409,0,0.03063,1.565,1.43,0.3267,0.2869,-0.00172,0
2135,0.6951,0.4955,0.9978,2629,0,84.88,68.63,6.93e-06,0.08835,0.9651,0.9752,0.009039,0.3788,0,0.03226,2.126,1.938,0.5982,0.3731,0,0
2136,0.5857,0.3884,0.9911,2452,0.004464,84.88,76.23,6.93e-06,0.1395,0.9552,0.9594,0.01212,0.3867,0,0.03829,2.319,1.959,0.6595,0.7411,-0.004464,0
2137,0.538,0.3393,0.9955,2524,0,84.88,73.83,6.93e-06,0.1096,0.9606,0.968,0.0103,0.3416,0,0.02625,2.081,1.859,0.6101,0.4209,-0.001807,0
2138,0.5648,0.3661,0.9978,2596,0,84.88,84.53,6.93e-06,0.1122,0.965,0.9688,0.008594,0.3369,0,0.03016,2.149,1.929,0.5843,0.5667,-0.004157,0
2139,0.8518,0.6518,1,1660,0,84.88,56.74,6.92e-06,0.08033,0.9759,0.9822,0.006649,0.4279,0,0.04945,1.68,1.551,0.2763,0.9216,0,0
2140,0.7313,0.5312,1,1806,0,84.88,66.68,6.92e-06,0.09788,0.9739,0.9808,0.006938,0.4407,0,0.03563,1.569,1.425,0.2887,1.109,0,0
2141,0.7491,0.5491,1,1766,0,84.88,74.03,6.92e-06,0.09434,0.9695,0.9766,0.008111,0.4621,0,0.03383,1.608,1.445,0.3169,0.6685,0,0
2142,0.7223,0.5223,1,1724,0,84.88,53.89,6.92e-06,0.08853,0.9734,0.9799,0.0072,0.4511,0,0.04143,1.639,1.508,0.3382,1.589,0,0
2143,0.7656,0.567,0.9933,2020,0,84.88,55.01,6.91e-06,0.09773,0.9666,0.9765,0.008908,0.4274,0,0.05685,1.828,1.661,0.461,1.02,0,0
2144,0.9143,0.7143,1,1972,0,84.88,82.95,6.91e-06,0.08587,0.9692,0.9812,0.008641,0.4293,0,0.03421,1.748,1.612,0.4267,1.299,0,0
2145,0.7667,0.567,1,2214,0,84.88,70.89,6.91e-06,0.1294,0.96,0.9671,0.01154,0.4156,0,0.03066,1.946,1.643,0.4692,0.7419,-0.001118,0
2146,0.6598,0.4598,1,1937,0,84.88,55.75,6.91e-06,0.1331,0.9586,0.9655,0.01139,0.3908,0,0.02864,2.078,1.77,0.5325,0.8348,0,0
2147,0.6281,0.4286,0.9978,1403,0,84.88,60.66,6.9e-06,0.2493,0.9366,0.9253,0.01755,0.3987,0,0.02346,2.512,1.874,0.6687,0.05016,0,0
2148,0.8558,0.6562,0.9978,1563,0,84.88,62.37,6.9e-06,0.1619,0.9577,0.9578,0.01175,0.3477,0,0.03068,1.909,1.567,0.4523,0.7081,0,0
2149,0.8219,0.625,0.9844,1711,0,84.88,55.4,6.9e-06,0.1178,0.9671,0.9714,0.008469,0.3599,0,0.02453,1.92,1.723,0.4687,0.4126,0,0
2150,0.7241,0.5268,0.9866,1868,0,84.88,57.21,6.9e-06,0.1173,0.9637,0.9693,0.00976,0.4123,0,0.0369,2.006,1.799,0.4967,0.5871,0,0
2151,0.7804,0.5848,0.9777,2230,0,84.88,63.77,6.89e-06,0.09931,0.9647,0.9745,0.008747,0.4273,0,0.03327,2.411,2.2,0.7389,1.611,0,0
2152,0.7625,0.567,0.9777,1945,0,84.88,64.88,6.89e-06,0.1299,0.9611,0.9665,0.01032,0.3648,0,0.02848,1.964,1.74,0.5329,0.3481,0,0
2153,0.9129,0.7143,0.9933,1453,0,84.88,44.78,6.89e-06,0.1544,0.9589,0.9566,0.01118,0.3038,0,0.039,1.724,1.446,0.3499,0.1911,0,0
2154,0.7759,0.5759,1,1656,0,84.88,57.35,6.89e-06,0.1619,0.963,0.955,0.009302,0.433,0,0.02985,1.907,1.591,0.4038,0.004379,0,0
2155,1.048,0.8482,0.9978,1360,0,84.88,92.93,6.88e-06,0.1868,0.9504,0.9468,0.01511,0.2127,0.3571,0.03812,2.022,1.552,0.4371,0.0005988,0,0
2156,0.8464,0.6473,0.9955,1900,0,84.88,57.9,6.88e-06,0.1821,0.9614,0.9609,0.009783,0.3886,0,0.02913,2.394,1.735,0.5118,1.45,0,0
2157,0.798,0.5982,1,2061,0,84.88,64.1,6.88e-06,0.1616,0.9578,0.9609,0.01071,0.374,0,0.03636,2.25,1.904,0.615,1.154,-0.0009264,0
2158,0.7223,0.5223,1,1955,0,84.88,62.63,6.88e-06,0.1192,0.9664,0.974,0.009206,0.3966,0,0.02916,1.924,1.691,0.4661,1.153,0,0
2159,0.7313,0.5313,1,1981,0,84.88,65.03,6.87e-06,0.1494,0.9496,0.9612,0.01378,0.42,0,0.03754,2.757,2.329,0.7635,1.075,0,0
2160,0.7839,0.5848,0.9955,2091,0,84.88,63.25,6.87e-06,0.1167,0.9637,0.9711,0.01066,0.3747,0,0.0314,2.071,1.754,0.5111,0.2987,0,0
2161,0.9938,0.7946,0.9955,1727,0,84.88,78.99,6.87e-06,0.1326,0.9544,0.9664,0.01282,0.3871,0,0.02793,2.479,2.114,0.6429,0.5103,0,0
2162,0.6589,0.4598,0.9955,2177,0,84.88,75.49,6.87e-06,0.07914,0.9655,0.9767,0.009169,0.3754,0,0.02894,2.217,2.057,0.5665,1.188,0,0
2163,0.8018,0.6027,0.9955,1670,0,84.88,58.44,6.86e-06,0.08092,0.972,0.9802,0.00753,0.4165,0,0.02649,1.646,1.527,0.3343,1.082,0,0
2164,0.9219,0.7232,0.9933,1961,0,84.88,58.83,6.86e-06,0.07176,0.9726,0.9806,0.007611,0.3935,0,0.03872,1.736,1.619,0.3454,1.025,0,0
2165,0.8415,0.6429,0.9933,1978,0,84.88,58.95,6.86e-06,0.0923,0.9697,0.9749,0.007977,0.4257,0,0.0332,1.9,1.725,0.4399,1.803,0,0
2166,0.9049,0.7054,0.9978,1675,0,84.88,54.75,6.86e-06,0.09435,0.9679,0.9771,0.008878,0.4206,0,0.0321,2.419,2.211,0.4836,3.764,0,0
2167,0.8786,0.6786,1,1366,0,84.88,54.39,6.85e-06,0.1781,0.9458,0.9545,0.01621,0.4332,0,0.02408,3.134,2.519,0.6678,3.631,0,0
2168,0.9527,0.7545,0.9911,1426,0,84.88,54.64,6.85e-06,0.118,0.966,0.9724,0.009455,0.3457,0,0.02924,2.449,2.18,0.4328,3.747,0,0
2169,0.7621,0.5625,0.9978,2063,0,84.88,74.47,6.85e-06,0.08529,0.9684,0.9788,0.008572,0.354,0,0.02769,2.095,1.935,0.4853,1.91,0,0
2170,0.8384,0.6384,1,2092,0,84.88,82.33,6.84e-06,0.07876,0.9716,0.9836,0.007361,0.396,0,0.03991,1.744,1.617,0.4018,0.808,0,0
2171,0.892,0.692,1,2179,0,84.88,51.01,6.84e-06,0.07209,0.972,0.9834,0.007233,0.3812,0,0.03437,1.856,1.737,0.4607,0.925,0,0
2172,0.7704,0.5714,0.9955,2282,0,84.88,61.24,6.84e-06,0.09912,0.9629,0.9699,0.009602,0.3947,0,0.02847,2.171,1.96,0.5752,1.285,-0.0008305,0
2173,0.8598,0.6607,0.9955,2437,0,84.88,73.18,6.84e-06,0.09369,0.9718,0.9785,0.006911,0.3795,0,0.04131,1.713,1.569,0.4014,0.9226,-0.0003466,0
2174,0.9719,0.7723,0.9978,2458,0,84.88,64.3,6.83e-06,0.07189,0.9715,0.9809,0.007241,0.3872,0,0.06541,1.942,1.825,0.4895,0.6599,0,0
2175,0.9223,0.7232,0.9955,2511,0,84.88,75.67,6.83e-06,0.0858,0.9668,0.9765,0.008971,0.3702,0,0.03257,1.916,1.769,0.5213,0.73,0,0
2176,0.9054,0.7054,1,2306,0,84.88,82.23,6.83e-06,0.08053,0.9696,0.979,0.008076,0.4182,0,0.05671,1.811,1.681,0.4328,1.186,0,0
2177,0.9853,0.7857,0.9978,2454,0,84.88,74.65,6.83e-06,0.06981,0.9718,0.9816,0.007136,0.3701,0,0.053,2,1.876,0.5452,1.015,0,0
2178,0.6679,0.4688,0.9955,2078,0,84.88,55.99,6.82e-06,0.09542,0.9658,0.9744,0.008491,0.4195,0,0.02596,2.27,2.087,0.6472,1.358,0,0
2179,0.8603,0.6607,0.9978,1974,0,84.88,59.55,6.82e-06,0.08708,0.9693,0.9775,0.007789,0.3819,0,0.02597,2.148,1.959,0.5506,1.744,0,0
2180,0.6768,0.4777,0.9955,1913,0,84.88,65.22,6.82e-06,0.1746,0.9489,0.9528,0.01311,0.417,0,0.01831,3.53,2.984,0.9004,1.385,0,0
2181,0.8558,0.6562,0.9978,1910,0,84.88,63.2,6.82e-06,0.1027,0.9594,0.9761,0.009752,0.3968,0,0.01882,3.845,3.51,0.9582,1.718,0,0
2182,0.6723,0.4732,0.9955,2134,0,84.88,55.41,6.81e-06,0.1133,0.9546,0.9691,0.01212,0.4174,0,0.02028,3.741,3.243,1.067,3.108,-4.142e-05,0
2183,0.7841,0.5848,0.9978,1959,0,84.88,73.47,6.81e-06,0.113,0.9505,0.9673,0.01346,0.4351,0,0.02006,4.248,3.726,1.156,2.263,-0.001349,0
2184,0.7482,0.5491,0.9955,1898,0,84.88,48.53,6.81e-06,0.08495,0.9626,0.9791,0.009648,0.4414,0,0.02196,3.725,3.397,1.029,2.949,0,0
2185,0.6596,0.4598,1,1916,0,84.88,60.54,6.81e-06,0.1024,0.956,0.9714,0.01141,0.4186,0,0.01822,4.198,3.691,1.161,3.482,-0.001258,0
2186,0.8192,0.6205,0.9933,1994,0,84.88,48.18,6.8e-06,0.07645,0.9642,0.9812,0.009142,0.4005,0,0.0173,4.497,4.152,1.127,0.9414,0,0
2187,0.7652,0.567,0.9911,2153,0,84.88,73.01,6.8e-06,0.08097,0.9623,0.9777,0.009024,0.422,0,0.01763,5.061,4.624,1.227,2.98,0,0
2188,0.7053,0.5089,0.9821,1688,0,84.88,69.6,6.8e-06,0.04991,0.9718,0.9906,0.00528,0.3786,0,0.01561,5.564,5.326,1.279,1.201,-0.0002703,0
2189,0.7429,0.5446,0.9911,1473,0,84.88,67.24,6.8e-06,0.08432,0.9617,0.9827,0.008485,0.3395,0,0.01262,6.012,5.608,1.412,2.299,0,0
2190,0.7031,0.5045,0.9933,1676,0,84.88,70.47,6.79e-06,0.05565,0.9667,0.9883,0.006452,0.3854,0,0.01376,6.867,6.526,1.485,2.51,0,0
2191,0.7763,0.5804,0.9844,1678,0.004464,84.88,69.64,6.79e-06,0.05162,0.9735,0.9901,0.004884,0.379,0,0.01162,4.93,4.722,1.242,2.185,-0.004464,0
2192,0.5717,0.375,0.9844,2037,0,84.88,75.44,6.79e-06,0.05794,0.9638,0.9865,0.007847,0.3255,0,0.01637,5.632,5.297,1.446,1.682,-0.0009896,0
2193,0.6795,0.4821,0.9866,1781,0,84.88,71.19,6.79e-06,0.05926,0.9726,0.9886,0.00565,0.3086,0,0.01725,3.816,3.636,1.071,1.725,0,0
2194,0.6834,0.4866,0.9866,1803,0,84.88,67.2,6.78e-06,0.09004,0.9602,0.9813,0.0101,0.3299,0,0.01663,4.938,4.496,1.308,1.534,-0.002557,0
2195,0.7071,0.5089,0.9911,1631,0,84.88,58.46,6.78e-06,0.08628,0.9531,0.9786,0.01129,0.3594,0,0.014,6.623,6.029,1.621,3.432,0,0
2196,0.7425,0.5446,0.9911,1918,0,84.88,77.04,6.78e-06,0.07481,0.9606,0.9813,0.008593,0.3957,0,0.01589,5.967,5.616,1.46,3.777,-0.001807,0
2197,0.7018,0.5045,0.9866,2141,0,84.88,61.44,6.78e-06,0.04882,0.9702,0.9897,0.005914,0.4246,0,0.01421,4.575,4.353,1.299,3.93,0,0
2198,0.6577,0.4598,0.9955,2048,0,84.88,60.88,6.77e-06,0.05566,0.9681,0.9893,0.006815,0.3893,0,0.01654,4.713,4.458,1.297,3.535,-0.006372,0
2199,0.7661,0.5714,0.9799,2039,0.004464,84.88,82.58,6.77e-06,0.0502,0.9722,0.99,0.005173,0.4007,0,0.02044,5.343,5.103,1.311,3.569,-0.006385,0
2200,0.654,0.4554,0.9933,2044,0,84.88,77.11,6.77e-06,0.07669,0.9605,0.9802,0.009207,0.4364,0,0.01511,6.08,5.631,1.505,3.045,-1.09e-05,0
2201,0.8243,0.625,0.9978,1951,0,84.88,50.79,6.77e-06,0.06131,0.9705,0.9878,0.005877,0.3679,0,0.02024,5.393,5.121,1.326,3.597,-0.001136,0
2202,0.7236,0.5268,0.9911,2662,0,84.88,93.39,6.76e-06,0.04708,0.9723,0.9896,0.005034,0.4316,0,0.01795,5.945,5.682,1.479,2.891,-0.007176,0
2203,0.7179,0.5179,1,2231,0,84.88,62.41,6.76e-06,0.0605,0.9681,0.9862,0.006263,0.4158,0,0.0148,5.499,5.187,1.417,3.027,-1.526e-05,0
